title,text,category,source
ՉԼ. ՊՍԺ-ի հայտացուցակը «Լիվերպուլի» դեմ,"Ֆրանսիայի չեմպիոն ՊՍԺ-ի գլխավոր մարզիչ Լուիս Էնրիկեն ներկայացրել է հայտացուցակը Չեմպիոնների լիգայի քառորդ եզրափակիչի առաջին հանդիպման համար։Չեմպիոնների լիգայի գավաթակիրը Փարիզում կընդունի Անգլիայի չեմպիոն «Լիվերպուլին»:ՊՍԺ-ի հայտացուցակից վնասվածքների պատճառով դուրս են մնացել իսպանացի կիսապաշտպան Ֆաբիան Ռուիսը եւ ֆրանսիացի հարձակվող Բրենդլի Բարկոլան:Հանդիպումը կմեկնարկի Երեւանի ժամանակով 23:00-ին:Հետևեք NEWS.am SPORT-ին Facebook-ում, Twitter և Telegram-ում",Sport,https://sport.news.am/arm/news/165600/
Ալկարասը նշել է աշխարհի լավագույն ֆուտբոլիստին եւ թենիսիստին,"Աշխարհի առաջին ռակետ, իսպանացի Կառլոս Ալկարասը նշել է լավագույններին տարբեր մարզաձեւերում, հաղորդում է  Eurosport–ը։«Աշխարհի լավագույն ֆուտբոլիստն այս պահին Կիլիան Մբապեն է։Լավագույնը բասկետբոլիստը՝ Լեբրոն Ջեյմս կամ Ստեֆեն Կարի։ Բայց ես կընտրեմ իմ ընկեր Ջիմի Բաթլերին։Ֆորմուլա–1–ում ես Ֆերնանդո Ալոնսոյի մեծ երկրպագու եմ, բայց այս պահին լավագույնը Կիմի Անտոնելին է։ Ինձ նաեւ հիացնում է Լյուիս Հեմիլթոնը։Օլիմպիական խաղերի պատմության մեջ լավագույնը Մայքլ Ֆելփսն է։ Պատմության մեջ լավագույն թենիսիստուհին Սերենա Ուիլյամսն է։ Լավագույն թենիսիստը պատմության մեջ Նովակ Ջոկովիչն է»,– ասել է Ալկարասը։Հետևեք NEWS.am SPORT-ին Facebook-ում, Twitter և Telegram-ում",Sport,https://sport.news.am/arm/news/165601/
Անտոնիո Կոնտեն՝ Իտալիայի հավաքականի գլխավոր մարզիչի հիմնական թեկնածու,"Իտալիայի չեմպիոն «Նապոլիի» գլխավոր մարզիչ Անտոնիո Կոնտեն Իտալիայի հավաքականի գլխավոր մարզիչի հիմնական թեկնածուն է, հաղորդում է La Gazzetta dello Sport–ը։ Պաշտոնը թափուր է Ջենարո Գատուզոյի հրաժարականից հետո։Կոնտեի հետ համաձայնության չհասնելու դեպքում՝ այլընտրանքային թեկնածուներն են Ռոբերտո Մանչինին եւ Մասիմիլիանո Ալեգրին։Իտալիայի ֆուտբոլի ֆեդերացիայի նախագահի ընտրությունը տեղի կունենա հունիսի 22–ին, որից հետո կնշանակվի ազգային թիմի գլխավոր մարզիչը։Կոնտեի պայմանագիրը «Նապոլիի» հետ նախատեսված է մինչեւ 2027թ. հունիս։ Նեապոլյան ակումբի նախագահ Աուրելիո Դե Լաուրենտիսն արդեն հայտարարել է, որ չի խոչընդոտի Կոնտեի նշանակմանը ազգային թիմում։Իտալիայի հավաքականը երրորդ անգամ անընդմեջ չի նվաճել աշխարհի առաջնության ուղեգիր։Հետևեք NEWS.am SPORT-ին Facebook-ում, Twitter և Telegram-ում",Sport,https://sport.news.am/arm/news/165602/
Մանուել Նոյերը կրկնեց Լիոնել Մեսիի ցուցանիշը,"Գերմանիայի չեմպիոն Մյունխենի «Բավարիայի» 40-ամյա դարպասապահ Մանուել Նոյերը կրկնեց «Բարսելոնայի» նախկին աստղ, աշխարհի չեմպիոն եւ Ամերիկայի գավաթակիր Արգենտինայի հավաքականի հարձակվող Լիոնել Մեսիի («Ինտեր Մայամի») ցուցանիշը Չեմպիոնների լիգայում։Մասնակցելով Իսպանիայի փոխչեմպիոն Մադրիդի «Ռեալի» դեմ հանդիպմանը Չեմպիոնների լիգայի քառորդ եզրափակիչում՝ Մանուել Նոյերը 136-րդ հանդիպումն անցկացրեց գլխավոր եվրագավաթային մրցաշարում։Ռեկորդակիրը «Ռեալի» նախկին դարպասապահ, իսպանացի Իկեր Կասիլյասն է, որը 149 հանդիպում է անցկացրել Չեմպիոնների լիգայում։Քառորդ եզրափակիչի առաջին խաղում «Բավարիան» «Ռեալին» հաղթել էր 2։1 հաշվով։ Նոյերը ճանաչվել էր հանդիպման լավագույն խաղացող։ Պատասխան հանդիպումը Մյունխենում տեղի կունենա ապրիլի 15-ին։Հետևեք NEWS.am SPORT-ին Facebook-ում, Twitter և Telegram-ում",Sport,https://sport.news.am/arm/news/165603/
Մբապե․ Դեռ ոչինչ վճռված չէ,"Իսպանիայի փոխչեմպիոն Մադրիդի «Ռեալի» ֆրանսիացի հարձակվող Կիլիան Մբապեն սոցիալական ցանցերում արած գրառումով արձագանքել է Չեմպիոնների լիգայի քառորդ եզրափակիչի առաջին խաղում Գերմանիայի չեմպիոն Մյունխենի «Բավարիայից» կրած 1:2 հաշվով պարտությանը։«Դեռ ոչինչ վճռված չէ»,- գրել է Մբապեն։Պատասխան հանդիպումը Մյունխենում տեղի կունենա ապրիլի 15-ին։Հետևեք NEWS.am SPORT-ին Facebook-ում, Twitter և Telegram-ում",Sport,https://sport.news.am/arm/news/165604/
ՉԼ․ ՊՍԺ-ի եւ «Լիվերպուլի» մեկնարկային կազմերը,"Ֆուտբոլի Չեմպիոնների լիգայի քառորդ եզրափակիչի առաջին խաղում Ֆրանսիայի չեմպիոն եւ Չեմպիոնների լիգայի գավաթակիր ՊՍԺ-ն կընդունի Անգլիայի չեմպիոն «Լիվերպուլին»։ Հայտնի են թիմերի մեկնարկային կազմերը։ՊՍԺ․ Սաֆոնով, Հակիմի, Մարկինյոս, Պաչո, Մենդեշ, Զաիր-Էմերի, Վիտինյա, Նեւեշ, Դուե, Դեմբելե, Կվարացխելիա։«Լիվերպուլ»․ Մամարդաշվիլի, Գոմես, Կոնատե, Վան Դեյք, Կերեզ, Գրավենբերխ, Մաք Ալիսթեր, Սոբոսլաի, Վիրց, Ֆրիմպոնգ, Էկիտիկե։Հանդիպումը կմեկնարկի Երեւանի ժամանակով 23:00-ին։Հետևեք NEWS.am SPORT-ին Facebook-ում, Twitter և Telegram-ում",Sport,https://sport.news.am/arm/news/165605/
ՉԼ․ «Բարսելոնայի» եւ «Աթլետիկոյի» մեկնարկային կազմերը,"Ֆուտբոլի Չեմպիոնների լիգայի քառորդ եզրափակիչի առաջին խաղում Իսպանիայի չեմպիոն «Բարսելոնան» տանը կմրցի Մադրիդի «Աթլետիկոյի» հետ։ Հայտնի են թիմերի մեկնարկային կազմերը։«Բարսելոնա»․ Ժ․ Գարսիա, Կուբարսի, Կանսելու, Էրիկ Գարսիա, Մարտին, Օլմո, Կունդե, Պեդրի, Ռեշֆորդ, Յամալ, Լեւանդովսկի։«Աթլետիկո»․ Մուսո, Գանցկո, Լե Նորման, Մոլինա, Ռուջերի, Կոկե, Լիորենտե, Սիմեոնե, Լուկման, Ալվարես, Գրիզման։Հանդիպումը կմեկնարկի Երեւանի ժամանակով 23:00-ին։Հետևեք NEWS.am SPORT-ին Facebook-ում, Twitter և Telegram-ում",Sport,https://sport.news.am/arm/news/165606/
ԵԼ․ «Բրագան» ու «Բետիսը» հաղթողին չպարզեցին (տեսանյութ),"Ֆուտբոլի Եվրոպայի լիգայի քառորդ եզրափակիչի առաջին խաղում պորտուգալական «Բրագան» ընդունեց իսպանական «Բետիսին»։ Գրանցվեց ոչ ոքի՝ 1:1:Եվրոպայի լիգա, քառորդ եզրափակիչ, առաջին հանդիպում«Բրագա» (Պորտուգալի) - «Բետիս» (Իսպանիա)` 1:1 (տեսանյութ)Ֆլորիան Գրիլիչ, 5 - Կուչո Էրնանդես, 62, 11մԱպրիլի 9«Բոլոնիա» (Իտալիա) - «Աստոն Վիլա» (Անգլիա)` 23:00«Պորտու» (Պորտուգալիա) - «Նոթինգեմ Ֆորեսթ» (Անգլիա)` 23:00«Ֆրայբուրգ» (Գերմանիա) - «Սելթա» (Իսպանիա)` 23:00Պատասխան հանդիպումները տեղի կունենան ապրիլի 16-ին։Հետևեք NEWS.am SPORT-ին Facebook-ում, Twitter և Telegram-ում",Sport,https://sport.news.am/arm/news/165607/
Կոնֆերենցիաների լիգա․ Օրվա հանդիպումները,"Ֆուտբոլի Կոնֆերենցիաների լիգայում ապրիլի 9-ին տեղի կունենան քառորդ եզրափակիչի առաջին հանդիպումները։«Ռայո Վալիեկանո» (Իսպանիա) - «ԱԵԿ Աթենք» (Հունաստան)` 20:45 (Երեւանի ժամանակ)«Քրիսթալ Փելաս» (Անգլիա) - «Ֆիորենտինա» (Իտալիա)՝ 23:00«Մայնց» (Գերմանիա) - «Ստրասբուրգ» (Ֆրանսիա)` 23:00«Շախտյոր Դոնեցկ» (Ուկրաինա) - «ԱԶ Ալկմար» (Նիդերլանդներ)` 23:00Պատասխան հանդիպումները տեղի կունենան ապրիլի 16-ին։Հետևեք NEWS.am SPORT-ին Facebook-ում, Twitter և Telegram-ում",Sport,https://sport.news.am/arm/news/165608/
Եվրոպայի լիգա․ Օրվա հանդիպումները,"Ֆուտբոլի Եվրոպայի լիգայում ապրիլի 9-ին կավարտվեն քառորդ եզրափակիչի առաջին հանդիպումները։Եվրոպայի լիգա, քառորդ եզրափակիչ, առաջին հանդիպում«Բոլոնիա» (Իտալիա) - «Աստոն Վիլա» (Անգլիա)` 23:00 (Երեւանի ժամանակ)«Պորտու» (Պորտուգալիա) - «Նոթինգեմ Ֆորեսթ» (Անգլիա)` 23:00«Ֆրայբուրգ» (Գերմանիա) - «Սելթա» (Իսպանիա)` 23:00Ապրիլի 8«Բրագա» (Պորտուգալի) - «Բետիս» (Իսպանիա)` 1:1Ֆլորիան Գրիլիչ, 5 - Կուչո Էրնանդես, 62, 11մՊատասխան հանդիպումները տեղի կունենան ապրիլի 16-ին։Հետևեք NEWS.am SPORT-ին Facebook-ում, Twitter և Telegram-ում",Sport,https://sport.news.am/arm/news/165609/
Մադրիդ․ Էլինա Ավանեսյանը հաղթեց աշխարհի 100-րդ ռակետին,"Մադրիդում անցկացվող թենիսի կանանց WTA-125 շարքի մրցաշարի 1/8 եզրափակիչում Հայաստանի ներկայացուցիչ Էլինա Ավանեսյանը 6:2, 6:3 հաշվով հաղթեց աշխարհի 100-րդ ռակետ, բրիտանացի Ֆրանսեսկա Ջոնսին ու դուրս եկավ քառորդ եզրափակիչ:Կիսաեզրափակիչի ուղեգրի համար Էլինա Ավանեսյանը կմրցի աշխարհի 294-րդ ռակետ, իսպանացի Մինտեգի Դել Օլմոյի հետ։1/16 եզրափակիչումԷլինա Ավանեսյանը 6:4, 7:5 հաշվով հաղթել էր աշխարհի 146-րդ ռակետ, իսպանացի Անդրեա Լազարո Գարսիային։Հետևեք NEWS.am SPORT-ին Facebook-ում, Twitter և Telegram-ում",Sport,https://sport.news.am/arm/news/165610/
Հավակնորդների մրցաշար․ 9-րդ տուրի արդյունքները,"Կիպրոսում անցկացվող շախմատի աշխարհի չեմպիոնի հավակնորդների մրցաշարում տեղի են ունեցել 9-րդ տուրի պարտիաները։Միանձնյա առաջատարը ուզբեկ Ջավոխիր Սինդարովն է, որն ունի 7 միավոր։Հավակնորդների մրցաշար, 9-րդ տուրՄատիաս Բլյուբաում (Գերմանիա) - Ջավոխիր Սինդարով (Ուզբեկստան)՝ 0,5:0,5Հիկարու Նակամուրա (ԱՄՆ) - Անդրեյ Եսիպենկո (Ռուսաստան)՝ 0,5:0,5Ֆաբիանո Կարուանա (ԱՄՆ) - Անիշ Գիրի (Նիդերլանդներ)՝ 0:1Ռամեշբաբու Պրագնանանդհա (Հնդկաստան) - Վեյ Յի (Չինաստան)՝ 0,5:0,5Հավակնորդների մրցաշարի հաղթողը տիտղոսը կվիճարկի աշխարհի չեմպիոն, հնդիկ Գուկեշ Դոմարաջուի հետ։Հետևեք NEWS.am SPORT-ին Facebook-ում, Twitter և Telegram-ում",Sport,https://sport.news.am/arm/news/165611/
"ՉԼ․ «Բարսելոնան» պարտվեց «Աթլետիկոյին», «Լիվերպուլը»՝ ՊՍԺ-ին (տեսանյութ)","Ֆուտբոլի Չեմպիոնների լիգայում քառորդ եզրափակիչի առաջին խաղում Իսպանիայի չեմպիոն եւ Լա Լիգայի ընթացիկ առաջատար «Բարսելոնան» ընդունեց Մադրիդի «Աթլետիկոյին» եւ պարտվեց 0:2 հաշվով։44-րդ րոպեին հեռացվեց «Բարսելոնայի» իսպանացի պաշտպան Պաու Կուբարսին։45-րդ րոպեին հանդիպման հաշիվը բացեց «Աթլետիկոյի» արգենտինացի հարձակվող Խուլիան Ալվարեսը։ 70-րդ րոպեին արգենտինացի Դիեգո Սիմեոնեի գլխավորած թիմի առավելությունը կրկնապատկեց նորվեգացի հարձակվող Ալեքսանդր Սյորլոտը։Անգլիայի չեմպիոն «Լիվերպուլը» հյուրընկալվեց  Չեմպիոնների լիգայի տիտղոսը պաշտպանող Ֆրանսիայի չեմպիոն ՊՍԺ-ին եւ պարտություն կրեց 0:2 հաշվով։ Աչքի ընկան ֆրանսիացի հարձակվող Դեզիրե Դուեն եւ վրացի հարձակվող Խվիչա Կվարացխելիան։Չեմպիոնների լիգա, քառորդ եզրափակիչ, առաջին հանդիպում«Բարսելոնա» - «Աթլետիկո Մադրիդ»՝ 0:2 (տեսանյութ)Խուլիան Ալվարես, 45, Ալեքսանդր Սյորլոտ, 70Հեռացում՝ Պաու Կուբարսի («Բարսելոնա»), 44ՊՍԺ - «Լիվերպուլ»՝ 2։0 (տեսանյութ)Դեզիրե Դուե, 11, Խվիչա Կվարացխելիա, 65Պատասխան հանդիպումԱպրիլի 14«Աթլետիկո Մադրիդ» - «Բարսելոնա»՝ 23։00«Լիվերպուլ» - ՊՍԺ՝ 23։00Ապրիլի 15«Արսենալ» - «Սպորտինգ»՝ 23։00 (առաջին խաղ՝ 1:0)«Բավարիա» - «Ռեալ Մադրիդ»՝ 23։00 (առաջին խաղ՝ 2:1)Եզրափակիչը տեղի կունենա մայիսի 30-ին Բուդապեշտում։Հետևեք NEWS.am SPORT-ին Facebook-ում, Twitter և Telegram-ում",Sport,https://sport.news.am/arm/news/165612/
ՉԼ․ Կվարացխելիան փլեյ-օֆֆի 4 անընդմեջ խաղում գոլ խփած ՊՍԺ-ի առաջին խաղացողն է,"Ֆրանսիայի չեմպիոն եւ Չեմպիոնների լիգայի գավաթակիր ՊՍԺ-ի վրացի եզրային հարձակվող Խվիչա Կվարացխելիան դարձել է փարիզյան ակումբի պատմության մեջ առաջին խաղացողը, որի հաջողվում է Չեմպիոնների լիգայի փլեյ-օֆֆի չորս անընդմեջ հանդիպումներում դառնալ գոլի հեղինակ, հաղորդում է Squawka-ն։Քառորդ եզրափակիչի առաջին խաղում ՊՍԺ-ն տանը 2:0 հաշվով պարտության է մատնել Անգլիայի չեմպիոն «Լիվերպուլին»։ 25-ամյա ֆուտբոլիստն աչքի է ընկել 65-րդ րոպեին։Նախորդ երեք հանդիպումներում Կվարացխելիան գոլ էր խփել «Մոնակոյին» (2:2), դուբլի հեղինակ էր դարձել աշխարհի ակումբային չեմպիոն «Չելսիի» դեմ առաջին խաղում (5:2), իսկ «Չելսիի» դեմ պատասխան խաղում խփել էր մեկ գոլ (3:0)։Հետևեք NEWS.am SPORT-ին Facebook-ում, Twitter և Telegram-ում",Sport,https://sport.news.am/arm/news/165613/
ՉԼ․ Շաբաթվա լավագույն խաղացողի մրցանակի հավակնորդները,"Չեմպիոնների լիգայի քառորդ եզրափակիչի առաջին հանդիպումներից հետո ՈՒԵՖԱ-ն հրապարակել է շաբաթվա լավագույն խաղացողի մրցանակի հավակնորդների քառյակը։Մրցանակին հավակնում են Գերմանիայի չեմպիոն Մյունխենի «Բավարիայի» գերմանացի դարպասապահ Մանուել Նոյերը, Ֆրանսիայի չեմպիոն եւ Չեմպիոնների լիգայի գավաթակիր ՊՍԺ-ի վրացի վինգեր Խվիչա Կվարացխելիան, Անգլիայի փոխչեմպիոն Լոնդոնի «Արսենալի» իսպանացի դարպասապահ Դավիդ Ռայան եւ Մադրիդի «Աթլետիկոյի» արգենտինացի հարձակվող Խուլիան Ալվարեսը։Նոյերը Իսպանիայի փոխչեմպիոն Մադրիդի «Ռեալի» դեմ արտագնա խաղում հետ է մղել դարպասին կատարած 9 հարվածից 8-ը։ «Բավարիան» հաղթել է 2:1 հաշվով։Ռայան պորտուգալական «Սպորտինգի» դեմ խաղում գոլ բաց չի թողել եւ կատարել է 5 սեյվ։ «Արսենալը» հաղթել է 1:0 հաշվով։Ալվարեսը գոլ է խփել Իսպանիայի չեմպիոն «Բարսելոնայի» դեմ արտագնա խաղում, «Աթլետիկոն» հաղթել է 2:0 հաշվով։Կվարացխելիան գոլի հեղինակ է դարձել Անգլիայի չեմպիոն «Լիվերպուլի» դեմ տնային խաղում, ՊՍԺ-ն հաղթել է 2:0 հաշվով։Քվեարկությունն անցկացվում է ՈՒԵՖԱ-ի կայքում։Հետևեք NEWS.am SPORT-ին Facebook-ում, Twitter և Telegram-ում",Sport,https://sport.news.am/arm/news/165614/
ՉԼ․ Օրվա լավագույն գոլերն ու սեյվերը (տեսանյութ),"Alvarez curls in stunning free-kick Kvaratskhelia slots in@Heineken | #UCLGOTD pic.twitter.com/uTqBdAvOu6Ֆուտբոլի Չեմպիոնների լիգայում քառորդ եզրափակիչի «Բարսելոնա» - «Աթլետիկո Մադրիդ», ՊՍԺ - «Լիվերպուլ» առաջին հանդիպումներից հետո ՈՒԵՖԱ-ն ներկայացրել է օրվա լավագույն գոլերն ու դարպասապահների սեյվերը։Giorgi Mamardashvili Juan Musso Best save? @qatarairways | #LetsFly pic.twitter.com/KXZWxeyGe9

Չեմպիոնների լիգա, քառորդ եզրափակիչ, առաջին հանդիպում«Բարսելոնա» - «Աթլետիկո Մադրիդ»՝ 0:2 Խուլիան Ալվարես, 45, Ալեքսանդր Սյորլոտ, 70Հեռացում՝ Պաու Կուբարսի («Բարսելոնա»), 44ՊՍԺ - «Լիվերպուլ»՝ 2։0 Դեզիրե Դուե, 11, Խվիչա Կվարացխելիա, 65Հետևեք NEWS.am SPORT-ին Facebook-ում, Twitter և Telegram-ում",Sport,https://sport.news.am/arm/news/165615/
Միրչա Լուչեսկուին վերջին հրաժեշտն են տվել Բուխարեստի ազգային ստադիոնում,"Ռումինիայի մայրաքաղաք Բուխարեստի ազգային ստադիոնում վերջին հրաժեշտն են տվել ազգային թիմի նախկին գլխավոր մարզիչ Միրչա ԼՈւչեսկուին։ Հրաժեշտի արարողությունը հեռարձակել է Ռումինիայի հեռուստատեսությունը։Այս շաբաթ ՈՒԵՖԱ-ի հովանու ներքո անցկացվող բոլոր մրցաշարերի հանդիպումները սկսվում են մեր րոպե լռությամբ՝ Միրչա Լուչեսկուի հիշատակին։Դոնեցկի «Շախտյորի», Միլանի «Ինտերի» նախկին գլխավոր մարզիչ Միրչա Լուչեսկուն մահացել էր ապրիլի 7-ին Բուխարեստում։ Նա 80 տարեկան էր։Հետևեք NEWS.am SPORT-ին Facebook-ում, Twitter և Telegram-ում",Sport,https://sport.news.am/arm/news/165616/
NBA. Օրվա արդյունքներն ու լավագույն դրվագները (տեսանյութ),"Բասկետբոլի ազգային ասոցիացիայի կանոնավոր առաջնությունում տեղի են ունեցել հերթական հանդիպումները․«Լոս Անջելես Քլիփերս» - «Օկլահոմա Սիթի Թանդեր»՝ 110:128«Ֆինիքս Սանզ» - «Դալլաս Մավերիքս»՝ 112:107«Սան Անտոնիո Սփյորս» - «Պորտլենդ Թրեյլ Բլեյզերս»՝ 112:101«Դենվեր Նագեթս» - «Մեմֆիս Գրիզլիզ»՝ 136:119«Դետրյոթ Փիսթոնս» - «Միլուոկի Բաքս»՝ 137:111«Քլիվլենդ Քավալիերս» - «Ատլանտա Հոուքս»՝ 122:116«Օռլանդո Մեջիք» - «Մինեսոտա Թիմբերվուլվզ»՝ 132:120Հետևեք NEWS.am SPORT-ին Facebook-ում, Twitter և Telegram-ում",Sport,https://sport.news.am/arm/news/165617/
UFC նախագահ․ Ես հավանում եմ Արման Ծառուկյանի արածը,"Խառը մենամարտերի UFC նախագահ Դանա Ուայթը գովել է թեթեւ քաշային կարգում UFC դասակարգման երկրորդ համար Արման Ծառուկյանին (Հայաստան)։«Ես հավանում եմ Արման Ծառուկյանի արածը։ Նա մնում է ակտիվ։ Տեսնենք, թե ինչ կլինի հետագայում։ UFC-ի ամեն մրցաշարից հետո դասավորվածությունը փոխվում է։ Պարզապես, Արմանը պետք է խելագար չլինի, երբ գալիս է UFC-ի մրցաշարի»,- ասել է Ուայթը Էդին Ռոսի հետ զրույցում։Ավելի վաղ Ուայթը դժգոհել էր Արման Ծառուկյանի վարքից։Հետևեք NEWS.am SPORT-ին Facebook-ում, Twitter և Telegram-ում",Sport,https://sport.news.am/arm/news/165618/
Ֆլիկը քննադատել է «Բարսելոնա» - «Աթլետիկո» հանդիպման մրցավարներին,"Իսպանիայի չեմպիոն «Բարսելոնայի» գերմանացի գլխավոր մարզիչ Հանս-Դիտեր Ֆլիկը քննադատել է մրցավարությունը Մադրիդի «Աթլետիկոյի» դեմ Չեմպիոնների լիգայի առաջին խաղում։ Կատալոնական թիմը տանը պարտվել է 0:2 հաշվով։«Աթլետիկոյի» պաշտպան Մարկ Պուբիլը սեփական տուգանային հրապարակում ձեռքով կասեցրել էր գնդակը, երբ այն խաղի մեջ էր մտցրել մադրիդյան թիմի դարպասապահ Խուան Մուսոն, սակայն չէր զգուշացվել դեղին քարտով, որը նրա համար կլիներ երկրորդը եւ կհեռացվեր։«Չեմ հասկանում՝ ինչ է կատարվում մի իրավիճակում, երբ դարպասապահը սկսում է խաղը, իսկ պաշտպանը ձեռքով կանգնեցնում է գնդակը եւ նորից այն մտցնում է խաղից հետո։Ինձ համար դա ակնհայտ երկրորդ դեղին քարտ էր եւ 11-մետրանոց։ VAR-ի մրցավարները պետք է բացատրեն, թե ինչու այդ դրվագը չի քննարկվել իրենց կողմից։Չեմ կարող հավատալ, որ այդտես չկար դեղին քարտ, իսկ նրա դեպքում դա կլիներ հեռացում։ Սա անարդար է։ Պետք է ընդունենք այս հաշիվը եւ պայքարենք պատասխան խաղում»,- Ֆլիկի խոսքը մեջբերում է ESPN-ը։44-րդ րոպեին կարմիր քարտ էր ստացել «Բարսելոնայի» իսպանացի պաշտպան Պաու Կուբարսին։Պատասխան հանդիպումը Մադրիդում տեղի կունենա ապրիլի 14-ին։Հետևեք NEWS.am SPORT-ին Facebook-ում, Twitter և Telegram-ում",Sport,https://sport.news.am/arm/news/165619/
ԵԱ․ Հայ շախմատիստների արդյունքները,"Լեհաստանի Կատովիցե քաղաքում անցկացվող շախմատի Եվրոպայի անհատական առաջնությունում հաջող են մեկնարկել Հայաստանի ներկայացուցիչները։2 խաղափուլից հետո գրոսմայստերներ Շանթ Սարգսյանը, Ռոբերտ Հովհաննիսյանը, Էմին Օհանյանը և միջազգային վարպետ Արթուր Դավթյանը ունեն 2-ական միավոր, հաղորդում է ՀՇՖ-ի մամուլի ծառայությունը:Գրոսմայստերներ Մանուել Պետրոսյանը, Մամիկոն Ղարիբյանը, Հայկ Մարտիրոսյանը և Գաբրիել Սարգսյանը ունեն 1.5-ական միավոր։Նույն արդյունքն ունեն նաև միջազգային վարպետներ Վահե Սուքիասյանը և Արսեն Դավթյանը, ինչպես նաև ՖԻԴԵ-ի վարպետներ Հայկ Երիցյանը և Տիգրան Համբարձումյանը։3-րդ խաղափուլը կմեկնարկի ապրիլի 9-ին՝ Երեւանի ժամանակով 17:00-ին:Հետևեք NEWS.am SPORT-ին Facebook-ում, Twitter և Telegram-ում",Sport,https://sport.news.am/arm/news/165620/
"Լուիս Էնրիկե․ Արժանի էինք ավելի շատ գոլերի, բայց սա Չեմպիոնների լիգան է","Ֆրանսիայի չեմպիոն եւ Չեմպիոնների լիգայի գավաթակիր ՊՍԺ-ի իսպանացի գլխավոր մարզիչ Լուիս Էնրիկեն մեկնաբանել է 2:0 հաշվով հաղթանակն Անգլիայի չեմպիոն «Լիվերպուլի» նկատմամբ Չեմպիոնների լիգայի քառորդ եզրափակիչի առաջին խաղում, որը տեղի է ունեցել Փարիզում։«Ափսոս, որ երկու գոլ խփեցինք։ Մեր երկրպագուների ներկայությամբ բարձրակարգ խաղ ցուցադրեցինք, շատ լավ խաղացինք եւ արժանի էինք ավելի շատ գոլերի, բայց սա Չեմպիոնների լիգան է։ Մենք գոհ ենք արդյունքից, առջեւում դեռ պատասխան հանդիպում կա։Զարմանալի էր «Լիվերպուլի» այդպիսի խաղը։ Մենք սովոր ենք, որ մրցակիցները հարմարվում են մեր խաղին։ Այս անգամ այդպես չեղավ։ Բայց մենք կենտրոնացած ենք մեր խաղի վրա։ Լիվերպուլում եւս կձգտենք հաղթանակի»,- Լուիս Էնրիկեի խոսքը մեջբերում է Canal+-ը։Պատասխան հանդիպումն Անգլիայում տեղի կունենա ապրիլի 14-ին։Հետևեք NEWS.am SPORT-ին Facebook-ում, Twitter և Telegram-ում",Sport,https://sport.news.am/arm/news/165621/
"Դիեգո Սիմեոնե. «Բարսելոնան», թերեւս, Եվրոպայի լավագույն թիմն է","Մադրիդի «Աթլետիկոյի» արգենտինացի գլխավոր մարզիչ Դիեգո Սիմեոնեն մեկնաբանել է Իսպանիայի չեմպիոն եւ Լա Լիգայի ընթացիկ առաջատար «Բարսելոնայի» նկատմամբ տարած հաղթանակը Չեմպիոնների լիգայի քառորդ եզրափակիչի առաջին խաղում:«Իմ գլխավորությամբ «Աթլետիկոն» նախկինում երբեք չէր հաղթել է «Կամպ Նոու» ստադիոնում։ Դա չափազանց բարդ է։ Թիմային լավ աշխատանքի շնորհիվ կարողացանք օգուտ քաղել կարեւոր պահերից։ Արդյունքը լավ է, բայց պատասխան խաղում նման մրցակիցը մեզ ստիպելու է լրջորեն աշխատել: «Բարսելոնան», թերեւս, Եվրոպայի լավագույն թիմն է ՊՍԺ-ի եւ «Բավարիայի» հետ միասին»,- Սիմեոնեի խոսքը փոխանցում է ՈւԵՖԱ-ի պաշտոնական կայքը։Ֆուտբոլի Չեմպիոնների լիգայում քառորդ եզրափակիչի առաջին խաղում Իսպանիայի չեմպիոն եւ Լա Լիգայի ընթացիկ առաջատար «Բարսելոնան» ընդունեց Մադրիդի «Աթլետիկոյին» եւ պարտվեց 0:2 հաշվով։Պատասխան հանդիպումը տեղի կունենա ապրիլի 14-ին Մադրիդում եւ կմեկնարկի Երեւանի ժամանակով 23:00-ին։Հետևեք NEWS.am SPORT-ին Facebook-ում, Twitter և Telegram-ում",Sport,https://sport.news.am/arm/news/165622/
Արման Ծառուկյանը 4 միլիոն դոլար հոնորարով նոր պայմանագիր է կնքել UFC-ի հետ,"Խառը մենամարտերի թեթեւ քաշային կարգում UFC դասակարգման երկրորդ համար Արման Ծառուկյանը (Հայաստան) ֆինանսապես բարելավված պայմաններով նոր պայմանագիր է կնքել լիգայի հետ: Ծառուկյանի հոնորարը կրկնապատկվել է եւ այժմ կազմում է 4 միլիոն դոլար՝  նախկին 2 միլիոնի փոխարեն:«UFC-ն սկսել է ավելի շատ վճարել Paramount-ի հետ գործարքի շնորհիվ։ Ինձ հետ նոր պայմանագիր են կնքել: Եթե նախկինում վճարում էին 2 միլիոն դոլար, այժմ իմ հոնորարը կազմում է 4 միլիոն։ Թերեւս, նույն գումարները չեն, ինչ բռնցքամարտում է, բայց 3-4 տարի հետո իրավիճակը կփոխվի»,- Ռայան Գարսիայի հետ հարցազրույցում ասել է Ծառուկյանը:UFC մարտիկը նաեւ ցանկանում է ռեւանշ մենամարտ անցկացնել BMF չեմպիոն Չարլզ Օլիվեյրային հետ: «Տոպուրիան արդեն ունի նշանակված մենամարտ։ Ես կուզենայի մենամարտել Օլիվեյրայի հետ։ Նա 3-րդ համարն է եւ ունի «ամենավտանգավոր» գոտին։ Կարծում եմ՝ այդ տիտղոսն ինձ ավելի շատ է համապատասխանում, քան Օլիվեյրային»,- նշել է Ծառուկյանը։29-ամյա Ծառուկյանը UFC-ում հանդես է գալիս 2019 թ.-ից, MMA-ում ունի 23 հաղթանակ, 3 պարտություն: Հետևեք NEWS.am SPORT-ին Facebook-ում, Twitter և Telegram-ում",Sport,https://sport.news.am/arm/news/165623/
"Կանանց Հայաստանի հավաքականի առաջին մարզումը Բելառուսի դեմ խաղից առաջ (ֆոտո)

","Ֆուտբոլի կանանց Հայաստանի ազգային հավաքականը Մարիամ Ստեփանյանի գլխավորությամբ սկսեց մարզական հավաքը՝ պատրաստվելով 2027թ․ աշխարհի առաջնության որակավորման փուլի C6 խմբի 2-րդ տուրի Հայաստան - Բելառուս հանդիպմանը:Բելառուսի դեմ հանդիպումը տեղի կունենա ապրիլի 14-ին Երեւանում: ԴարպասապահներՎիոլետա Մուսախանյան - «Ուրարտու-աղջիկներ»Շողիկ Սարդարյան - «Ուրարտու-աղջիկներ»Ալինա ՊողոսյանՊաշտպաններՍվետլանա Ղարագյոզյան - «Ռոստով-աղջիկներ» (Ռուսաստան)Լիանա Ղազարյան - «Ռոստով-աղջիկներ»  (Ռուսաստան)Սոֆիա Գրեյս Հարութունյան - «Ռոլլինս» (ԱՄՆ)Լուսինե Կոստանյան - «Ուրարտու-աղջիկներՄարիանա Վարդանյան - «Ուրարտու-աղջիկներԱնի Օհանյան - «Ուրարտու-աղջիկներԼիլի Ջեբեջյան - «Ուեսլեյան համալսարան» (ԱՄՆ)ԿիսապաշտպաններԿլաուդիա Չոլակյան - «Աքթոնիանս» (Անգլիա)Աննա Դալլաքյան - «Ռիզայն-աղջիկներ (Ռուսաստան)Օքսաննա Պիզլովա - «Ռոստով-աղջիկներ» (Ռուսաստան)Լարա Կազանջյան - «Դոննա Ռոմա-աղջիկներ» (Իտալիա)Վերոնիկա Ասատրյան - «Փյունիկ-աղջիկներ»Միլենա Սայադյան - «Ուրարտու-աղջիկներ»Էլինա Մարտիրոսյան - «Ուրարտու-աղջիկներ»Իզաբելլա Մանե Ներսեսյան - ԿԿՊ «Վարշավա» (Լեհաստան)Լիսա Կազանջյան - «Սթոնհիլ քոլեջի ակումբ» (ԱՄՆ)Կարինե Եղյան - «Տետրիսկարո» (Վրաստան)ՀարձակվողներՄարալ ԱրթինՍուսաննա Բադալյան - «Փյունիկ-աղջիկներ»Տաթև Խաչատրյան - «Փյունիկ-աղջիկներ»Ռուզաննա Ինջյան - «Ուրարտու-աղջիկներ»Հետևեք NEWS.am SPORT-ին Facebook-ում, Twitter և Telegram-ում",Sport,https://sport.news.am/arm/news/165624/
Սուպերհամակարգիչը ներկայացրել է Չեմպիոնների լիգայի ֆավորիտներին,"Opta վիճակագրական հարթակի սուպերհամակարգիչը Չեմպիոնների լիգայի քառորդ եզրափակիչի առաջին հանդիպումներից հետո ներկայացրել է մրցաշարի ֆավորիտներին.«Արսենալ» (Անգլիա)՝ 36,32 տոկոս«Բավարիա» (Գերմանիա)՝ 28,9ՊՍԺ (Ֆրանսիա)՝ 16,01«Աթլետիկո Մադրիդ» (Իսպանիա)՝ 9,27«Բարսելոնա» (Իսպանիա)՝ 3,57«Ռեալ Մադրիդ» (Իսպանիա)՝ 2,64«Լիվերպուլ» (Անգլիա)՝ 2,09«Սպորտինգ» (Պորտուգալիա)՝ 1,2Պատասխան հանդիպումները տեղի կունենան ապրիլի 14–15–ին։Հետևեք NEWS.am SPORT-ին Facebook-ում, Twitter և Telegram-ում",Sport,https://sport.news.am/arm/news/165625/
Բրազիլիայի առաջնության 10 տուրում 10 թիմ հեռացրել է գլխավոր մարզիչին,"Բրազիլիայի առաջնության մասնակից 20 թիմերից 10–ն այս մրցաշրջանում արդեն հեռացրել է գլխավոր մարզիչին։ Բրազիլիայում նոր մրցաշրջանը մեկնարկել է հունվարի 28–ին, անցկացվել է 10 տուր։«Բոտաֆոգոն», «Սանթոսը», «Կրուզեյրոն», «Սան Պաուլուն», «Ֆլամենգոն», «Վասկո դա Գաման», «Ռեմոն», «Կորինթիանսը», «Շապեկոենսեն» եւ «Աթլետիկո Մինեյրոն» արդեն փոխել են գլխավոր մարզիչին։Բրազիլիայի առաջնության 10 տուրից հետո առաջատարը «Պալմեյրասն» է, որը վաստակել է 25 միավոր։Հետևեք NEWS.am SPORT-ին Facebook-ում, Twitter և Telegram-ում",Sport,https://sport.news.am/arm/news/165626/
"«Քեզ խնդրում եմ մի գնա». «Ինտերը» վերհիշել է Մխիթարյանի գոլը Չեմպիոնների լիգայի 
դերբիում (տեսանյութ)","Իտալիայի փոխչեմպիոն Միլանի «Ինտերը» վերհիշել է Հայաստանի հավաքականի նախկին ավագ, 37-ամյա կիսապաշտպան Հենրիխ Մխիթարյանի գեղեցիկ գոլը Չեմպիոնների լիգայի դերբիում:2023 թ. մայիսի 10-ին Չեմպիոնների լիգայի կիսաեզրափակիչի առաջին խաղում «Ինտերը» 2:0 հաշվով հաղթեց «Միլանին»: 1:0 հաշվից հետո հանդիպման 11-րդ րոպեին Հենրիխ Մխիթարյանը կրկնապատկեց «Ինտերի» առավելությունը:«Ինտերը» սոցիալական ցանցերում Մխիթարյանի գոլի տեսանյութն է հրապարակել, որն ուղեկցվում է Սպիտակցի Հայկոյի հայտնի «Մի գնա» երգով:«Մխիթարյանի գոլը Չեմպիոնների լիգայի դերբիումՀետևեք մեզ հայերենով ավելի շատ բովանդակության համար»,- հրապարակմանը կից գրել է ակումբի մամուլի ծառայությունը:  Հետևեք NEWS.am SPORT-ին Facebook-ում, Twitter և Telegram-ում",Sport,https://sport.news.am/arm/news/165627/
«Մասթերս». Զվերեւը դուրս եկավ քառորդ եզրափակիչ,"Աշխարհի երրորդ ռակետ Ալեքսանդր Զվերեւը դուրս եկավ Մոնտե Կառլոյում անցկացվող «Մասթերս» մրցաշարի քառորդ եզրափակիչ։Գերմանիայի ներկայացուցիչը 6:2, 7:5 հաշվով պարտության մատնեց աշխարհի 47–րդ ռակետ, բելգիացի Զիզու Բերգսին։ Մրցախաղը տեւեց 1 ժամ եւ 49 րոպե։Քառորդ եզրափակիչում Ալեքսանդր Զվերեւի մրցակիցը կլինի բրազիլացի Ժոաո Ֆոնսեկան։Մոնտե Կառլոյի «Մասթերսի» մրցանակային հիմնադրամը 6,3 միլիոն եվրո է։ Անցած տարի տիտղոսը նվաճել է աշխարհի առաջին ռակետ, իսպանացի Կառլոս Ալկարասը։Հետևեք NEWS.am SPORT-ին Facebook-ում, Twitter և Telegram-ում",Sport,https://sport.news.am/arm/news/165628/
«Մասթերս». Յանիկ Սիները քառորդ եզրափակիչում է,"Աշխարհի երկրորդ ռակետ Յանիկ Սիները դուրս եկավ Մոնտե Կառլոյում անցկացվող «Մասթերս» մրցաշարի քառորդ եզրափակիչ։ Իտալացի թենիսիստը 6:1, 6:7 (3:7), 6:3 հաշվով հաղթեց աշխարհի 53–րդ ռակետ, չեխ Թոմաշ Մախաչին։ Պայքարը տեւեց 2 ժամ եւ 1 րոպե։Յանիկ Սիների հաջորդ մրցակիցը կլինի կանադացի Ֆելիքս Օժե–Ալյասիմը։Մոնտե Կառլոյի «Մասթերսի» մրցանակային հիմնադրամը 6,3 միլիոն եվրո է։ Անցած տարի տիտղոսը նվաճել է աշխարհի առաջին ռակետ, իսպանացի Կառլոս Ալկարասը։Հետևեք NEWS.am SPORT-ին Facebook-ում, Twitter և Telegram-ում",Sport,https://sport.news.am/arm/news/165629/
ՉԼ. Մանուել Նոյերը՝ շաբաթվա լավագույն խաղացող,"1st: Manuel Neuer2nd: David Raya3rd: Khvicha Kvaratskhelia4th: Julián AlvarezManuel Neuer wins Player of the Week! @PlayStationEU | #UCLPOTW pic.twitter.com/yjBPqg5s1fՉեմպիոնների լիգայի քառորդ եզրափակիչի առաջին հանդիպումների արդյունքում՝ շաբաթվա լավագույն խաղացող է ճանաչվել Գերմանիայի չեմպիոն Մյունխենի «Բավարիայի» 40–ամյա դարպասապահ Մանուել Նոյերը։Նոյերը Իսպանիայի փոխչեմպիոն Մադրիդի «Ռեալի» դեմ արտագնա խաղում հետ էր մղել դարպասին կատարած 9 հարվածից 8-ը։ «Բավարիան» հաղթել էր 2:1 հաշվով։Անգլիայի փոխչեմպիոն Լոնդոնի «Արսենալի» իսպանացի դարպասապահ Դավիդ Ռայան ճանաչվել է երկրորդը։ Նա պորտուգալական «Սպորտինգի» դեմ խաղում գոլ բաց չէչ թողել եւ կատարել էր 5 սեյվ։ «Արսենալը» հաղթել էր 1:0 հաշվով։Երրորդ տեղում է Ֆրանսիայի չեմպիոն եւ Չեմպիոնների լիգայի գավաթակիր ՊՍԺ-ի վրացի վինգեր Խվիչա Կվարացխելիան, որը գոլի հեղինակ էր դարձել Անգլիայի չեմպիոն «Լիվերպուլի» դեմ տնային խաղում, ՊՍԺ-ն հաղթել էր 2:0 հաշվով։Լավագույն քառյակը եզրափակել է Մադրիդի «Աթլետիկոյի» արգենտինացի հարձակվող Խուլիան Ալվարեսը, որը գոլ էր խփել Իսպանիայի չեմպիոն «Բարսելոնայի» դեմ արտագնա խաղում, «Աթլետիկոն» հաղթել էր 2:0 հաշվով։Քվեարկությունն անցկացվում էր ՈՒԵՖԱ-ի կայքում։Հետևեք NEWS.am SPORT-ին Facebook-ում, Twitter և Telegram-ում",Sport,https://sport.news.am/arm/news/165630/
Լամին Յամալ. Սա դեռ վերջը չէ,"Չեմպիոնների լիգայի քառորդ եզրափակիչի առաջին խաղում Մադրիդի «Աթլետիկոյին» տանը 0։2 հաշվով պարտվելուց հետո Իսպանիայի չեմպիոն «Բարսելոնայի» 18–ամյա եզրային հարձակվող Լամին Յամալը գրառում է արել սոցիալական ցանցերում։«Սա դեռ վերջը չէ, կուլես։ Երկրորդ խաղում մենք կցուցադրենք մեր առավելագույնը։ Միշտ միասի'ն»,– գրել է Լամին Յամալը՝ դիմելով երկրպագուներին։Պատասխան հանդիպումը Մադրիդում տեղի կունենա ապրիլի 14–ին։Հետևեք NEWS.am SPORT-ին Facebook-ում, Twitter և Telegram-ում",Sport,https://sport.news.am/arm/news/165631/
ՉԼ․ Շաբաթվա խորհրդանշական հավաքականը,"Չեմպիոնների լիգայի քառորդ եզրափակիչի առաջին հանդիպումների արդյունքում՝ ՈՒԵՖԱ-ն ներկայացրել է շաբաթվա խորհրդանշական հավաքականը։Դարպասապահ․ Մանուել Նոյեր («Բավարիա»)։Պաշտպաններ․ Յոսիպ Ստանիշիչ («Բավարիա»), Մարկինյոս (ՊՍԺ), Ռոբեն Լե Նորման («Աթլետիկո Մադրիդ»), Մաքսիմիլիանո Արաուխո («Սպորտինգ»)։Կիսապաշտպաններ․ Յոզուա Կիմիխ («Բավարիա»), Ժոաու Նեւեշ (ՊՍԺ), Կայ Հավերց («Արսենալ»)։Հարձակվողներ․ Լամին Յամալ («Բարսելոնա»), Խվիչա Կվարացխելիա (ՊՍԺ), Խուլիան Ալվարես («Աթլետիկո Մադրիդ»)։Quarter-final first legs #UCL pic.twitter.com/DCHyQXU3JD

Հետևեք NEWS.am SPORT-ին Facebook-ում, Twitter և Telegram-ում",Sport,https://sport.news.am/arm/news/165632/
«Ոսկե գնդակի» ֆավորիտների տասնյակը,"Goal.com-ը ներկայացրել է 2026թ․ «Ոսկե գնդակի» ֆավորիտների տասնյակը։ Առաջատարը Գերմանիայի չեմպիոն Մյունխենի «Բավարիայի» անգլիացի հարձակվող Հարի Քեյնն է։ Իսպանիայի փոխչեմպիոն Մադրիդի «Ռեալի» ֆրանսիացի հարձակվող Կիլիան Մբապեն երկրորդն է։Հետևեք NEWS.am SPORT-ին Facebook-ում, Twitter և Telegram-ում",Sport,https://sport.news.am/arm/news/165633/
«Մասթերս»․ Ալկարասը դուրս եկավ քառորդ եզրափակիչ,"Աշխարհի առաջին ռակետ Կառլոս Ալկարասը դուրս եկավ Մոնտե Կառլոյի «Մասթերս» մրցաշարի քառորդ եզրափակիչ։ Իսպանացի թենիսիստը մրցեց աշխարհի 30-րդ ռակետ, արգենտինացի Թոմաս Մարտին Էչեւերիի հետ եւ առավելության հասավ 6:1, 4:6, 6:3 հաշվով։ Պայքարը տեւեց 2 ժամ եւ 22 րոպե։Ալկարասի հաջորդ մրցակիցը կլինի աշխարհի 11-րդ ռակետ, Ղազախստանի ներկայացուցիչ Ալեքսանդր Բուբլիկը։Մոնտե Կառլոյի «Մասթերսի» մրցանակային հիմնադրամը 6,3 միլիոն եվրո է։ Անցած տարի տիտղոսը նվաճել է Կառլոս Ալկարասը։Հետևեք NEWS.am SPORT-ին Facebook-ում, Twitter և Telegram-ում",Sport,https://sport.news.am/arm/news/165634/
ԿԼ․ «Ռայո Վալիեկանոյի» հաղթանակը՝ 3:0 (տեսանյութ),"Ֆուտբոլի Կոնֆերենցիաների լիգայում մեկնարկել են քառորդ եզրափակիչի առաջին հանդիպումները։Իսպանական «Ռայո Վալիեկանոն» ընդունեց հունական «ԱԵԿ Աթենքին» եւ պարտության մատնեց 3:0 հաշվով։Աչքի ընկան մարոկկացի կիսապաշտպան Իլյաս Ախոմաշը, իսպանացի կիսապաշտպան Ունայ Լոպեսն ու իսպանացի հարձակվող Իսի Պալասոնը։Կոնֆերենցիաների լիգա, քառորդ եզրափակիչ, առաջին հանդիպում«Ռայո Վալիեկանո» (Իսպանիա) - «ԱԵԿ Աթենք» (Հունաստան)` 3:0 (տեսանյութ)Իլյաս Ախոմաշ, 2, Ունայ Լոպես, 45+2, Իսի Պալասոն, 74, 11մ«Քրիսթալ Փելաս» (Անգլիա) - «Ֆիորենտինա» (Իտալիա)՝ 23:00 (Երեւանի ժամանակ)«Մայնց» (Գերմանիա) - «Ստրասբուրգ» (Ֆրանսիա)` 23:00«Շախտյոր Դոնեցկ» (Ուկրաինա) - «ԱԶ Ալկմար» (Նիդերլանդներ)` 23:00Պատասխան հանդիպումները տեղի կունենան ապրիլի 16-ին։ Հետևեք NEWS.am SPORT-ին Facebook-ում, Twitter և Telegram-ում",Sport,https://sport.news.am/arm/news/165635/
"Աշխարհի գավաթ․ Համլետ Մանուկյանը, Մամիկոն Խաչատրյանն ու Արթուր Ավետիսյանը 
եզրափակիչում են","Խորվաթիայի Օսիյեկ քաղաքում անցկացվում է սպորտային մարմնամարզության աշխարհի գավաթի խաղարկության վերջին փուլը։Հայաստանի երեք ներկայացուցիչ դուրս է եկել եզրափակիչ։Նժույգ թափեր վարժությունում եզրափակիչ են դուրս եկել Համլետ Մանուկյանն ու Մամիկոն Խաչատրյանը, որոնք որակավորման փուլում գրավել են համապատասխանաբար երրորդ եւ չորրորդ տեղերը։Օղակների վարժության որակավորման փուլում երրորդ տեղն է գրավել Արթուր Ավետիսյանը՝ դուրս գալով եզրափակիչ։Արթուր Դավթյանը կմասնակցի հենացատկի որակավորման փուլին։Հետևեք NEWS.am SPORT-ին Facebook-ում, Twitter և Telegram-ում",Sport,https://sport.news.am/arm/news/165636/
Հավակնորդների մրցաշար․ 10-րդ տուրի արդյունքները,"Կիպրոսում անցկացվող շախմատի աշխարհի չեմպիոնի հավակնորդների մրցաշարում տեղի են ունեցել 10-րդ տուրի պարտիաները։Ուզբեկ գրոսմայստեր Ջավոխիր Սինդարովը պարտության մատնեց հնդիկ Ռամեշբաբու Պրագնանանդհային եւ 8 միավորով միանձնյա գլխավորում է մրցաշարային աղյուսակը։ Երկրորդ տեղում գտնվող հոլանդացի Անիշ Գիրին հետ է 2 միավոր։Հավակնորդների մրցաշար, 10-րդ տուրՋավոխիր Սինդարով (Ուզբեկստան) - Ռամեշբաբու Պրագնանանդհա (Հնդկաստան)՝ 1:0Անդրեյ Եսիպենկո (Ռուսաստան) - Մատիաս Բլյուբաում (Գերմանիա)՝ 0,5:0,5Վեյ Յի (Չինաստան) - Ֆաբիանո Կարուանա (ԱՄՆ)՝ 0,5:0,5Անիշ Գիրի (Նիդերլանդներ) - Հիկարու Նակամուրա (ԱՄՆ)՝ 0,5:0,5Հավակնորդների մրցաշարի հաղթողը տիտղոսը կվիճարկի աշխարհի չեմպիոն, հնդիկ Գուկեշ Դոմարաջուի հետ։Հետևեք NEWS.am SPORT-ին Facebook-ում, Twitter և Telegram-ում",Sport,https://sport.news.am/arm/news/165637/
Եվրոպայի լիգա․ «Աստոն Վիլայի» եւ «Ֆրայբուրգի» հաղթանակները (տեսանյութ),"Ֆուտբոլի Եվրոպայի լիգայում ավարտվեցին քառորդ եզրափակիչի առաջին հանդիպումները։Եվրոպայի լիգա, քառորդ եզրափակիչ, առաջին հանդիպում«Բոլոնիա» (Իտալիա) - «Աստոն Վիլա» (Անգլիա)` 1:3 (տեսանյութ)Ջոնաթան Ռոու, 90 - Էզրի Կոնսա, 44, Օլի Ուոթքինս, 51, 90+4«Պորտու» (Պորտուգալիա) - «Նոթինգեմ Ֆորեսթ» (Անգլիա)` 1:1 (տեսանյութ)Ուիլյամ Գոմես, 11 - Մարտիմ Ֆերնանդեշ, 13, ինքնագոլ«Ֆրայբուրգ» (Գերմանիա) - «Սելթա» (Իսպանիա)` 3:0 (տեսանյութ)Վինչենցո Գրիֆո, 10, Յան-Նիկլաս Բեստե, 32, Մատիաս Գինտեր, 78Ապրիլի 8 «Բրագա» (Պորտուգալի) - «Բետիս» (Իսպանիա)` 1:1 (տեսանյութ)Ֆլորիան Գրիլիչ, 5 - Կուչո Էրնանդես, 62, 11մՊատասխան հանդիպումները տեղի կունենան ապրիլի 16-ին։Հետևեք NEWS.am SPORT-ին Facebook-ում, Twitter և Telegram-ում",Sport,https://sport.news.am/arm/news/165638/
Կոնֆերենցիաների լիգա․ Օրվա բոլոր արդյունքները (տեսանյութ),"Ֆուտբոլի Կոնֆերենցիաների լիգայում տեղի ունեցան քառորդ եզրափակիչի առաջին հանդիպումները։Կոնֆերենցիաների լիգա, քառորդ եզրափակիչ, առաջին հանդիպում«Քրիսթալ Փելաս» (Անգլիա) - «Ֆիորենտինա» (Իտալիա)՝ 3:0 (տեսանյութ)Ժան-Ֆիլիպ Մատետա, 24, 11մ, Թայրիք Միթչել, 32, Իսմաիլա Սառ, 90+1«Մայնց» (Գերմանիա) - «Ստրասբուրգ» (Ֆրանսիա)` 2:0 (տեսանյութ)Կաիսյու Սանո, 11, Ստեֆան Պոշ, 19«Շախտյոր Դոնեցկ» (Ուկրաինա) - «ԱԶ Ալկմար» (Նիդերլանդներ)` 3:0 (տեսանյութ)Պեդրինյո, 72, Ալիսոն, 81, 83«Ռայո Վալիեկանո» (Իսպանիա) - «ԱԵԿ Աթենք» (Հունաստան)` 3:0 (տեսանյութ)Իլյաս Ախոմաշ, 2, Ունայ Լոպես, 45+2, Իսի Պալասոն, 74, 11մՊատասխան հանդիպումները տեղի կունենան ապրիլի 16-ին։Հետևեք NEWS.am SPORT-ին Facebook-ում, Twitter և Telegram-ում",Sport,https://sport.news.am/arm/news/165639/
Հայաստանի Պրեմիեր լիգա․ Մեկնարկում է 21-րդ տուրը,"Ֆուտբոլի Հայաստանի Պրեմիեր լիգայի առաջնությունում ապրիլի 10-ին կմեկնարկի 21-րդ տուրը։Ապրիլի 11-ին տեղի կունենա նաեւ 16-րդ տուրից տեղափոխված «Արարատ» - «Ալաշկերտ» հանդիպումը։Հայաստանի առաջնություն, 21-րդ տուրԱպրիլի 10«Վան» - «Ուրարտու»՝ 15:30«Գանձասար» - «Նոա»՝ 19:00Ապրիլի 11«Փյունիկ» - «Արարատ-Արմենիա»՝ 17:30Ապրիլի 12ԲԿՄԱ - «Շիրակ»՝ 15:30Ապրիլի 14«Ալաշկերտ» - «Արարատ»՝ 15:00Հետևեք NEWS.am SPORT-ին Facebook-ում, Twitter և Telegram-ում",Sport,https://sport.news.am/arm/news/165640/
Եվրոպայի լիգա․ Օրվա լավագույն գոլերն ու սեյվերը (տեսանյութ),"Grillitsch's flick or Rowe's solo effort? Make your pick #UELGOTD | @FlixBus_DEՖուտբոլի Եվրոպայի լիգայի քառորդ եզրափակիչի առաջին հանդիպումներից հետո ՈՒԵՖԱ-ն ներկայացրել է օրվա լավագույն գոլերն ու սեյվերը։Emiliano MartínezStefan Ortega Lukáš HorníčekWhich save was your favourite? #UELsaves | @Betano_PT pic.twitter.com/sP1kVJHAqV

Freiburg's dominance at homeAston Villa's win on the roadYour Performance of the Week? #UELPOTW pic.twitter.com/YfoAd8PZcW

Halfway stage in the quarter-finals #UEL pic.twitter.com/5mCMc5mWeQ

Հետևեք NEWS.am SPORT-ին Facebook-ում, Twitter և Telegram-ում",Sport,https://sport.news.am/arm/news/165641/
Լա Լիգա․ «Ռեալ» - «Ժիրոնա» մրցախաղով մեկնարկում է 31-րդ տուրը,"Ֆուտբոլի Իսպանիայի Լա Լիգայի առաջնությունում ապրիլի 10-ին «Ռեալ» - «Ժիրոնա» մրցախաղով կմեկնարկի 31-րդ տուրը։Առաջատարը չեմպիոն «Բարսելոնան» է, որը վաստակել է 76 միավոր։ Փոխչեմպիոն «Ռեալը» 69 միավորով երկրորդն է։Իսպանիայի առաջնություն, 31-րդ տուր«Ռեալ» - «Ժիրոնա»՝ 23:00 (Երեւանի ժամանակ)Ապրիլի 11«Ռեալ Սոսիեդադ» - «Ալավես»՝ 16:00«Էլչե» - «Վալենսիա»՝ 18:15«Բարսելոնա» - «Էսպանյոլ»՝ 20:30«Սեւիլիա» - «Աթլետիկո Մադրիդ»՝ 23:00Ապրիլի 12«Օսասունա» - «Բետիս»՝ 16:00«Մալյորկա» - «Ռայո Վալիեկանո»՝ 18:15«Սելտա» - «Ռեալ Օվիեդո»՝ 20:30«Աթլետիկ Բիլբաո» - «Վիլյառեալ»՝  23:00Ապրիլի 13«Լեւանտե» - «Խետաֆե»՝ 23:00Հետևեք NEWS.am SPORT-ին Facebook-ում, Twitter և Telegram-ում",Sport,https://sport.news.am/arm/news/165642/
Կոնֆերենցիաների լիգա․ Օրվա լավագույն գոլերն ու սեյվերը (տեսանյութ),"Two brilliant goals Was Stefan Posch's volley or Pedrinho's perfect shot better? #UECLGOTD | @FlixBus_DEՖուտբոլի Կոնֆերենցիաների լիգայի քառորդ եզրափակիչի առաջին հանդիպումներից հետո ՈՒԵԱՖ-ն ներկայացրել է օրվա լավագույն գոլերն ու սեյվերը։Big saves from Batalla, Penders and Riznyk Which keeper did it better? ️#UECLsaves | @Betano_PT pic.twitter.com/8qT46CrTMe

Crystal Palace and Shakhtar with perfect home performances Which one was your favourite? #UECLPOTW

Four wins and four clean sheets for the home teams #UECL pic.twitter.com/3n8qQR0J7W

Հետևեք NEWS.am SPORT-ին Facebook-ում, Twitter և Telegram-ում",Sport,https://sport.news.am/arm/news/165643/
Ա Սերիա․ Մեկնարկում է 32-րդ տուրը,"Ֆուտբոլի Իտալիայի Ա Սերիայի առաջնությունում ապրիլի 10-ին «Ռոմա» - «Պիզա» մրցախաղով կմեկնարկի 32-րդ տուրը։Առաջատարը փոխչեմպիոն Միլանի «Ինտերն» է, որն ունի 72 միավոր։ Չեմպիոն «Նապոլին» 65 միավորով երկրորդն է։Իտալիայի առաջնություն, 32-րդ տուր«Ռոմա» - «Պիզա»՝ 22:45 (Երեւանի ժամանակ)Ապրիլի 11«Կալյարի» - «Կրեմոնեզե»՝ 17:00«Տորինո» - «Վերոնա»՝ 17:00«Միլան» - «Ուդինեզե»՝ 20:00«Ատալանտա» - «Յուվենտուս»՝ 22:45Ապրիլի 12«Ջենոա»  - «Սասուոլո»՝ 14:30«Պարմա» - «Նապոլի»՝ 17:00«Բոլոնիա» - «Լեչե»՝ 20:00«Կոմո» - «Ինտեր»՝ 22:45Ապրիլի 13«Ֆիորենտինա» - «Լացիո»՝ 22:45Հետևեք NEWS.am SPORT-ին Facebook-ում, Twitter և Telegram-ում",Sport,https://sport.news.am/arm/news/165644/
ԱԱ-2026-ի ֆավորիտների տասնյակը,"Աշխարհի չեմպիոն եւ Ամերիկայի գավաթակիր Արգենտինայի հավաքականը հունիս-հուլիսին ԱՄՆ-ում, Մեքսիկայում եւ Կանադայում անցկացվելիք ֆուտբոլի աշխարհի առաջնության գլխավոր ֆավորիտն է՝ բրիտնական FourFourTwo պարբերականի վարկածով։Հետևեք NEWS.am SPORT-ին Facebook-ում, Twitter և Telegram-ում",Sport,https://sport.news.am/arm/news/165645/
Պրեմիեր լիգա․ Մեկնարկում է 32-րդ տուրը,"Ֆուտբոլի Անգլիայի Պրեմիեր լիգայի առաջնությունում ապրիլի 10-ին «Վեստ Հեմ» - «Վուլվերհեմփթոն» մրցախաղով կմեկնարկի 32-րդ տուրը։Առաջատարը փոխչեմպիոն Լոնդոնի «Արսենալն» է՝ 70 միավոր։Անգլիայի առաջնություն, 32-րդ տուր«Վեստ Հեմ» - «Վուլվերհեմփթոն»՝ 23:00 (Երեւանի ժամանակ)Ապրիլի 11«Արսենալ» - «Բորնմուտ»՝ 15:30«Բրենթֆորդ» - «Էվերտոն»՝ 18:00«Բարնլի» - «Բրայթոն»՝ 18:00«Լիվերպուլ» - «Ֆուլհեմ»՝ 20:30Ապրիլի 12«Քրիսթալ Փելաս» - «Նյուքասլ Յունայթեդ»՝ 17:00«Նոթինգեմ Ֆորեսթ» - «Աստոն Վիլա»՝ 17:00«Սանդերլենդ» - «Տոտենհեմ»՝ 17:00«Չելսի» - «Մանչեսթեր Սիթի»՝ 19:30Ապրիլի 13«Մանչեսթեր Յունայթեդ» - «Լիդս Յունայթեդ»՝ 23:00Հետևեք NEWS.am SPORT-ին Facebook-ում, Twitter և Telegram-ում",Sport,https://sport.news.am/arm/news/165646/
«Արսենալը» նոր պայմանագիր է առաջարկել Միկել Արտետային,"Անգլիայի փոխչեմպիոն Լոնդոնի «Արսենալի» ղեկավարությունը նոր պայմանագիր է առաջարկել թիմի իսպանացի գլխավոր մարզիչ Միկել Արտետային, հաղորդում է BBC-ն։ Նրա գործող պայմանագիրը նախատեսված է մինչեւ 2027թ․ հունիս։Կողմերն արդեն սկսել են բանակցությունները, որոնք դրական ընթացք ունեն։ Արտետան ցանկանում է շարունակել համագործակցությունը, սակայն ակնկալում է մեծ ներդրումներ մրցունակ մնալու համար։Արտետայի աշխատավարձը նոր պայմանագրով կհասնի տարեկան 20 միլիոն ֆունտ ստերլինգի՝ հավասարվելով «Մանչեսթեր Սիթիի» կատալոնացի գլխավոր մարզիչ Խոսեպ Գվարդիոլայի աշխատավարձին։ Այժմ Արտետան ստանում է տարեկան 10 միլիոն ֆունտ ստերլինգ։ Եվս 5 միլիոն նա ստանում է Չեմպիոնների լիգայի ուղեգիր նվաճելու համար։Արտետան «Արսենալը» գլխավորում է 2019 թվականից։ Այս ընթացքում թիմը մեկ անգամ նվաճել է Անգլիայի գավաթը, երկու անգամ՝ սուպերգավաթը։Հետևեք NEWS.am SPORT-ին Facebook-ում, Twitter և Telegram-ում",Sport,https://sport.news.am/arm/news/165647/
Բունդեսլիգա․ Մեկնարկում է 29-րդ տուրը,"Ֆուտբոլի Գերմանիայի Բունդեսլիգայի առաջնությունում ապրիլի 10-ին «Աուգսբուրգ» - «Հոֆենհայմ» մրցախաղով կմեկնարկի 29-րդ տուրը։Առաջատարը չեմպիոն «Բավարիան» է, որը վաստակել է 73 միավոր։Գերմանիայի առաջնություն, 29-րդ տուր«Աուգսբուրգ» - «Հոֆենհայմ»՝ 22:30 (Երեւանի ժամանակ)Ապրիլի 11«Բորուսիա Դորտմունդ» - «Բայեր»՝ 17:00«Հայդենհայմ» - «Ունիոն Բեռլին»՝ 17:00«ՌԲ Լայպցիգ» - «Բորուսիա Մյոնխենգլադբախ»՝ 17:00«Վոլֆսբուրգ» - «Այնտրախտ Ֆրանկֆուրտ»՝ 17:00«Սանկտ Պաուլի» - «Բավարիա»՝ 20:30Ապրիլի 12«Քյոլն» - «Վերդեր»՝ 17:30«Շտուտգարտ» - «Համբուրգ»՝ 19:30«Մայնց» - «Ֆրայբուրգ»՝ 21:30Հետևեք NEWS.am SPORT-ին Facebook-ում, Twitter և Telegram-ում",Sport,https://sport.news.am/arm/news/165648/
NBA. Օրվա արդյունքներն ու լավագույն դրվագները (տեսանյութ),"Բասկետբոլի ազգային ասոցիացիայի կանոնավոր առաջնությունում տեղի են ունեցել հերթական հանդիպումները․«Տորոնտո Ռեփթորս» - «Մայամի Հիթ»՝ 128:114«Վաշինգտոն Ուիզարդս» - «Չիկագո Բուլզ»՝ 108:119«Նյու Յորք Նիքս» - «Բոստոն Սելթիքս»՝ 112:106«Բրուքլին Նեթս» - «Ինդիանա Փեյսերս»՝ 94:123«Հյուսթոն Ռոքեթս» - «Ֆիլադելֆիա Սիքսերս»՝ 113:102«Գոլդեն Սթեյթ Ուորիորզ» - «Լոս Անջելես Լեյքերս»՝ 103:119Հետևեք NEWS.am SPORT-ին Facebook-ում, Twitter և Telegram-ում",Sport,https://sport.news.am/arm/news/165649/
ԵԱ․ Շանթ Սարգսյանն ու Ռոբերտ Հովհաննիսյանը առաջատարների թվում են,"Լեհաստանի Կատովիցե քաղաքում անցկացվող շախմատի Եվրոպայի անհատական առաջնությունում տեղի են ունեցել երրորդ տուրի պարտիաները։Հայաստանի ներկայացուցիչներից 100-տոկոսանոց արդյունք ունեն գրոսմայստերներ Շանթ Սարգսյանը և Ռոբերտ Հովհաննիսյանը՝ 3-ական միավոր:Գրոսմայստերներ Էմին Օհանյանը և Հայկ Մարտիրոսյանն ունեն 2.5-ական միավոր, հաղորդում է ՀՇՖ-ի մամուլի ծառայությունը։4-րդ խաղափուլը տեղի կունենա ապրիլի 10-ին եւ կմեկնարկի Երեւանի ժամանակով 17:00-ին:Հետևեք NEWS.am SPORT-ին Facebook-ում, Twitter և Telegram-ում",Sport,https://sport.news.am/arm/news/165651/
Ֆրանսիայի առաջնություն․ Մեկնարկում է 29-րդ տուրը,"Ֆուտբոլի Ֆրանսիայի առաջնությունում ապրիլի 10-ին «Փարիզ» - «Մոնակո» մրցախաղով կմեկնարկի 29-րդ տուրը։Մրցաշարային աղյուսակը գլխավորում է չեմպիոն ՊՍԺ-ն՝ 63 միավոր։Ֆրանսիայի առաջնություն, 29-րդ տուր«Փարիզ» - «Մոնակո»՝ 21:00 (Երեւանի ժամանակ)«Մարսել» - «Մեց»՝ 23:05 Ապրիլի 11«Օսեր» - «Նանտ»՝ 21:00«Ռեն» - «Անժե»՝ 23:05Ապրիլի 12«Նիցա» - «Հավր»՝ 19:15«Թուլուզ» - «Լիլ»՝ 19:15«Լիոն» - «Լորիան»՝ 22:45 29-րդ տուրի «Բրեստ» - «Ստրասբուրգ» եւ «Լանս» - ՊՍԺ հանդիպումները հետաձգված են:  Հետևեք NEWS.am SPORT-ին Facebook-ում, Twitter և Telegram-ում",Sport,https://sport.news.am/arm/news/165652/
ՈւԵՖԱ-ն որակազրկել է «Բարսելոնա» - «Աթլետիկո» հանդիպման գլխավոր մրցավարին,"ՈւԵՖԱ-ն որակազրկել է Չեմպիոնների լիգայի քառորդ եզրափակիչի «Բարսելոնա» – «Աթլետիկո» առաջին հանդիպման գլխավոր մրցավար ռումինացի Իշտվան Կովաչին: Այս մասին հաղորդում է Sport.es-ը։ Ռումինացի մրցավարը որակազրկվել է մինչեւ ընթացիկ մրցաշրջանի ավարտը խաղի ընթացքում թույլ տված մի շարք կոպիտ սխալների պատճառով։  Միեւնույն ժամանակ նշվում է, որ Կովաչը կընդգրկվի ԱԱ-2026-ի մրցավարական կազմ. նրա անունը ներառված է ՖԻՖԱ-ի ցուցակում։Ավելի վաղ, «Բարսելոնան» ՈւԵՖԱ-ին պաշտոնական բողոք էր ներկայացրել մրցավարության եւ VAR համակարգի աշխատանքի վերաբերյալ։ Իսպանիայի չեմպիոնի գերմանացի գլխավոր մարզիչ Հանս-Դիտեր Ֆլիկն էլ քննադատել էր հանդիպման մրցավարներին: Հիշեցնենք, որ կատալոնական թիմը տանը պարտվել էր 0:2 հաշվով։«Աթլետիկոյի» պաշտպան Մարկ Պուբիլը սեփական տուգանային հրապարակում ձեռքով կասեցրել էր գնդակը, երբ այն խաղի մեջ էր մտցրել մադրիդյան թիմի դարպասապահ Խուան Մուսոն, սակայն չէր զգուշացվել դեղին քարտով, որը նրա համար կլիներ երկրորդը եւ կհեռացվեր։44-րդ րոպեին կարմիր քարտ էր ստացել «Բարսելոնայի» իսպանացի պաշտպան Պաու Կուբարսին։«Աթլետիկո» - «Բարսելոնա» պատասխան հանդիպումը Մադրիդում տեղի կունենա ապրիլի 14-ին։Հետևեք NEWS.am SPORT-ին Facebook-ում, Twitter և Telegram-ում",Sport,https://sport.news.am/arm/news/165653/
Աշխարհի գավաթ․ Սամբոյի Հայաստանի հավաքականների կազմերը,"Ապրիլի 11-12-ը Երեւանի «Գազպրոմ Արմենիա» մարզադահլիճում կանցկացվի սամբոյի 2026 թ. աշխարհի գավաթի խաղարկությունը, որին մասնակցում է 22 երկրի շուրջ 550 մարզիկ:Սամբոյի աշխարհի գավաթին Հայաստանի տղամարդկանց եւ կանանց հավաքականները կմասնակցեն ամբողջական կազմերով:Տղամարդկանց մարզական սամբո58 կգ՝ Կարեն Սարգսյան եւ Դավիթ Հովսեփյան64 կգ՝ Գևորգ Մանուկյան եւ Արմեն Աղումյան71 կգ՝ Մեսրոպ Նիկոյան եւ Կառլեն Մահինյան79 կգ՝ Ալեքսան Ստեփանյան եւ Էրիկ Ղազարյան88 կգ՝ Արման Եսայան98 կգ՝ Շահեն Օհանյան և Արսեն Հայրապետյան+ 98 կգ՝ Դավիթ Հարությունյան եւ Գրիգոր ԲեկնազարյանԿանանց մարզական սամբո50 կգ՝ Աննա Այվազյան54 կգ՝ Ժաննա Վարդանյան և Ռուզաննա Բալասանյան59 կգ՝ Անի Մարտիրոսյան65 կգ՝ Մելինե Մամիկոնյան և Ելենա Հայկազունի72 կգ՝ Սեդա Արամյան և Սյուզաննա Մանուկյան+ 80 կգ՝ Աննա ՄկրտչյանՏղամարդկանց մարտական սամբո58 կգ՝ Նարեկ Գոգինյան և Զավեն Արզումանյան64 կգ՝ Մայիս Ներսեսյան և Տիգրան Գրիգորյան71 կգ՝ Ռադիկ Ղուկասյան և Վիգեն Մարտիրոսյան79 կգ՝ Գևորգ Ազատյան և Սերյոժա Գրիգորյան88 կգ՝ Թաթուլ Ավագյան և Լեոնիդ Մելիքյան98 կգ՝ Սամվել Ղարիբյան+98 կգ՝ Մխիթար Թեմուրյան և Նորիկ ԽուրշուդյանԿանանց մարտական սամբո50 կգ՝ Արփինե Ամիրյան և Իռենա Պետրոսյան54 կգ՝ Արփինե Մնացականյան և Մարիամ Ստեփանյան59 կգ՝ Սրբուհի Հովակիմյան80 կգ՝ Եկատերինա Ժիգալովա+ 80 կգ՝ Ագափի ՀարությունյանՀայաստանը երրորդ անգամ է ընդունում սամբոյի աշխարհի գավաթի խաղարկություն: Երեւանում են տեղի ունեցել նաեւ 2024 և 2025 թվականների գավաթի խաղարկությունները։ Հետևեք NEWS.am SPORT-ին Facebook-ում, Twitter և Telegram-ում",Sport,https://sport.news.am/arm/news/165654/
Լուչանո Սպալետին երկարաձգեց պայմանագիրը «Յուվենտուսի» հետ,"«Յուվենտուսի» գլխավոր մարզիչ, իտալացի մասնագետ Լուչանո Սպալետին երկարաձգեց պայմանագիրը թուրինյան ակումբի հետ: Այս մասին հայտնում է «Յուվենտուսի» մամուլի ծառայությունը: Նոր պայմանագիրը նախատեսված է մինչեւ 2028 թվականը:67-ամյա մասնագետը «Յուվենտուսը» գլխավորում է 2025 թ. հոկտեմբերից։ Նախորդ  պայմանագիրը նախատեսված էր մինչեւ ընթացիկ մրցաշրջանի ավարտ:Թուրինյան ակումբը Իտալիայի Ա Սերիայի առաջնության մրցաշարային աղյուսակում 5-րդն է:Հետևեք NEWS.am SPORT-ին Facebook-ում, Twitter և Telegram-ում",Sport,https://sport.news.am/arm/news/165655/
Էրիկ Իսրայելյանի 5-րդ հաղթանակը պրոֆեսիոնալ ռինգում,"Բռնցքամարտի երիտասարդների աշխարհի եւ Եվրոպայի չեմպիոն, 60 կգ քաշային Էրիկ Իսրայելյանը 5-րդ հաղթանակն է տարել պրոֆեսիոնալ ռինգում: Այս մասին հայտնում է Հայաստանի պրոֆեսիոնալ բռնցքամարտի խորհուրդը:Կանադայի Քվեբեկ քաղաքում ապրիլի 9-ին անցկացված բռնցքամարտի երեկոյում Էրիկ Իսրայելյանը մենամարտել է չիլիացի Ֆրանկո Ֆիլգեյրայի (5-2-0) հետ եւ հաղթել 4-րդ ռաունդում նոկաուտով:Բռնցքամարտի Հայաստանի հավաքականի նախկին անդամը 2025 թվականից է հանդես գալիս պրոֆեսիոնալ բռնցքամարտում եւ ներկայացնում է կանադական պրոմոութերական ընկերություն:Հայաստանի հավաքականի կազմում պաշտոնական մրցաշարում նա վերջին անգամ մասնակցել է 2023 թ. Եվրոպայի մինչեւ 22 տարեկանների առաջնությանը եւ նվաճել բրոնզե մեդալ, որից հետո մասնակցել է 2024 թ. մեծահասակների Հայաստանի առաջնությանը:Պրոֆեսիոնալ բռնցքամարտ տեղափոխվելու մտադրությունների մասին Իսրայելյանը հայտնել էր դեռ 3 տարի առաջ, նաեւ կնքել էր պայմանագիր պրոֆեսիոնալ բռնցքամարտի Eye of the Tiger Management պրոմոութերական ընկերության հետ: Այդ շրջանում բռնցքամարտիկը հայտարարել էր, որ այլեւս չի ցանկանում ներկայացնել Հայաստանը եւ Հայաստանի բռնցքամարտի ֆեդերացիան: Որոշ ժամանակ անց երիտասարդների աշխարհի չեմպիոնը չեղարկեց Eye of the Tiger Management պրոմոութերական ընկերության հետ պայմանագիրը, քանի որ ԿԳՄՍ-ն հանրային քննարկման դրեց Էրիկ Իսրայելյանին տարկետումից զրկելու նախագիծը եւ բռնցքամարտիկը ստիպված եղավ շարունակել մրցելույթները մինչեւ 22 տարեկանների հավաքականի կազմում:Էրիկ Իսրայելյանը պրոֆեսիոնալ ռինգում անցկացրել է 5 մենամարտ եւ տարել նույնքան հաղթանակ, որից երեքը նոկաուտով:Նորամուտը նշել է 2025 թ. հոկտեմբերի 4-ին հունգարացի Ռիչարդ Բերնաթի նկատմամաբ հաղթանակով: Հետևեք NEWS.am SPORT-ին Facebook-ում, Twitter և Telegram-ում",Sport,https://sport.news.am/arm/news/165657/
«Ուրարտուն» պարտության մատնեց «Վանին» (տեսանյութ),"Ֆուտբոլի Հայաստանի Պրեմիեր լիգայի առաջնության 21–րդ տուրի մեկնարկային խաղում Երեւանի «Ուրարտուն» հյուրընկալվեց Չարենցավանի «Վանին» եւ առավելության հասավ 2։1 հաշվով։Դուբլի հեղինակ դարձավ բրազիլացի հարձակվող Բրունո Միշելը, որն աչքի ընկավ 46–րդ եւ 58–րդ րոպեներին։«Վանի» գոլը 65–րդ րոպեին խփեց կիսապաշտպան Բենիկ Հովհաննիսյանը։«Ուրարտուն» 42 միավորով առաջատարն է, «Վանը» 25 միավորով 6–րդ է։Հայաստանի առաջնություն, 21-րդ տուր«Վան» – «Ուրարտու»՝ 1:2Բենիկ Հովհաննիսյան, 65 – Բրունո Միշել, 46, 58, 11մ«Գանձասար» - «Նոա»՝ 19:00 Հետևեք NEWS.am SPORT-ին Facebook-ում, Twitter և Telegram-ում",Sport,https://sport.news.am/arm/news/165658/
«Մասթերս». Սիները կիսաեզրափակիչում է եւ կմրցի Զվերեւի հետ,"Աշխարհի երկրորդ ռակետ Յանիկ Սիները դուրս եկավ Մոնտե Կառլոյում անցկացվող «Մասթերս» մրցաշարի կիսաեզրափակիչ։Իտալացի թենիսիստը մրցեց աշխարհի 7–րդ ռակետ, կանադացի Ֆելիքս Օժե–Ալյասիմի հետ եւ հաղթեց 6:3, 6:4 հաշվով։ Մրցախաղը տեւեց  1 ժամ եւ 31 րոպե։Կիսաեզրափակիչում Յանիկ Սիների մրցակիցը կլինի աշխարհի երրորդ ռակետ, Գերմանիայի ներկայացուցիչ Ալեքսանդր Զվերեւը, որը քառորդ եզրափակիչում 7:5, 6:7 (3:7), 6:3 հաշվով հաղթեց աշխարհի 40–րդ ռակետ, բրազիլացի Ժոաո Ֆոնսեկային։Մոնտե Կառլոյի «Մասթերսի» մրցանակային հիմնադրամը 6,3 միլիոն եվրո է։ Անցած տարի տիտղոսը նվաճել է Կառլոս Ալկարասը։Հետևեք NEWS.am SPORT-ին Facebook-ում, Twitter և Telegram-ում",Sport,https://sport.news.am/arm/news/165659/
«Բորուսիան» երկարաձգեց պայմանագիրը Շլոտերբեկի հետ,"Դորտմունդի «Բորուսիան» երկարաձգեց պայմանագիրը Նիկո Շլոտերբեկի հետ, հաղորդում է գերմանական ակումբի կայքը։Գերմանիայի հավաքականի 26–ամյա պաշտպանի նոր պայմանագիրը նախատեսված է մինչեւ 2031թ. հունիս։Նիկո Շլոտերբեկը 2022 թվականից է հանդես գալիս «Բորուսիայում»։Ոչ պաշտոնական տվյալներով՝ նա «Բորուսիայի» ամենաբարձր վարձատրությամբ ֆուտբոլիստն է։ Նրա տարեկան աշխատավարձը 14 միլիոն եվրո է։ Շլոտերբեկի ծառայություններով հետաքրքրված են «Ռեալը», «Բարսելոնան» եւ «Բավարիան»։Բունդեսլիգայի ընթացիկ մրցաշրջանում Շլոտերբեկը մասնակցել է 22 հանդիպման, խփել է 4 գոլ, կատարել 1 գոլային փոխանցում։Հետևեք NEWS.am SPORT-ին Facebook-ում, Twitter և Telegram-ում",Sport,https://sport.news.am/arm/news/165660/
«Գանձասար» - «Նոա»՝ ուղիղ,"Ֆուտբոլի Հայաստանի Պրեմիեր լիգայի առաջնության 21-րդ տուրում Կապանի «Գանձասարը» Երեւանի «Ջունիոր Սպորտ» մարզադաշտում ընդունել է Հայաստանի չեմպիոն եւ գավաթակիր «Նոային»:Հետևեք NEWS.am SPORT-ին Facebook-ում, Twitter և Telegram-ում",Sport,https://sport.news.am/arm/news/165661/
Դեշամը՝ «Ռեալի» գլխավոր մարզիչի թեկնածու,"Իսպանիայի փոխչեմպիոն Մադրիդի «Ռեալի» ղեկավարությունը դիտարկում է Ֆրանսիայի հավաքականի 57–ամյա գլխավոր մարզիչ Դիդիե Դեշամի թեկնածությունը գլխավոր մարզիչի պաշտոնի համար, հաղորդում է RMC Sport–ը։Հունիս–հուլիսին ԱՄՆ–ում, Մեքսիկայում եւ Կանադայում անցկացվելիք աշխարհի առաջնությունից հետո Դեշամը կհեռանա Ֆրանսիայի հավաքականից։«Ռեալի» իսպանացի գլխավոր մարզիչ Ալվարո Արբելոան կհեռացվի, եթե թիմն այս մրցաշրջանում մնա առանց տիտղոսի Լա Լիգայում եւ Չեմպիոնների լիգայում։Իսպանիայի առաջնության 30 տուրից հետո «Ռեալը» 69 միավորով երկրորդն է։ Չեմպիոնների լիգայի քառորդ եզրափակիչի առաջին խաղում Արքայական թիմը 1։2 հաշվով պարտվել է Գերմանիայի չեմպիոն Մյունխենի «Բավարիային»։Հետևեք NEWS.am SPORT-ին Facebook-ում, Twitter և Telegram-ում",Sport,https://sport.news.am/arm/news/165662/
Աշխարհի գավաթ. Արթուր Դավթյանը եզրափակիչում է,"Փարիզի Օլիմպիական խաղերի փոխչեմպիոն, Տոկիոյի Օլիմպիական խաղերի բրոնզե մեդալակիր, աշխարհի չեմպիոն, Եվրոպայի եռակի չեմպիոն Արթուր Դավթյանը Խորվաթիայի Օսիյեկ քաղաքում անցկացվող սպորտային մարմնամարզության աշխարհի գավաթի խաղարկության վերջին փուլում ամենաբարձր միավորով դուրս եկավ եզրափակիչում։Հայաստանի հավաքականի առաջատարը հենացատկի վարժության որակավորման փուլում վաստակեց 14.583 միավոր: Հակոբ Սերոբյանի գլխավորած հավաքականից Օսիյեկում անցկացվող աշխարհի գավաթի խաղարկության վերջին փուլի եզրափակիչ են դուրս եկել նաեւ Արթուր Ավետիսյանը, Համլետ Մանուկյանը եւ Մամիկոն Խաչատրյանը:Արթուր Ավետիսյանը օղակների վարժության որակավորման փուլը հաղթահարել է 14.133 միավորով:  Համլետ Մանուկյանը նժույգ թափեր վարժությունում վաստակել է 14.666 միավոր, Մամիկոն Խաչատրյանը՝ 14.533 միավոր:Նժույգի եւ օղակների վարժության եզրափակիչները տեղի կունենան ապրիլի 11-ին, հենացատկի վարժության եզրափակիչը՝ ապրիլի 12-ին: Հետևեք NEWS.am SPORT-ին Facebook-ում, Twitter և Telegram-ում",Sport,https://sport.news.am/arm/news/165663/
«Նոան» խնդիրներ չունեցավ՝ 3:0 (տեսանյութ),"Ֆուտբոլի Հայաստանի Պրեմիեր լիգայի առաջնության 21-րդ տուրում Կապանի «Գանձասարը» Երեւանի «Ջունիոր Սպորտ» մարզադաշտում ընդունեց Հայաստանի չեմպիոն եւ գավաթակիր «Նոային», որն առավելության հասավ 3:0 հաշվով։43-րդ րոպեին հանդիպման հաշիվը բացեց բրազիլացի հարձակվող Մատեուս Այասը։61-րդ րոպեին պաշտպան Սերգեյ Մուրադյանը կրկնապատկեց «Նոայի» առավելությունը։ 75-րդ րոպեին աչքի ընկավ բոսնիացի հարձակվող Նարդին Մուլահուսեյնովիչը:«Նոան» (19 խաղ) 38 միավորով չորրորդն է, «Գանձասարը» (20 խաղ) 7-րդն է՝ 17 միավոր։Հետևեք NEWS.am SPORT-ին Facebook-ում, Twitter և Telegram-ում",Sport,https://sport.news.am/arm/news/165664/
Ալկարասի 300-րդ հաղթանակը,"Աշխարհի առաջին ռակետ Կառլոս Ալկարասը դուրս եկավ Մոնտե Կառլոյի «Մասթերս» մրցաշարի կիսաեզրափակիչ։ Իսպանացի թենիսիստը 6:3, 6:0 հաշվով հաղթեց աշխարհի 11-րդ ռակետ․ Ղազախստանի ներկայացուցիչ Ալեքսանդր Բուբլիկին։ Մրցախաղը տեւեց 1 ժամ եւ 3 րոպե։Ալկարասը 300-րդ հաղթանակը տարավ կարիերայում։Կիսաեզրափակիչում Ալկարասի մրցակիցը կլինի Մոնակոն ներկայացնող Վալանտեն Վաշերոյի եւ ավստրալացի Ալեքս դե Մինորի դիմակայության հաղթողը։Մոնտե Կառլոյի «Մասթերսի» մրցանակային հիմնադրամը 6,3 միլիոն եվրո է։ Անցած տարի տիտղոսը նվաճել է Կառլոս Ալկարասը։Հետևեք NEWS.am SPORT-ին Facebook-ում, Twitter և Telegram-ում",Sport,https://sport.news.am/arm/news/165665/
«Ռեալի» մեկնարկային կազմը,"Իսպանիայի Լա Լիգայի առաջնության 31-րդ տուրում փոխչեմպիոն Մադրիդի «Ռեալը» կընդունի կատալոնական «Ժիրոնային»։ Հայտնի է Արքայական թիմի մեկնարկային կազմը։«Ռեալ»․ Լունին, Գարսիա, Ասենսիո, Միլիտաո, Կարվախալ, Կամավինգա, Վալվերդե, Բելինգեմ, Վինիսիուս, Դիաս, Մբապե։Հանդիպումը կմեկնարկի Երեւանի ժամանակով 23:00-ին։Հետևեք NEWS.am SPORT-ին Facebook-ում, Twitter և Telegram-ում",Sport,https://sport.news.am/arm/news/165666/
«Ռոմային» հաղթանակ բերեց Մալենի հեթ-տրիկը (տեսանյութ),"Իտալիայի առաջնության 32-րդ տուրի մեկնարկային խաղում «Ռոման» ընդունեց «Պիզային» եւ հաղթեց 3:0 հաշվով։Հեթ-տրիկի հեղինակ դարձավ հոլանդացի հարձակվող Դոնիել Մալենը։«Ռոման» 57 միավորով 6-րդն է, «Պիզան» վերջինն է՝ 18 միավոր։Իտալիայի առաջնություն, 32-րդ տուր«Ռոմա» - «Պիզա»՝ 3:0 (տեսանյութ)Դոնիել Մալեն, 3, 43, 52Հետևեք NEWS.am SPORT-ին Facebook-ում, Twitter և Telegram-ում",Sport,https://sport.news.am/arm/news/165667/
«Ռեալը» բաց թողեց հաղթանակը (տեսանյութ),"Իսպանիայի Լա Լիգայի առաջնության 31-րդ տուրի մեկնարկային խաղում փոխչեմպիոն Մադրիդի «Ռեալը» հյուրընկալեց կատալոնական «Ժիրոնային» եւ բավարարվեց ոչ ոքի արդյունքով՝ 1:1:51-րդ րոպեին հանդիպման հաշիվը բացեց «Ռեալի» ուրուգվայցի կիսապաշտպան Ֆեդերիկո Վալվերդեն։ 62-րդ րոպեին պատասխան գոլը խփեց ֆրանսիացի կիսապաշտպան Թոմա Լեմարը։«Ռեալը» 70 միավորով երկրորդն է, «Ժիրոնան» ունի 38 միավոր եւ 12-րդն է։Իսպանիայի առաջնություն, 31-րդ տուր«Ռեալ Մադրիդ» - «Ժիրոնա»՝ 1:1 (տեսանյութ)Ֆեդերիկո Վալվերդե, 51 - Թոմա Լեմար, 62Հետևեք NEWS.am SPORT-ին Facebook-ում, Twitter և Telegram-ում",Sport,https://sport.news.am/arm/news/165668/
ԵԱ․ Ռոբերտ Հովհաննիսյանը տարավ չորրորդ հաղթանակը եւ կիսում է առաջին տեղը,"Լեհաստանի Կատովիցե քաղաքում անցկացվող շախմատի Եվրոպայի անհատական առաջնությունում Հայաստանի ներկայացուցիչ Ռոբերտ Հովհաննիսյանը տարվա չորրորդ հաղթանակը եւ իսպանացի Էդուարդո Իտուրիսագա Բոնելիի հետ կիսում է առաջին եւ երկրորդ տեղերը։Չորրորդ տուրում հայ գրոսմայստերը սպիտակ ֆիգուրներով պարտության մատնեց հույն Դիմիտրիս Ալեքսակիսին։Շանթ Սարգսյանը սեւ ֆիգուրներով ոչ ոքի խաղաց իտալացի Լուկա Մորոնիի հետ եւ 3,5 միավորով բաժանում է 3-34-րդ տեղերը։Հայաստանի ներկայացուցիչներից 3,5-ական միավոր ունեն նաեւ Էմին Օհանյանն ու Հայկ Մարտիրոսյանը։Եվրոպայի առաջնությունում կանցկացվի 11 տուր։Հետևեք NEWS.am SPORT-ին Facebook-ում, Twitter և Telegram-ում",Sport,https://sport.news.am/arm/news/165669/
ԱԱ-2026-ում  Իրանի հավաքականի հանդիպումները չեն տեղափոխվի Մեքսիկա,"Ֆուտբոլի աշխարհի առաջնության հանդիպումներն Իրանի մասնակցությամբ չեն անցկացվի բացառապես Մեքսիկայում, ինչպես պահանջել էր Իրանի կառավարությունը։Մեքսիկայի նախագահ Կլաուդիան Շեյնբաումը հայտարարել է, որ Ֆուտբոլի միջազգային ֆեդերացիան վերջնական որոշում է ընդունել։«ՖԻՖԱ-ն ունի վերջնական որոշում, որ հանդիպումները չեն կարող տեղափոխվել սկզբնական մրցավայրերից։ Այդպիսի փոփոխությունը ՖԻՖԱ-ից կպահանջեր ահռելի լոգիստիկ ջանքեր»,- Շեյնբաումի խոսքը մեջբերում է Goal.com-ը։Իրանի սպորտի նախարարը հայտարարել էր, որ Իրանի հավաքականի համար անընդունելի կլինի մասնակցությունն աշխարհի առաջնությանը, եթե հանդիպումները տեղի ունենան ԱՄՆ-ում։ Խմբային փուլում Իրանի հավաքականի մրցակիցները կլինեն Բելգիան, Նոր Զելանդիան ու Եգիպտոսը։ Երեք հանդիպումներն էլ նախատեսված են ԱՄՆ-ում։Հետևեք NEWS.am SPORT-ին Facebook-ում, Twitter և Telegram-ում",Sport,https://sport.news.am/arm/news/165670/
Օրվա հանդիպումների անոնս,"Ֆուտբոլի Հայաստանի, Անգլիայի, Իսպանիայի, Իտալիայի, Գերմանիայի եւ Ֆրանսիայի առաջնություններում ապրիլի 11-ին տեղի կունենան հերթական տուրերի հանդիպումները։Հայաստանի առաջնություն, 16-րդ տուրից տեղափոխված հանդիպում«Արարատ» - «Ալաշկերտ»՝ 15:0021-րդ տուր«Փյունիկ» - «Արարատ-Արմենիա»՝ 17:30Անգլիայի առաջնություն, 32-րդ տուր«Արսենալ» - «Բորնմուտ»՝ 15:30 (Երեւանի ժամանակ)«Բրենթֆորդ» - «Էվերտոն»՝ 18:00«Բարնլի» - «Բրայթոն»՝ 18:00«Լիվերպուլ» - «Ֆուլհեմ»՝ 20:30Իսպանիայի առաջնություն, 31-րդ տուր«Ռեալ Սոսիեդադ» - «Ալավես»՝ 16:00«Էլչե» - «Վալենսիա»՝ 18:15«Բարսելոնա» - «Էսպանյոլ»՝ 20:30«Սեւիլիա» - «Աթլետիկո Մադրիդ»՝ 23:00Իտալիայի առաջնություն, 32-րդ տուր«Կալյարի» - «Կրեմոնեզե»՝ 17:00«Տորինո» - «Վերոնա»՝ 17:00«Միլան» - «Ուդինեզե»՝ 20:00«Ատալանտա» - «Յուվենտուս»՝ 22:45Գերմանիայի առաջնություն, 29-րդ տուր«Բորուսիա Դորտմունդ» - «Բայեր»՝ 17:00«Հայդենհայմ» - «Ունիոն Բեռլին»՝ 17:00«ՌԲ Լայպցիգ» - «Բորուսիա Մյոնխենգլադբախ»՝ 17:00«Վոլֆսբուրգ» - «Այնտրախտ Ֆրանկֆուրտ»՝ 17:00«Սանկտ Պաուլի» - «Բավարիա»՝ 20:30Ֆրանսիայի առաջնություն, 29-րդ տուր«Օսեր» - «Նանտ»՝ 21:00«Ռեն» - «Անժե»՝ 23:05Հետևեք NEWS.am SPORT-ին Facebook-ում, Twitter և Telegram-ում",Sport,https://sport.news.am/arm/news/165671/
Արբելոա․ Ոչ միշտ ենք հաղթում՝ առավելագույն ջանք չգործադրելով,"Իսպանիայի փոխչեմպիոն Մադրիդի «Ռեալի» իսպանացի գլխավոր մարզիչ Ալվարո Արբելոան մեկնաբանել է 1:1 հաշվով ոչ ոքի արդյունքը «Ժիրոնայի» դեմ Լա Լիգայի 31-րդ տուրի տնային խաղում։«Բոլոր մրցակիցներին հաղթելու համար պետք է 200 տոկոս ջանք գործադրել։ Մենք ոչ միշտ ենք ցուցադրում 90 տոկոս կամ ոչ միշտ ենք հաղթում՝ առավելագույն ջանք չգործադրելով։ Եթե ցանկանում ես վստահ լինել քեզնից ցածր կարգ ունեցող թիմերի դեմ պայքարում, պետք է լիարժեք դրսեւորել հնարավորությունները։ Այլապես այսպիսի պատահականություններ հաճախ են պատահում։Մբապեի եւ Վինիսիուսի արդյունավետության մասին անհանգստանալ չեմ կարող, քանի որ նրանք աշխարհի չորս-հինգ լավագույնների թվում են եւ ցուցադրում են արժանի ցուցանիշ։ Պետք է բարելավել ամբողջ թիմի խաղը, քանի որ բարդ է պաշտպանության վրա շեշտ դնող թիմերի դեմ։ Խնդիրն անհատական չէ։ Պետք է կոլեկտիվ գործողություններն ավելի արդյունավետ լինեն»,- Արբելոայի խոսքը մեջբերում է AS-ը։«Ռեալը» 31 խաղից հետո 70 միավորով երկրորդն է, «Ժիրոնան» ունի 38 միավոր եւ 12-րդն է։ Առաջատար «Բարսելոնան» 30 խաղից հետո ունի 76 միավոր։Հետևեք NEWS.am SPORT-ին Facebook-ում, Twitter և Telegram-ում",Sport,https://sport.news.am/arm/news/165672/
«Արսենալը» պարտություն կրեց տանը (տեսանյութ),"Անգլիայի Պրեմիեր լիգայի 32–րդ տուրում փոխչեմպիոն «Արսենալը» տանը մրցեց «Բորնմուտի» հետ եւ պարտություն կրեց 1։2 հաշվով։Հյուրերից աչքի ընկան ֆրանսիացի հարձակվող Էլի Կրուպին եւ անգլիացի կիսապաշտպան Ալեքսա Սքոթը։«Արսենալի» գոլը խփեց Շվեդիայի հավաքականի հարձակվող Վիկտոր Դյոկերեշը։«Արսենալը» 70 միավորով գլխավորում է մրցաշարային աղյուսակը։ 2 հանդիպում քիչ անցկացրած «Մանչեսթեր Սիթին» 61 միավորով երկրորդն է։ «Բորնմուտը» 9–րդն է՝ 45 միավոր։Անգլիայի առաջնություն, 32-րդ տուր«Արսենալ» – «Բորնմուտ»՝ 1:2 (տեսանյութ)Վիկտոր Դյոկերեշ, 35, 11մ – Էլի Կրուպի, 17, Ալեքս Սքոթ, 74Հետևեք NEWS.am SPORT-ին Facebook-ում, Twitter և Telegram-ում",Sport,https://sport.news.am/arm/news/165676/
«Ալաշկերտը» պարտության մատնեց «Արարատին» (տեսանյութ),"Հայաստանի Պրեմիեր լիգայի առաջնության 16–րդ տուրից տեղափոխված խաղում «Ալաշկերտը» հյուրընկալվեց «Արարատին» եւ առավելության հասավ 3։2 հաշվով։«Ալաշկերտը» (20 խաղ) 36 միավորով 5–րդն է, «Արարատը» (20 խաղ) վերջինն է՝ 6 միավոր։Հայաստանի առաջնություն, 16-րդ տուրից տեղափոխված խաղ«Արարատ» – «Ալաշկերտ»՝ 2։3 Աբուբաքար Օուտարա, 35, Կալիֆալա Դումբիա, 86 – Մոմո Տուրե, 28, 11մ, Ջոզեֆ Սաբոբո, 29, Օլավալե Ֆարայոլա, 45+1, 11մՀետևեք NEWS.am SPORT-ին Facebook-ում, Twitter և Telegram-ում",Sport,https://sport.news.am/arm/news/165677/
Դորտմունդի «Բորուսիան» պարտվեց «Բայերին» (տեսանյութ),"Ֆուտբոլի Գերմանիայի Բունդեսլիգայի առաջնության 29-րդ տուրում Դորտմունդի «Բորուսիան» ընդունեց Լեւերկուզենի «Բայերին» եւ պարտություն կրեց 0:1 հաշվով։Միակ գոլը 42-րդ րոպեին խփեց գերմանացի կիսապաշտպան Ռոբերտ Անդրիխը (տեսանյութ)։«Բորուսիան» 64 միավորով երկրորդն է, «Բայերը» 5-րդն է՝ 52 միավոր։Հետևեք NEWS.am SPORT-ին Facebook-ում, Twitter և Telegram-ում",Sport,https://sport.news.am/arm/news/165678/
«Արարատ-Արմենիան» հաղթեց «Փյունիկին» (տեսանյութ),"Ֆուտբոլի Հայաստանի Պրեմիեր լիգայի առաջնության 21-րդ տուրում «Արարատ-Արմենիան» ընդունեց «Փյունիկին» եւ հաղթեց 2։0 հաշվով։24-րդ րոպեին 11-մետրանոց հարվածն արդյունավետ իրացրեց կոլումբացի կիսապաշտպան Խուան Անդրես Բալանտան։Ավելացված երկրորդ րոպեին աչքի ընկավ պորտուգալացի պաշտպան Հուգո Օլիվերան։«Արարատ-Արմենիան» (20 խաղ) 42 միավորով գլխավորում է մրցաշարայաին աղյուսակը, «Փյունիկը» (19 խաղ) երրորդն է՝ 41 միավոր։Հետևեք NEWS.am SPORT-ին Facebook-ում, Twitter և Telegram-ում",Sport,https://sport.news.am/arm/news/165679/
«Բարսելոնայի» մեկնարկային կազմը,"Ֆուտբոլի Իսպանիայի Լա Լիգայի առաջնության 31–րդ տուրում չեմպիոն «Բարսելոնան» կընդունի «Էսպանյոլին»։«Բարսելոնայի» գերմանացի գլխավոր մարզիչ Հանս–Դիտեր Ֆլիկը հրապարակել է մեկնարկային կազմը։«Բարսելոնա». Ժոան Գարսիա, Խերարդ Մարտին, Կուբարսի, Էրիկ Գարսիա, Արաուխո, Բալդե, Յամալ, Ֆերմին Լոպես, Գավի, Պեդրի, Ֆերան Տորես։«Բարսելոնա» – «Էսպանյոլ» հանդիպումը կմեկնարկի Երեւանի ժամանակով 20։30–ին։Հետևեք NEWS.am SPORT-ին Facebook-ում, Twitter և Telegram-ում",Sport,https://sport.news.am/arm/news/165680/
Աշխարհի գավաթ․ Համլետ Մանուկյանը նվաճեց հաղթողի կոչումը,"Խորվաթիայի Օսիյեկ քաղաքում անցկացվող սպորտային մարմնամարզության աշխարհի գավաթի խաղարկության վերջին փուլում Հայաստանի ներկայացուցիչ Համլետ Մանուկյանը նվաճեց հաղթողի կոչումը։ Նա երկրորդ փուլում անընդմեջ հավասարը չունեցավ նժույգ թափեր վարժությունում՝ վաստակելով 14.733 միավոր։Մամիկ Խաչատրյանը գրավեց 6-րդ տեղը։Օղակների վարժությունում Արթուր Ավետիսյանը գրավեց երրորդ տեղը։Հետևեք NEWS.am SPORT-ին Facebook-ում, Twitter և Telegram-ում",Sport,https://sport.news.am/arm/news/165681/
«Միլանը» պարտվեց խոշոր հաշվով (տեսանյութ),"Իտալիայի առաջնության 32-րդ տուրում «Միլանը» սեփական խադաշտում 0:3 հաշվով պարտվեց «Ուդինեզեին»։26-րդ րոպեին ինքնագոլի հեղինակ դարձավ «Միլանի» իտալացի պաշտպան Դավիդե Բարտեզագին։ 37-րդ րոպեին հյուրերի առավելությունը կրկնապատկեց հոլանդացի կիսապաշտպան Յուրգեն Էկելենկամպը։ 71-րդ րոպեին հաշիվը խոշոր դարձրեց ֆրանսիացի կիսապաշտպն Արթյուր Ատան։«Միլանը» 63 միավորով երրորդն է, «Ուդինեզեն» 10-րդն է՝ 43 միավոր։Իտալիայի առաջնություն, 32-րդ տուր«Միլան» - «Ուդինեզե»՝ 3:0 (տեսանյութ)Դավիդե Բարտեզագի, 26, ինքնագոլ, Յուրգեն Էկելենկամպ, 37, Արթյուր Ատա, 71Հետևեք NEWS.am SPORT-ին Facebook-ում, Twitter և Telegram-ում",Sport,https://sport.news.am/arm/news/165682/
«Լիվերպուլն» ուժեղ էր «Ֆուլհեմից» (տեսանյութ),"Անգլիայի Պրեմիեր լիգայի առաջնության 32-րդ տուրում չեմպիոն «Լիվերպուլը» սեփական խաղադաշտում մրցեց «Ֆուլհեմի» հետ եւ պարտության մատնեց 2:0 հաշվով։Աչքի ընկան անգլիացի հարձակվող Ռիո Նգումոան եւ եգիպտացի հարձակվող Մոհամեդ Սալահը։«Լիվերպուլը» 52 միավորով 5-րդն է, «Ֆուլհեմը» 11-րդ տեղում է՝ 44 միավոր։Անգլիայի առաջնություն, 32-րդ տուր«Լիվերպուլ» - «Ֆուլհեմ»՝ 2:0 (տեսանյութ)Ռիո Նգումոա, 36, Մոհամեդ Սալահ, 40Հետևեք NEWS.am SPORT-ին Facebook-ում, Twitter և Telegram-ում",Sport,https://sport.news.am/arm/news/165683/
«Բավարիան» խնդիրներ չունեցավ՝ 5:0 (տեսանյութ),"Գերմանիայի առաջնության 29-րդ տուրում չեմպիոն «Բավարիան» հյուրընկալվեց «Սանկտ Պաուլիին»։Բելգիացի Վենսան Կոմպանիի գլխավորած թիմը հաղթեց 5:0 հաշվով։«Բավարիան» 76 միավորով գլխավորում է մրցաշարային աղյուսակը եւ 13 միավոր առաջ է երկրորդ տեղում գտնվող Դորտմունդի «Բորուսիայից»։ «Սանկտ Պաուլին» 16-րդն է՝ 25 միավոր։Գերմանիայի առաջնություն, 29-րդ տուր«Սանկտ Պաուլի» - «Բավարիա»՝ 0:5 (տեսանյութ)Ջամալ Մուսիալա, 9, Լեոն Գորեցկա, 53, Մայքլ Օլիսե, 54, Նիկոլաս Ջեքսոն, 65, Ռաֆայել Գերեյրու, 88Հետևեք NEWS.am SPORT-ին Facebook-ում, Twitter և Telegram-ում",Sport,https://sport.news.am/arm/news/165684/
«Բարսելոնան» պարտության մատնեց «Էսպանյոլին» (տեսանյութ),"Իսպանիայի առաջնության 31-րդ տուրում չեմպիոն «Բարսելոնան» ընդունեց «Էսպանյոլին» եւ հաղթեց 4:1 հաշվով։Դուբլի հեղինակ դարձավ իսպանացի հարձակվող Ֆերան Տորեսը։ Աչքի ընկան նաեւ Իսպանիայի հավաքականի եզրային հարձակվող Լամին Յամալն ու անգլիացի հարձակվող Մարկուս Ռեշֆորդը։«Բարսելոնան» 79 միավորով գլխավորում է մրցաշարային աղյուսակը եւ 9 միավոր գերազանցում է երկրորդ տեղում գտնվող փոխչեմպիոն «Ռեալին»։ «Էսպանյոլը» 10-րդն է՝ 38 միավոր։Իսպանիայի առաջնություն, 31-րդ տուր«Բարսելոնա» - «Էսպանյոլ»՝ 4:1 (տեսանյութ)Ֆերան Տորես, 9, 25, Լամին Յամալ, 87, Մարկուս Ռեշֆորդ, 89 - Պոլ Լոսանո, 56Հետևեք NEWS.am SPORT-ին Facebook-ում, Twitter և Telegram-ում",Sport,https://sport.news.am/arm/news/165685/
«Յուվենտուսը» հաղթեց «Ատալանտային» (տեսանյութ),"Իտալիայի առաջնության 32-րդ տուրում Թուրինի «Յուվենտուսը» Բերգամոյում մրցեց «Ատալանտայի» հետ եւ հաղթեց 1:0 հաշվով։Իտալացի Լուչա Սպալետիի գլխավորած թիմից 48-րդ րոպեի գոլի հեղինակ դարձավ կոտդիվուարցի կիսապաշտպան Ժերեմի Բոգան (տեսանյութ)։«Յուվենտուսը» 60 միավորով չորրորդն է, «Ատալանտան» 7-րդն է՝ 53 միավոր։Հետևեք NEWS.am SPORT-ին Facebook-ում, Twitter և Telegram-ում",Sport,https://sport.news.am/arm/news/165686/
Ռոնալդուի 968-րդ գոլը (տեսանյութ),"Սաուդյան Արաբիայի առաջնության 28-րդ տուրում «Ալ Նասրը» մրցակցի խաղադաշտում 2:0 հաշվով պարտության մատնեց «Ալ Օխդուդին» (տեսանյութ)։Պրոֆեսիոնալ կարիերայում 968-րդ գոլը խփեց 41-ամյա պորտուգալացի հարձակվող Կրիշտիանու Ռոնալդուն, որն աչքի ընկավ 15-րդ րոպեին։ 47-րդ րոպեին «Ալ Նասրի» առավելությունը կրկնապատկեց պորտուգալացի Ժոաու Ֆելիշը։«Ալ Նասրը» 73 միավորով գլխավորում է մրցաշարային աղյուսակը։Հետևեք NEWS.am SPORT-ին Facebook-ում, Twitter և Telegram-ում",Sport,https://sport.news.am/arm/news/165687/
Մադրիդի «Աթլետիկոն» պարտվեց «Սեւիլիային» (տեսանյութ),"Իսպանիայի առաջնության 31-րդ տուրում «Սեւիլիան» ընդունեց Մադրիդի «Աթլետիկոյին» եւ առավելության հասավ 2:1 հաշվով։«Աթլետիկոն» 57 միավորով չորրորդն է, «Սեւիլիան» 15-րդն է՝ 34 միավոր։Իսպանիայի առաջնություն, 31-րդ տուր«Սեւիլիա» - «Աթլետիկո Մադրիդ»՝ 2:1 (տեսանյութ)Ակոր Ադամս, 10, 11մ, Նեմանյա Գուդել, 45+2 - Խավիեր Բոնիար, 35Հետևեք NEWS.am SPORT-ին Facebook-ում, Twitter և Telegram-ում",Sport,https://sport.news.am/arm/news/165688/
Օրվա հանդիպումների անոնս,"Ֆուտբոլի Հայաստանի, Անգլիայի, Իսպանիայի, Իտալիայի, Գերմանիայի եւ Ֆրանսիայի առաջնություններում ապրիլի 12-ին կշարունակվեն հերթական տուրերի հանդիպումները։Հայաստանի առաջնություն, 21-րդ տուրԲԿՄԱ - «Շիրակ»՝ 15:30Անգլիայի առաջնություն, 32-րդ տուր «Քրիսթալ Փելաս» - «Նյուքասլ Յունայթեդ»՝ 17:00 (Երեւանի ժամանակ)«Նոթինգեմ Ֆորեսթ» - «Աստոն Վիլա»՝ 17:00«Սանդերլենդ» - «Տոտենհեմ»՝ 17:00«Չելսի» - «Մանչեսթեր Սիթի»՝ 19:30Իսպանիայի առաջնություն, 31-րդ տուր«Օսասունա» - «Բետիս»՝ 16:00«Մալյորկա» - «Ռայո Վալիեկանո»՝ 18:15«Սելտա» - «Ռեալ Օվիեդո»՝ 20:30«Աթլետիկ Բիլբաո» - «Վիլյառեալ»՝  23:00Իտալիայի առաջնություն, 32-րդ տուր«Ջենոա»  - «Սասուոլո»՝ 14:30«Պարմա» - «Նապոլի»՝ 17:00«Բոլոնիա» - «Լեչե»՝ 20:00«Կոմո» - «Ինտեր»՝ 22:45Գերմանիայի առաջնություն, 29-րդ տուր«Քյոլն» - «Վերդեր»՝ 17:30«Շտուտգարտ» - «Համբուրգ»՝ 19:30«Մայնց» - «Ֆրայբուրգ»՝ 21:30Ֆրանսիայի առաջնություն, 29-րդ տուր«Նիցա» - «Հավր»՝ 19:15«Թուլուզ» - «Լիլ»՝ 19:15«Լիոն» - «Լորիան»՝ 22:45 29-րդ տուրի «Բրեստ» - «Ստրասբուրգ» եւ «Լանս» - ՊՍԺ հանդիպումները հետաձգված են:  Հետևեք NEWS.am SPORT-ին Facebook-ում, Twitter և Telegram-ում",Sport,https://sport.news.am/arm/news/165689/
Լամին Յամալը գերազանցեց Ռաուլի ռեկորդը,"Իսպանիայի չեմպիոն «Բարսելոնայի» եւ Եվրոպայի չեմպիոն Իսպանիայի հավաքականի եզրային հարձակվող Լամին Յամալը 100-րդ հանդիպմանն է մասնակցել Լա Լիգայում՝ գերազանցելով Մադրիդի «Ռեալի» լեգենդար իսպանացի հարձակվող Ռաուլի տարիքային ռեկորդը։Լամին Յամալը 31-րդ տուրում «Էսպանյոլի» դեմ հանդիպմանը մասնակցել է 18 տարեկան եւ 272 օրականում։ Ռաուլն իր 100-րդ հանդիպումը Լա Լիգայում անցկացրել է 19 տարեկան եւ 284 օրականում։«Բարսելոնան» «Էսպանյոլին» հաղթել էր 4:1 հաշվով, Յամալը դարձել է մեկ գոլի եւ երկու գոլային փոխանցման հեղինակ։Հետևեք NEWS.am SPORT-ին Facebook-ում, Twitter և Telegram-ում",Sport,https://sport.news.am/arm/news/165690/
"Մարի-Լուիզա Էտան՝ Եվրոպայի 5 առաջատար լիգաների պատմության մեջ առաջին կին 
գլխավոր մարզիչ","34-ամյա Մարի-Լուիզա Էտան նշանակվել է գերմանական Բունդեսլիգան ներկայացնող «Ունիոն Բեռլինի» գլխավոր մարզիչի պաշտոնակատար։ Նա թիմը կղեկավարի մինչեւ այս մրցաշրջանի ավարտը, հաղորդում է ակումբի կայքը։Մարի-Լուիզա Էտան Եվրոպայի 5 առաջատար լիգաների պատմության մեջ առաջին կին գլխավոր մարզիչն է։Նրանից առաջ ոչ մի կին չի գլխավորել տղամարդկանց թիմ Անգլիայի, Իսպանիայի, Իտալիայի, Գերմանիայի եւ Ֆրանսիայի ուժեղագույն լիգաներում։Մարի-Լուիզա Էտան «Ունիոն Բեռլինում» փոխարինել է 54-ամյա Շտեֆեն Բաումգարտին, որը թիմը ղեկավարում էր այս տարվա հունվարից։Մարի-Լուիզա Էտան «Ունիոն Բեռլինի» մինչեւ 19 տարեկանների թիմի գլխավոր մարզիչն էր։Գերմանիայի Բունդեսլիգայի 29 խաղից հետո «Ունիոն Բեռլինը» 32 միավորով 11-րդն է։Հետևեք NEWS.am SPORT-ին Facebook-ում, Twitter և Telegram-ում",Sport,https://sport.news.am/arm/news/165691/
Ալկարասը կրկնեց Ջոկովիչի եւ Նադալի ցուցանիշը,"«Մեծ սաղավարտի» մրցաշարերի 7-ակի չեմպիոն, աշխարհի առաջին ռակետ, իսպանացի Կառլոս Ալկարասը մինչեւ 23 տարեկան երրորդ թենիսիստն է, որի հաջողվում է «Մասթերս» մրցաշարերի 10-րդ եզրափակիչ դուրս գալ։Մոնտե Կառլոյի «Մասթերսի» կիսաեզրափակիչում Ալկարասը 6:4, 6:4 հաշվով հաղթել է Մոնակոյի ներկայացուցիչ Վալանտեն Վաշերոյին եւ եզրափակիչում կմրցի աշխարհի երկրորդ ռակետ, իտալացի Յանիկ Սիների հետ։Ալկարասից առաջ սերբ Նովակ Ջոկովիչին եւ իսպանացի Ռաֆայել Նադալին էր հաջողվել մինչեւ 23 տարեկան դառնալը 10 անգամ հասնել «Մասթերսի» եզրափակիչ։Հետևեք NEWS.am SPORT-ին Facebook-ում, Twitter և Telegram-ում",Sport,https://sport.news.am/arm/news/165692/
Աշխարհի գավաթ. Արթուր Դավթյանը՝ արծաթե մեդալակիր (տեսանյութ),"Փարիզի Օլիմպիական խաղերի փոխչեմպիոն, Տոկիոյի Օլիմպիական խաղերի բրոնզե մեդալակիր, աշխարհի չեմպիոն, Եվրոպայի եռակի չեմպիոն Արթուր Դավթյանը Խորվաթիայի Օսիյեկ քաղաքում ավարտին մոտեցող սպորտային մարմնամարզության աշխարհի գավաթի խաղարկության վերջին փուլում նվաճեց արծաթե մեդալ:Հայաստանի հավաքականի առաջատարը հենացատկի վարժության եզրափակիչում վաստակեց  14.583 միավոր: Ոսկե մեդալակիր դարձավ Փարիզի Օլիմպիական խաղերի բրոնզե մեդալակիր, Եվրոպայի չեմպիոն, բրիտանացի Հարի Հեփվորֆը, որը Դավթյանին գերազանցեց 0,033 միավորով (14.616 միավոր):  Այս վարժությունում բրոնզե մեդալակիր դարձավ աշխարհի կրկնակի բրոնզե մեդալակիր, Եվրոպայի չեմպիոն, ուկրաինացի Նազար Չեպուրնին՝ 14.583 միավոր:Արթուր Դավթյանը որակավորման փուլում վաստակել էր նույնքան միավոր՝ 14.583 եւ առաջին տեղից դուրս եկել եզրափակիչ:  Հակոբ Սերոբյանի գլխավորած հավաքականն աշխարհի գավաթի խաղարկության վերջին փուլում պայքարն ավարտեց երեք մեդալով՝ մեկական ոսկի, արծաթ եւ բրոնզ:Եվրոպայի չեմպիոն Համլետ Մանուկյանը նժույգ թափեր վարժությունում դարձավ ոսկե մեդալակիր: Նա երկրորդ փուլում անընդմեջ հավասարը չունեցավ նժույգ թափեր վարժությունում՝ վաստակելով 14.733 միավոր։Արթուր Ավետիսյանը օղակների վարժությունում նվաճեց բրոնզե մեդալ: Ավետիսյանը ճանաչվեց նաեւ 2026 թ. աշխարհի գավաթակիր օղակների վարժությունում:Հետևեք NEWS.am SPORT-ին Facebook-ում, Twitter և Telegram-ում",Sport,https://sport.news.am/arm/news/165693/
ԲԿՄԱ-ն ու «Շիրակը» հաղթողին չպարզեցին,"Ֆուտբոլի Հայաստանի Պրեմիեր լիգայի առաջնության 21-րդ տուրում ԲԿՄԱ-ն ընդունեց Գյումրիի «Շիրակին»։ Գրանցվեց ոչ ոքի՝ 0։0։20 խաղից հետո ԲԿՄԱ-ն 16 միավորով 8-րդն է, «Շիրակը» նախավերջինն է՝ 11 միավոր։Հետևեք NEWS.am SPORT-ին Facebook-ում, Twitter և Telegram-ում",Sport,https://sport.news.am/arm/news/165694/
«Նապոլին» խուսափեց պարտությունից (տեսանյութ),"Իտալիայի առաջնության 32–րդ տուրում չեմպիոն «Նապոլին» հյուրընկալվեց «Պարմային» եւ բավարարվեց ոչ ոքի արդյունքով՝ 1։1։Արդեն առաջին րոպեին հանդիպման հաշիվը բացեց «Պարմայի» բրազիլացի կիսապաշտպան Գաբրիել Ստրեֆեզան։ 60–րդ րոպեին պատասխան գոլը խփեց շոտլանդացի կիսապաշտպան Սքոթ Մաքթոմինայը։«Նապոլին» 66 միավորով երկրորդն է, «Պարման» 14–րդն է՝ 36 միավոր։Իտալիայի առաջնություն, 32–րդ տուր«Պարմա» – «Նապոլի»՝ 1։1 (տեսանյութ)Գաբրիել Ստրեֆեզա, 1 – Սքոթ Մաքթոմինայ, 60Հետևեք NEWS.am SPORT-ին Facebook-ում, Twitter և Telegram-ում",Sport,https://sport.news.am/arm/news/165695/
"«Մասթերս»․ Սիները եզրափակիչում հաղթեց Ալկարասին եւ դարձյալ կդառնա աշխարհի 
առաջին ռակետ","Աշխարհի երկրորդ ռակետ Յանիկ Սիները նվաճեց Մոնտե Կառլոյի «Մասթերսի» տիտղոսը։ Եզրափակիչում իտալացի թենիսիստը 7:6 (7:5), 6:3 հաշվով պարտության մատնեց աշխարհի առաջին ռակետ, իսպանացի Կառլոս Ալկարասին։ Պայքարը տեւեց 2 ժամ եւ 14 րոպե։Սիները հաղթեց երրորդ անընդմեջ «Մասթերսում» եւ հաջորդ շաբաթ դարձյալ կգլխավորի Պրոֆեսիոնալ թենիսիստների ասոցիացիայի դասակարգման աղյուսակը։Հետևեք NEWS.am SPORT-ին Facebook-ում, Twitter և Telegram-ում",Sport,https://sport.news.am/arm/news/165696/
«Մանչեսթեր Սիթին» ուժեղ էր «Չելսիից» (տեսանյութ),"Անգլիայի Պրեմիեր լիգայի առաջնության 32-րդ տուրում «Մանչեսթեր Սիթին» հյուրընկալվեց աշխարհի ակումբային չեմպիոն Լոնդոնի «Չելսիին» եւ հաղթեց 3:0 հաշվով։Կատալոնացի Խոսեպ Գվարդիոլայի գլխավորած թիմից աչքի ընկան անգլիացի պաշտպան Նիկո Օ’Ռայլին, անգլիացի պաշտպան Մարկ Գեհին եւ բելգիացի կիսապաշտպան Ժերեմի Դոկուն։«Մանչեսթեր Սիթին» 31 խաղից հետո 64 միավորով երկրորդն է, «Չելսին» 6-րդն է՝ 48 միավոր։Անգլիայի առաջնություն, 32-րդ տուր«Չելսի» - «Մանչեսթեր Սիթի»՝ 0:3 (տեսանյութ)Նիկո Օ’Ռայլի, 51, Մարկ Գեհի, 57, Ժերեմի Դոկու, 68Հետևեք NEWS.am SPORT-ին Facebook-ում, Twitter և Telegram-ում",Sport,https://sport.news.am/arm/news/165697/
«Ինտերի» մեկնարկային կազմը,"Իտալիայի առաջնության 32-րդ տուրում փոխչեմպիոն Միլանի «Ինտերը» կհյուրընկալվի «Կոմոյին»։Հայտնի է «Ինտերի» մեկնարկային կազմը։ Հայաստանի հավաքականի նախկին ավագ, կիսապաշտպան Հենրիխ Մխիթարյանը մնացել է պահեստայինների թվում։«Ինտեր»․ Զոմեր, Ականջի, Աչերբի, Բաստոնի, Դյումֆրիս, Բարելա, Չալհանօղլու, Զելինսկի, Դիմարկո, Էսպոզիտո, Տյուրամ։«Կոմո» - «Ինտեր» հանդիպումը կմեկնարկի Երեւանի ժամանակով 22:45-ին։Հետևեք NEWS.am SPORT-ին Facebook-ում, Twitter և Telegram-ում",Sport,https://sport.news.am/arm/news/165698/
«Զենիթն» ու «Կրասնոդարը» հաղթողին չպարզեցին,"Ռուսաստանի Պրեմիեր լիգայի 24-րդ տուրում չեմպիոն եւ առաջատար «Կրասնոդարը» հյուրընկալվեց Սանկտ Պետերբուրգի «Զենիթին»։ Գրանցվեց ոչ ոքի՝ 1:1:27-րդ րոպեին հանդիպման հաշիվը բացեց «Զենիթի» բրազիլացի կիսապաշտպան Վենդելը։69-րդ րոպեին պատասխան գոլը խփեց «Կրասնոդարի» ուրուգվայցի պաշտպան Լուկաս Օլասան։78-րդ րոպեին կարմիր քարտ ստացավ «Զենիթի» բրազիլացի հարձակվող Պեդրինյոն։Հայաստանի հավաքականի եւ «Կրասնոդարի» կիսապաշտպան Էդուարդ Սպերցյանն անցկացրեց ամբողջ հանդիպումը։«Կրասնոդարը» 53 միավորով գլխավորում է մրցաշարային աղյուսակը, «Զենիթը» հետ է 1 միավոր եւ երկրորդն է։Հետևեք NEWS.am SPORT-ին Facebook-ում, Twitter և Telegram-ում",Sport,https://sport.news.am/arm/news/165699/
«Ինտերը» պարտության մատնեց «Կոմոյին» (տեսանյութ),"Իտալիայի առաջնության 32-րդ տուրում փոխչեմպիոն Միլանի «Ինտերը» հյուրընկալվեց «Կոմոյին» եւ հաղթեց 4:3 հաշվով։Ռումինացի Կրիստիան Կիվուի գլխավորած թիմից երկուական գոլ խփեցին ֆրանսիացի հարձակվող Մարկուս Տյուրամն ու հոլանդացի պաշտպան Դենզել Դյումֆրիսը։Հայաստանի հավաքականի նախկին ավագ, կիսապաշտպան Հենրիխ Մխիթարյանն «Ինտերի» պահեստայինների թվում էր եւ փոխարինման դուրս եկավ 78-րդ րոպեին։«Ինտերը» 76 միավորով գլխավորում է մրցաշարային աղյուսակը եւ 9 միավորի առավելություն ունի երկրորդ տեղում գտնվող չեմպիոն «Նապոլիի» նկատմամբ։ «Կոմոն» 5-րդն է՝ 58 միավոր։Իտալիայի առաջնություն, 32-րդ տուր«Կոմո» - «Ինտեր»՝ 3:4 (տեսանյութ)Ալեքս Վալե, 36, Նիկոլաս Պաս, 45, Լուկաշ Դա Կունյա, 89, 11մ – Մարկուս Տյուրամ, 45+1, 49, Դենզել Դյումֆրիս, 58, 72Հետևեք NEWS.am SPORT-ին Facebook-ում, Twitter և Telegram-ում",Sport,https://sport.news.am/arm/news/165701/
"Գվարդիոլա․ Եթե պարտվենք «Արսենալին», ամեն ինչ կավարտվի","«Մանչեսթեր Սիթիի» կատալոնացի գլխավոր մարզիչ Խոսեպ Գվարդիոլան խոսել է Լոնդոնի «Արսենալի» հետ չեմպիոնական մրցավազքի մասին։«Հաջորդ տուրում մենք կխաղանք «Արսենալի» հետո, որը 49 խաղում երեք պարտություն է կրել, իսկ Չեմպիոնների լիգայի այս մցրաշրջանում չի պարտվել։ Ես հարգում եմ «Արսենալին»։ Նրանք շատ նվաճումներ ունեն վերջին տարիներին։ Ես գիտեմ նրանց մարզիչին եւ ֆուտբոլիստներին, նրանց մակարդակը։ «Արսենալը» ամենաբարդ պայմաններում էլ կարողանում է մրցակցել։ Այս պահին «Արսենալը» լավագույն թիմն է Անգլիայում եւ Եվրոպայում։Հաջորդ հանդիպումը շատ կարեւոր է, քանի որ 6 միավոր ենք հետ «Արսենալից»։ Եթե պարտվենք, ամեն ինչ կավարտվի մեզ համար։ Նույնիսկ, ոչ ոքին ձեռնտու չէ։ Պետք է պատրաստվել եւ պահպանել հանգստություն»,- Գվարդիոլայի խոսքը մեջբերում է BBC Sport-ըԱնգլիայի առաջնության 33-րդ տուրի «Մանչեսթեր Սիթի» - «Արսենալ» հանդիպումը տեղի կունենա ապրիլի 19-ին։Հետևեք NEWS.am SPORT-ին Facebook-ում, Twitter և Telegram-ում",Sport,https://sport.news.am/arm/news/165702/
Բունդեսլիգա․ 29-րդ տուրի արդյունքներն ու մրցաշարային դրությունը,"Ֆուտբոլի Գերմանիայի Բունդեսլիգայի առաջնությունում ավարտվել են 29-րդ տուրի հանդիպումները։Առաջատարը չեմպիոն «Բավարիան» է, որը վաստակել է 76 միավոր։Գերմանիայի առաջնություն, 29-րդ տուր«Աուգսբուրգ» - «Հոֆենհայմ»՝ 2։2«Բորուսիա Դորտմունդ» - «Բայեր»՝ 0:1«Հայդենհայմ» - «Ունիոն Բեռլին»՝ 3:1«ՌԲ Լայպցիգ» - «Բորուսիա Մյոնխենգլադբախ»՝ 1:0«Վոլֆսբուրգ» - «Այնտրախտ Ֆրանկֆուրտ»՝ 1:2«Սանկտ Պաուլի» - «Բավարիա»՝ 0:5«Քյոլն» - «Վերդեր»՝ 3:1«Շտուտգարտ» - «Համբուրգ»՝ 4:0«Մայնց» - «Ֆրայբուրգ»՝ 0:1Հետևեք NEWS.am SPORT-ին Facebook-ում, Twitter և Telegram-ում",Sport,https://sport.news.am/arm/news/165703/
Հավակնորդների մրցաշար․ 12-րդ տուրի արդյունքները,"Կիպրոսում ավարտին է մոտենում շախմատի աշխարհի չեմպիոնի հավակնորդների մրցաշարը։ 12-րդ տուրում միանձնյա առաջատար, ուզբեկ գրոսմայստեր Ջավոխիր Սինդարովը ոչ ոքի խաղաց ամերիկացի Հիկարու Նակամուրայի հետ եւ ունի 9 միավոր։Երկրորդ տեղում գտնվող հոլանդացի Անիշ Գիրին վաստակել է 7 միավոր։ Մրցաշարի ավարտին մնացել է երկու տուր։Հավակնորդների մրցաշար, 12-րդ տուրՋավոխիր Սինդարով (Ուզբեկստան) - Հիկարու Նակամուրա (ԱՄՆ)՝ 0,5:0,5Վեյ Յի (Չինաստան) - Անիշ Գիրի (Նիդերլանդներ)՝ 0,5:0,5Մատիաս Բլյուբաում (Գերմանիա) - Ֆաբիանո Կարուանա (ԱՄՆ)՝ 0,5:0,5Անդրեյ Եսիպենկո (Ռուսաստան) - Ռամեշբաբու Պրագնանանդհա (Հնդկաստան)՝ 0,5:0,5Հետևեք NEWS.am SPORT-ին Facebook-ում, Twitter և Telegram-ում",Sport,https://sport.news.am/arm/news/165704/
Էդուարդ Սպերցյանը հրապարակել է վնասված ոտքի լուսանկարը,"Հայաստանի հավաքականի եւ Ռուսաստանի չեմպիոն «Կրասնոդարի» ավագ, կիսապաշտպան Էդուարդ Սպերցյանը տելեգրամյան ալիքում հրապարակել է «Զենիթի» դեմ ռուսական Պրեմիեր լիգայի 24-րդ տուրի խաղում (1:1) ստացած ոտքի վնասվածքի լուսանկարը։Սպերցյանի հետ բախված բրազիացի հարձակվող Պեդրոն հեռացվել էր 79-րդ րոպեին։Սպերցյանն անցկացրել է ամբողջ հանդիպումը։

Հետևեք NEWS.am SPORT-ին Facebook-ում, Twitter և Telegram-ում",Sport,https://sport.news.am/arm/news/165705/
Արթուր Ավետիսյանը՝ աշխարհի բացարձակ գավաթակիր,"Հայաստանի ներկայացուցիչ Արթուր Ավետիսյանը դարձել է սպորտային մարմնամարզության աշխարհի բացարձակ գավաթակիր բոլոր փուլերի արդյունքների հանրագումարում։ Նա լավագույնն է օղակների վարժությունում։Աշխարհի գավաթի խաղարկության 6 փուլերից Հայաստանի հավաքականը մասնակցել է Գերմանիայի Կոտբուս քաղաքում անցկացված առաջին փուլին, Եգիպտոսի մայրաքաղաք Կահիերի 4-րդ փուլին եւ Օսիեկի 5-րդ փուլին։Երկրորդ փուլն ազգային թիմը բաց է թողել, քանի որ այն անցկացվում էր Բաքվում: Թուրքիայում տեղի ունեցած երրորդ փուլին թիմը եւս չի մասնակցել, քանի որ չէր կարողանում Դոհայից վերադառնալ հայրենիք՝ Մերձավոր Արեւելքում ռազմական գործողությունների պատճառով: Դոհայում նախատեսված 6-րդ փուլը չեղարկվել է Մերձավոր Արեւելքում լարված ռազմաքաղաքական իրավիճակի հետեւանքով։Կոտբուսի փուլային մրցաշարում Արթուր Դավթյանը նվաճել էր ոսկե, Կահիրեի եւ Օսիեկի մրցաշարում՝ արծաթե մեդալ։Հետևեք NEWS.am SPORT-ին Facebook-ում, Twitter և Telegram-ում",Sport,https://sport.news.am/arm/news/165706/
Ֆրանսիայի առաջնություն․ 29-րդ տուրի արդյունքներն ու մրցաշարային դրությունը,"Ֆուտբոլի Ֆրանսիայի առաջնությունում ավարտվել են 29-րդ տուրի հանդիպումները։Մրցաշարային աղյուսակը գլխավորում է չեմպիոն ՊՍԺ-ն՝ 63 միավոր։Ֆրանսիայի առաջնություն, 29-րդ տուր«Փարիզ» - «Մոնակո»՝ 4:1«Մարսել» - «Մեց»՝ 2:1 «Օսեր» - «Նանտ»՝ 0:0«Ռեն» - «Անժե»՝ 2:1«Նիցա» - «Հավր»՝ 1:1«Թուլուզ» - «Լիլ»՝ 0:4«Լիոն» - «Լորիան»՝ 2:0«Բրեստ» - «Ստրասբուրգ» եւ «Լանս» - ՊՍԺ հանդիպումները տեղափոխվել են:  Հետևեք NEWS.am SPORT-ին Facebook-ում, Twitter և Telegram-ում",Sport,https://sport.news.am/arm/news/165707/
Շախմատի ԵԱ․ Ռոբերտ Հովհաննիսյանը առաջատարների թվում է,"Լեհաստանի Կատովիցե քաղաքում անցկավող շախմատի Եվրոպայի անհատական առաջնությունում Հայաստանի ներկայացուցիչ Ռոբերտ Հովհաննիսյանը 5 տուրից հետո 4,5 միավորով 6 առաջատարների թվում է։4-ական միավոր ունեն եւ 7-49-րդ տեղերն են բաժանում Շանթ Սարգսյանը, Հայկ Մարտիրոսյանը, Մամիկոն Ղարիբյանը, Էմին Օհանյանը եւ Մարիամ Մկրտչյանը։Եվրոպայի առաջնությունում կանցկացվի 11 տուր։Հետևեք NEWS.am SPORT-ին Facebook-ում, Twitter և Telegram-ում",Sport,https://sport.news.am/arm/news/165708/
«Ռեալը» մտադիր է պաշտոն առաջարկել Տոնի Կրոսին,"Մադրիդի «Ռեալի» ղեկավարությունը մտադիր է պաշտոն առաջարկել թիմի նախկին կիսապաշտպան Տոնի Կրոսին, հաղորդում է AS-ը։Գերմանացի մասնագետի վերադարձի նախաձեռնողը Արքայական ակումբի նախագահ Ֆլորենտինո Պերեսն է։Սպասվում է, որ Տոնի Կրոսը հաջորդ մրցաշրջանից պաշտոն կստանա «Ռեալի» մարզական կառուցվածքում եւ կնպաստի ակումբի հետագա զարգացմանը։Տոնի Կրոսը «Ռեալից» հեռացել է 2024թ․ ամռանը՝ ավարտելով պրոֆեսիոնալ կարիերան։ Նա «Ռեալի» հետ դարձել է Իսպանիայի քառակի չեմպիոն, Չեմպիոնների լիգայի հնգակի գավաթակիր։Հետևեք NEWS.am SPORT-ին Facebook-ում, Twitter և Telegram-ում",Sport,https://sport.news.am/arm/news/165709/
ATP. Լավագույն տասնյակ,"Պրոֆեսիոնալ թենիսիստների ասոցիացիան (ATP) հրապարակել է համաշխարհային դասակարգման ամենշաբաթյա աղյուսակը։Առաջին տեղ է վերադարձել իտալացի Յանիկ Սիները, որը Մոնտե Կառլոյի «Մասթերսի» եզրափակիչում հաղթել էր իսպանացի Կառլոս Ալկարասին։Ռուսաստանցի Կարեն Խաչանովը մնացել է 14-րդ տեղում։ATP, ապրիլի 131 (2). Յանիկ Սիներ (Իտալիա)՝ 13 350 միավոր1 (1). Կառլոս Ալկարաս (Իսպանիա)՝ 13 2403 (3). Ալեքսանդր Զվերեւ (Գերմանիա)՝ 55554 (4). Նովակ Ջոկովիչ (Սերբիա)՝ 47105 (7). Ֆելիքս Օժե-Ալյասիմ (Կանադա)՝ 41006 (8). Բեն Շելթոն (ԱՄՆ)՝ 39007 (6). Ալեքս դե Մինոր (Ավստրալիա)՝ 38958 (9). Թեյլոր Ֆրից (ԱՄՆ)՝ 38709 (5). Լորենցո Մուզետի (Իտալիա)՝ 362510 (10). Դանիիլ Մեդվեդեւ (Ռուսաստան)՝ 3560Հետևեք NEWS.am SPORT-ին Facebook-ում, Twitter և Telegram-ում",Sport,https://sport.news.am/arm/news/165710/
WTA. Լավագույն տասնյակ,"Կանանց թենիսի ասոցիացիան (WTA) հրապարակել է համաշխարհային դասակարգման ամենշաբաթյա աղյուսակը։Առաջատարը Բելառուսի ներկայացուցիչ Արինա Սաբալենկան է։Հայաստանի ներկայացուցիչ Էլինա Ավանեսյանը 325-րդն է։WTA, ապրիլի 13 1 (1). Արինա Սաբալենկա (Բելառուս)՝ 11 025 միավոր2 (3). Ելենա Ռիբակինա (Ղազախստան)՝ 81083 (3). Կորի Գաուֆ (ԱՄՆ)՝ 72784 (4). Իգա Շվյոնտեկ (Լեհաստան)՝ 72635 (5). Ջեսիկա Պեգուլա (ԱՄՆ)՝ 62436 (6). Ամանդա Անիսիմովա (ԱՄՆ)՝ 59957 (7). Էլինա Սվիտոլինա (Ուկրաինա)՝ 39658 (8). Ժասմին Պաոլինի (Իտալիա)՝ 39079 (10). Միրա Անդրեեւա (Ռուսաստան)՝ 361110 (9). Վիկտորյա Մբոկո (Կանադա)՝ 3531Հետևեք NEWS.am SPORT-ին Facebook-ում, Twitter և Telegram-ում",Sport,https://sport.news.am/arm/news/165711/
NBA. Փլեյ-օֆֆի զույգերը հայտնի են,"Բասկետբոլի ազգային ասոցիացիայի (NBA) կանոնավոր առաջնության ավարտից հետո հայտնի են փլեյ-օֆֆի եւ փլեյ-ինի զույգերը։Արեւելյան կոնֆերենցիայում «Դետրոյթ Փիսթոնսն» ու «Բոստոն Սելթիքսը» սպասում են իրենց մրցակիցներին, որոնք հայտնի կդառնան փլեյ-ին մրցաշարում «Շառլոթ Հորնեթսի», «Մայամի Հիթի», «Ֆիլադելֆիա Սիքսերսի» եւ «Օռլանդո Մեջիքի» մասնակցությամբ։Փլեյ-օֆֆի առաջին փուլում «Քլիվլենդ Քավալիերսը» կմրցի «Տորոնտո Ռեփթորսի», «Նյու Յորք Նիքսը»՝ «Ատլանտա Հոուքսի» հետ։Արեւմտյան կոնֆերենցիայում «Օկլահոմա Սիթի Թանդերի» եւ «Սան Անտոնիո Սփյորսի» մրցակիցները հայտնի կդառնան փլեյ-ինի մրցաշարում «Լոս Անջելես Քլիփերսի», «Գոլդեն Սթեյթ Ուորիորզի», «Ֆինիքս Սանզի» եւ «Պորտլենդ Թրեյլ Բլեյզերսի» մասնակցությամբ։Փլեյ-օֆֆի առաջին շրջանում «Լոս Անջելես Լեյքերսը» կմրցի «Հյուսթոն Ռոքեթսի», «Դենվեր Նագեթսը»՝ «Մինեսոտա Թիմբերվուլվզի» հետ։Փլեյ-ինի ձեւաչափի համաձայն՝ առաջինը իրար հետ մրցում են կանոնավոր առաջնությունան արդյունքում ամեն կոնֆերենցիայում 7-րդ եւ 8-րդ տեղերը գրաված թիմերը։ Այս մրցախաղի հաղթողը դուրս է գալիս փլեյ-օֆֆ։ Պարտվողը հանդիպում է կոնֆերենցիայում 9-րդ եւ 10-րդ տեղերը գրաված թիմերի դիմակայության հաղթողի հետ եւ վիճարկում փլեյ-օֆֆի ուղեգիր։Հետևեք NEWS.am SPORT-ին Facebook-ում, Twitter և Telegram-ում",Sport,https://sport.news.am/arm/news/165712/
"Եթե Իրանը հրաժարվի ԱԱ-2026-ին մասնակցելուց, Իտալիան ուղեգիր նվաճելու եւս մեկ 
հնարավորություն կստանա","Ֆուտբոլի միջազգային ֆեդերացիան (ՖԻՖԱ) քննարկում է միջմայրցամաքային անցումային հանդիպումների անցկացման տարբերակը, եթե Իրանի հավաքականը հրաժարվի մասնակցել հունիս-հուլիսին ԱՄՆ-ում, Կանադայում եւ Մեքսիկայում անցկացվելիք աշխարհի առաջնությանը, հաղորդում է RMC Sport-ը։Ուղեգրի համար երկու փուլով փլեյ-օֆֆին կմասնակցեն երուական թիմեր Ասիայից եւ Եվրոպայից։Այդ դեպքում եվրոպական որակավորման փլեյ-օֆֆի եզրափակիչում Բոսնիա եւ Հերցեգովինային պարտված Իտալիան կստանա ուղեգրի համար պայքարելու եւս մեկ հնարավորություն։Իրանի սպորտի նախարարը բացառել էր Իրանի հավաքականի մասնակցությունը աշխարհի առաջնությանը, եթե թիմի հանդիպումները չտեղափոխվեն ԱՄՆ-ից Մեքսիկա։ ՖԻՖԱ-ն այս տարբերակը չի ընդունել։Հետևեք NEWS.am SPORT-ին Facebook-ում, Twitter և Telegram-ում",Sport,https://sport.news.am/arm/news/165713/
Karpov International Chess Tournament․ Արամ Հակոբյանը բաժանում է 2-4-րդ տեղերը,"Ռուսաստանի Խանտի-Մանսիյսկ քաղաքում ապրիլի 11-ից 16-ը անցկացվում է «The XXIII Karpov International Chess Tournament» շախմատի շրջանային մրցաշարը։Մասնակիցների մեջ է նաեւ հայ գրոսմայստեր Արամ Հակոբյանը, որը 4 խաղափուլից հետո ունի 2.5 միավոր և բաժանում է 2-4-րդ տեղերը, հաղորդում է ՀՇՖ-ի մամուլի ծառայությունը։:Մրցաշարի միանձնյա առաջատարն է բելառուս գրոսմայստեր Դենիս Լազավիկը, որն ունի 3 միավոր:Մրցաշարի մասնակիցներն են՝Լու Շանգլեյ (Չինաստան, 2642)Ռաունակ Սադհվանի (Հնդկաստան, 2642)Շամսիդդին Վոխիդով (Ուզբեկստան, 2641)Արամ Հակոբյան (Հայաստան, 2631)Ալեքսեյ Գրեբնև (ՖԻԴԵ, 2627)Բենիամին Գլեդուրա (Հունգարիա, 2624)Արսենի Նեստերով (ՖԻԴԵ, 2608)Դենիս Լազավիկ (Բելառուս, 2605)Իվան Զեմլյանսկի (Ռուսաստան, 2592)Իլյա Իլյուշենոկ (ՖԻԴԵ, 2495)Հետևեք NEWS.am SPORT-ին Facebook-ում, Twitter և Telegram-ում",Sport,https://sport.news.am/arm/news/165714/
"Ա Սերիայի լավագույն հնգյակի ակումբներից մեկը հետաքրքրված է Սպերցյանի 
ծառայություններով","Հայտնի ֆուտբոլային գործակալ Դմիտրի Չելցովը հայտնել է, որ Իտալիայի առաջնության լավագույն հնգյակի ակումբներից մեկը հետաքրքրված է Հայաստանի հավաքականի եւ Ռուսաստանի չեմպիոն «Կրասնոդարի» կիսապաշտպան Էդուարդ Սպերցյանի ծառայություններով։«Սպերցյանը հրաշալի տարիքում է. շուտով կդառնա 26 տարեկան, որը բավականին հասուն տարիք է եվրոպական ակումբ տեղափոխվելու համար: Հարցն այն է՝  կթողնի «Կրասնոդարը» նրան, թե ոչ։ Ինձ հասել են խոսակցություններ, որ անհրաժեշտ գումարի դիմաց, նա կարող է հեռանալ, ինչպես եղավ ռուսաստանցի դարպասապահ Մատվեյ Սաֆոնովի դեպքում։ Լսել եմ նաեւ, որ Իտալիայում կոնկրետ ակումբի հետ արդեն ակտիվ բանակցություններ են ընթանում։ Լավ թիմ է, որն առաջատար հնգյակում է»,– Չելցովի խոսքը փոխանցում է Sport24-ը։Ընթացիկ մրցաշրջանում Սպերցյանը մասնակցել է 33 հանդիպման, խփել է 12 գոլ, կատարել 16 գոլային փոխանցում։ Նրա պայմանագիրը «Կրասնոդարի» հետ նախատեսված է մինչեւ 2029թ․ հունիս։Transfermarkt-ը Սպերցյանի տրանսֆերային արժեքը գնահատում է 25 միլիոն եվրո։ Հետևեք NEWS.am SPORT-ին Facebook-ում, Twitter և Telegram-ում",Sport,https://sport.news.am/arm/news/165715/
"Արմեն Բաբալարյան. Արթուր Ալեքսանյանը բաց է թողնում միայն ԵԱ-ն, երեւակայություններ 
թող ոչ մեկ չանի","Արթուր Ալեքսանյանը Գերմանիայում մեկ ամիս բուժում է ստացել, այժմ վերադարձել է թիմ եւ մարզվում է, վերականգնվում է բուժումներից հետո: Նա բաց է թողնում միայն այս տարվա ապրիլի 20-26-ը Ալբանիայում անցկացվելիք Եվրոպայի առաջնությունը: Խնդրում եմ՝ իմ խոսքը չաղավաղել, Արթուրի մասին սխալ տեղեկություններ չտարածել. երեւակայություններ թող ոչ մեկ չանի:Այս մասին լրագրողների հետ զրույցում ասաց հունահռոմեական ոճի ըմբշամարտի Հայաստանի հավաքականի գլխավոր մարզիչ Արմեն Բաբալարյանը:Հայաստանի հավաքականը պատրաստվում է ապրիլի 20-26-ը Ալբանիայի մայրաքաղաք Տիրանայում անցկացվելիք Եվրոպայի առաջնությանը: Արմեն Բաբալարյանի գլխավորած թիմն այսօր բաց մարզում է անցկացրել, որին մասնակցում էր նաեւ օլիմպիական չեմպիոն Արթուր Ալեքսանյանը:  «Եվրոպայի առաջնությանը լավ ենք պատրաստվել: Անցել ենք 4 փուլ, մասնակցել ենք երկու միջազգային մրցաշարի, նաեւ Եվրոպայի մինչեւ 23 տարեկանների առաջնությանը: Հավաքները, մարզումները նորմալ ենք անցել: Ունենք փոքր վնասվածքներ, որոնք մրցումների ժամանակ մեզ չեն խանգարի: Թիմի պատրաստվածությունը նորմալ է: Մնացածն արդեն գորգը ցույց կտա, մրցումային փուլում կհասկանանք, թե ըմբիշները որքանով են յուրացրել հավաքների ընթացքում ստացած գիտելիքները եւ ինչպես իրենց կդրսեւորեն գորգի վրա:Եվրոպայի Մ23 առաջնության մասնակիցներից չեմպիոն Սուրեն Աղաջանյանն ու բրոնզե մեդալակիր Մանվել Խաչատրյանը նույնպես ընդգրված են կազմ, չնայած ժամանակը շատ կարճ էր լիրաժեք վերականգնվելու համար: Նրանց փոխարինողներ չունեինք այս փուլում, այդ պատճառով նրանք կազմում են:Երիտասարդացած թիմով ենք մեկնում Ալբանիա: Այս տարի բոլոր երիտասարդներին հնարավորություն ենք տվել փորձել ուժերը մեծահասակների Եվրոպայի առաջնությունում»,- ասաց Արմեն Բաբալարյանը:Անդրադառնալով Օլիմպիական խաղերի ոսկե, կրկնակի արծաթե, բրոնզե մեդալակիր, աշխարհի քառակի, Եվրոպայի յոթակի չեմպիոն Արթուր Ալեքսանյանի մասնակցությանը, հավաքականի գլխավոր մարզիչը եւս մեկ անգամ հստակեցրեց, որ նա բաց է թողնում միայն այս տարվա Եվրոպայի առաջնությունը:«Խնդրում եմ իմ հայտարարությունը չաղավաղել. Արթուր Ալեքսանյանն այժմ գորգի վրա է, մարզվում է: Մեկ ամիս բուժում է ստացել Գերմանիայում, այժմ վերականգնողական փուլում է: Մասկանցում է մարզումներին եւ փորձում է մարզավիճակը բարելավել: Եվս մեկ անգամ խնդրում եմ՝ չաղավաղել իմ խոսքը, նա բաց է թողնում միայն այս տարվա ապրիլի 20-26-ը Ալբանիայում անցկացվելիք Եվրոպայի առաջնությունը: Նա մեկ տարի բաց չի թողնում, աշխարհի առաջնությունը բաց չի թողնելու: Կոնկրետ միայն այս Եվրոպայի առաջնությունն է բաց թողնելու բուժումներից հետո վերականգնողական փուլում գտնվելու պատճառով: Մյուս առաջնությունների ու մրցաշարերի մասին 6 ամիս, մեկ տարի առաջ պետք չի խոսել: Արթուրի մասին նման հայտարարություններ մի արեք, սխալ տեղեկություններ մի տարածեք. երեւակայություններ թող ոչ մեկ չանի:Նրա փոխարեն 97 կգ քաշային կարգում Եվրոպայի առաջնությանը կմասնակցի աշխարհի Մ23 չեմպիոն Հայկ Խլոյանը: Երիտասարդ ըմբիշն իր հնարավորությունների չափով պատրաստ է, մարզավիճակն ամենաբարձր մակարդակի վրա է»,- նշեց գլխավոր մարզիչը:Արմեն Բաբալարյանի գլխավորած հավաքականից Տիրանայի մրցագորգ դուրս կգան Մանվել Խաչատրյանը (55 կգ), Սուրեն Աղաջանյանը (60 կգ), Կարեն Ասլանյանը (63 կգ), Սլավիկ Գալստյանը (67 կգ), Գասպար Տերտերյանը (72 կգ), Մալխաս Ամոյանը (82 կգ), Սամվել Գրիգորյանը (77 կգ), Գեւորգ Թադեւոսյանը (87 կգ), Հայկ Խլոյանը (97 կգ) եւ Ալբերտ Վարդանյանը (130 կգ):Հետևեք NEWS.am SPORT-ին Facebook-ում, Twitter և Telegram-ում",Sport,https://sport.news.am/arm/news/165716/
"Կրիստիան Կիվու. Ուրախ եմ, որ աստիճանաբար մոտենում ենք մեր նպատակին","Իտալիայի փոխչեմպիոն Միլանի «Ինտերի» ռումինացի գլխավոր մարզիչ Կրիստիան Կիվուն մեկնաբանել է «Կոմոյի» նկատմամբ տարած 4:3 հաշվով հաղթանակը Իտալիայի Ա Սերիայի առաջնության 32-րդ տուրում:«Բարդ հանդիպում էր եւ մենք դրան պատրաստ էինք, քանի որ խաղում էինք մի թիմի դեմ, որը պայքարում է կարեւոր նպատակների համար։ 0:2 հաշվից հետո կարեւոր գոլ խփեցինք: Երկրորդ խաղակեսում փոխեցինք տրամադրվածությունը եւ հասանք դրական արդյունքի։ Այս հաղթանակը խոսում է մեր թիմի հասունության մասին: Կարողացանք ցույց տալ, որ պատրաստ ենք մինչեւ վերջ պայքարել արդյունքի համար։ Ուրախ եմ, որ աստիճանաբար մոտենում ենք մեր նպատակին՝ Չեմպիոնների լիգայի ուղեգրին, սակայն, փաստացի, դեռ չենք ապահովել մեր տեղը»,- գլխավոր մարզիչի խոսքը փոխանցում է Football Italia-ն:«Ինտերը» 76 միավորով գլխավորում է մրցաշարային աղյուսակը եւ 9 միավորի առավելություն ունի երկրորդ տեղում գտնվող չեմպիոն «Նապոլիի» նկատմամբ։ «Կոմոն» 5-րդն է՝ 58 միավոր։Հետևեք NEWS.am SPORT-ին Facebook-ում, Twitter և Telegram-ում",Sport,https://sport.news.am/arm/news/165717/
ՉԼ. Մեկնարկում են քառորդ եզրափակիչի պատասխան հանդիպումները,"Ֆուտբոլի եվրոպական Չեմպիոնների լիգայում ապրիլի 14–15–ին տեղի կունենան քառորդ եզրափակիչի պատասխան հանդիպումները։Չեմպիոնների լիգա, քառորդ եզրափակիչ, պատասխան հանդիպումԱպրիլի 14«Աթլետիկո Մադրիդ» - «Բարսելոնա»՝ 23։00 (Երեւանի ժամանակ), (առաջին խաղ՝ 2։0)«Լիվերպուլ» - ՊՍԺ՝ 23։00 (առաջին խաղ՝ 0։2)Ապրիլի 15«Արսենալ» - «Սպորտինգ»՝ 23։00 (առաջին խաղ՝ 1։0)«Բավարիա» - «Ռեալ Մադրիդ»՝ 23։00 (առաջին խաղ՝ 2։1)Եզրափակիչը տեղի կունենա մայիսի 30-ին Բուդապեշտում։Հետևեք NEWS.am SPORT-ին Facebook-ում, Twitter և Telegram-ում",Sport,https://sport.news.am/arm/news/165719/
"Մալխաս Ամոյան. Կփորձեմ ամեն ինչ անել, որ կարողանամ 5-րդ ոսկե մեդալը նվաճել","Եվրոպայի գործող չեմպիոնի կարգավիճակում եմ մեկնում Ալբանիա: Այս առումով պատասխանատվությունն ավելի է ծանրանում, պայքարն ավելի բարդ է դառնում: Կփորձեմ ամեն ինչ անել, որ կարողանամ 5-րդ ոսկե մեդալը նվաճել:Այս մասին լրագրողների հետ զրույցում ասաց Փարիզի Օլիմպիական խաղերի բրոնզե մեդալակիր, աշխարհի կրկնակի, Եվրոպայի քառակի չեմպիոն Մալխաս Ամոյանը:77 կգ քաշային կարգում Հայաստանի առաջատարը պատրաստվում է ԵԱ 5-րդ տիտղոսի համար պայքարին: Նրա խոսքով՝ հաղթանակը հեշտ չի տրվելու:«Լավ հավաքներ ենք ունեցել նախապատրաստական փուլում եւ այժմ արդեն 5-րդ հավաքն ենք անցնում: Լավ մարզավիճակում եմ գտնվում, լավ եմ պատրաստվել, բոլոր հավաքներին մասնակցել եմ: Եվրոպայի առաջնության մրցագորգը ցույց կտա, թե ինչպես եմ պատրաստվել եւ ինչի եմ արժանի:Եվրոպայի գործող չեմպիոնի կարգավիճակում եմ մեկնում Ալբանիա: Այս առումով պատասխանատվությունն ավելի է ծանրանում, պայքարն ավելի բարդ է դառնում: Երբ գործող չեմպիոնի կարգավիճակում ես մասնակցում, բոլորը քո դեմ ավելի շատ տրամադրված են գալիս, էլ ավելի պատրաստված են լինում: Այս առումով հաղթելն ավելի է դժվարանում: Կփորձեմ ամեն ինչ անել, որ կարողանամ 5-րդ ոսկե մեդալը նվաճել:Մրցաշարը ցույց կտա, թե որքանով եմ ավելացրել մարզավիճակս: Հաղթանակը, հաստատ, հեշտ չի տրվելու: Իմ քաշային կարգում 6-7 ուժեղ մրցակիցներ կան, որոնք, հիմնականում, հավակնում են հաղթողի կոչմանը: Այդ օրն ով լավ զգա իրեն, ով ավելի լավ մարզավիճակում կլինի, նա էլ կհաղթի»,- ասաց Մալխաս Ամոյանը:Հիշեցնենք, որ 2025 թ. Սլովակիայի մայրաքաղաք Բրատիսլավայում անցկացված Եվրոպայի առաջնությունում Ամոյանը հռչակվեց քառակի չեմպիոն: Մալխաս Ամոյանը Եվրոպայի առաջնություններում տիտղոսը նվաճել է նաեւ 2022թ., 2023 թ. եւ 2024 թ.-ին:Հետևեք NEWS.am SPORT-ին Facebook-ում, Twitter և Telegram-ում",Sport,https://sport.news.am/arm/news/165721/
Սպերցյան. Հուզական եւ հագեցած խաղ էր,"Ռուսական Պրեմիեր լիգայի 24–րդ տուրի արտագնա խաղում Սանկտ Պետերբուրգի «Զենիթի» հետ 1։1 հաշվով ոչ ոքիից հետո երկրի չեմպիոն «Կրասնոդարի» ավագ, կիսապաշտպան Էդուարդ Սպերցյանը տելեգրամյան գրառումով դիմել է երկրպագուներին։«Երեկ մրցախաղը բարդ ստացվեց. հուզական եւ հագեցած խաղ էր։ Շնորհակալ եմ բոլոր աջակիցներին։ Շուտով կհանդիպենք Կրասնոդարում արդեն տնային արենայում»,– գրել է Սպերցյանը։«Կրասնոդարը» 53 միավորով գլխավորում է մրցաշարային աղյուսակը, «Զենիթը» 52 միավորով երկրորդն է։Հետևեք NEWS.am SPORT-ին Facebook-ում, Twitter և Telegram-ում",Sport,https://sport.news.am/arm/news/165722/
Մյուլեր. «Ռեալն» այս տարի այնքան էլ ուժեղ չէ,"Գերմանիայի չեմպիոն Մյունխենի «Բավարիայի» նախկին խաղացող, կանադական «Վանկուվեր Ուայթքեփսի» գերմանացի հարձակվող Թոմաս Մյուլերը հույս է հայտնել, որ բելգիացի Վենսան Կոմպանիի գլխավորած թիմը Չեմպիոնների լիգայի քառորդ եզրափակիչում կկարողանա հաղթահարել Իսպանիայի փոխչեմպիոն Մադրիդի «Ռեալի» արգելքը։ Առաջին խաղում «Բավարիան» Մադրիդում հաղթել էր 2։1 հաշվով։«Կարծում եմ՝ «Ռեալն» այս տարի այնքան էլ ուժեղ չէ, ինչպես անցյալում, բայց նրանց կազմում կան բազմաթիվ գերազանց խաղացողներ։ Նրանք միշտ կարող են վտանգավոր լինել եւ վնաս հասցնել մեզ։«Բավարիայի» համար ամբողջ մրցաշրջանը հաջող է դասավորվում, զգում եմ, որ մյունխենյան թիմը կարող է կատարել հաջորդ քայլը։ Կիսաեզրափակիչ դուրս գալու հնարավորությունները մեծ են, բայց պետք է դրան դեռ հասնել։Այսպիսի դիմակայություններում ոչ միշտ է գծային դեպի վեր ընթանում, լինում են վերելքներ եւ անկումներ։ «Բավարիան» այս մրցաշրջանում շատ կայուն է, եւ պետք է այդ կայունությունը, որպեսզի անհաջողությունը, անհաջող փոխանցումն ու բաց թողած գոլը դուրս չթողնի պայքարից»,– Մյուլերի խոսքը մեջբերում է  Sport1.de–ն։«Բավարիա» – «Ռեալ» պատասխան հանդիպումը Մյունխենում տեղի կունենա ապրիլի 15–ին։Հետևեք NEWS.am SPORT-ին Facebook-ում, Twitter և Telegram-ում",Sport,https://sport.news.am/arm/news/165723/
Գվարդիոլա. Հուսալի էինք եւ սպառնում էինք մրցակցի դարպասին,"«Մանչեսթեր Սիթիի» կատալոնացի գլխավոր մարզիչ Խոսեպ Գվարդիոլան մեկնաբանել է 3։0 հաշվով հաղթանակը «Չելսիի» նկատմամբ Պրեմիեր լիգայի 32–րդ տուրի խաղում։«Երկրորդ խաղակեսն ավելի լավ ստացվեց։ Առաջին խաղակեսում չկարողացանք իրագործել մեր ծրագիրը։ Միայն ձախ եզրով գրոհ անցկացրինք, իսկ աջից սպառնալիք չստեղծեցինք։Մենք ավելի թարմ տեսք ունենք առանց Չեմպիոնների լիգայի։ Բոլորը գիտեն իրենց խնդիրները։ Նախորդ երեք հանդիպումներում մրցել ենք Չեմպիոնների լիգայում հանդես եկող թիմերի հետ։ Չէի ասի, թե կատարյալ էինք այդ հանդիպումներում, բայց հուսալի էինք եւ սպառնում էինք մրցակցի դարպասին»,– Գվարդիոլայի խոսքը մեջբերում է BBC–ն։31 խաղից հետո «Մանչեսթեր Սիթին» 64 միավորով երկրորդն է։Հետևեք NEWS.am SPORT-ին Facebook-ում, Twitter և Telegram-ում",Sport,https://sport.news.am/arm/news/165724/
«Բարսելոնան» ցանկանում է ձեռք բերել Վիկտոր Օսիմենին,"Իսպանիայի չեմպիոն «Բարսելոնան» հետաքրքրված է թուրքական «Գալաթասարայի» 27–ամյա նիգերիացի հարձակվող Վիկտոր Օսիմենի ծառայություններով, հաղորդում է Fichajes–ը։Թուրքիայի ընթացիկ առաջնությունում Վիկտոր Օսիմենը մասնակցել է 19 հանդիպման, խփել է 12 գոլ։Տրանսֆերի գումարը կարող է կազմել 100 միլիոն եվրո։Վիկտոր Օսիմենի պայմանագիրը «Գալաթասարայի» հետ նախատեսված է մինչեւ 2029թ. հունիս։Հետևեք NEWS.am SPORT-ին Facebook-ում, Twitter և Telegram-ում",Sport,https://sport.news.am/arm/news/165725/
Մբապեն պատրաստ կլինի «Բավարիայի» դեմ հանդիպմանը,"Իսպանիայի փոխչեմպիոն Մադրիդի «Ռեալի» ֆրանսիացի հարձակվող Կիլիան Մբապեն պատրաստ կլինի Գերմանիայի չեմպիոն Մյունխենի «Բավարիայի» դեմ պատասխան հանդիպմանը Չեմպիոնների լիգայի քառորդ եզրափակիչում, հաղորդում է TheAthletic–ը։«Ժիրոնայի» դեմ Իսպանիայի առաջնության 31–րդ տուրի խաղում (1:1) Մբապեն ճակատի պատռվածք էր ստացել «Ժիրոնայի» պաշտպանի Վիտոր Ռեյեսի հետ բախման հետեւանքով։ Նրա ճակատին երեք կար են դրել։ Մբապեն բաց է թողել մեկ մարզում այդ խաղից հետո։«Բավարիա» – «Ռեալ» պատասխան հանդիպումը տեղի կունենա ապրիլի 15–ին Մյունխենում։ Մադրիդում Արքայական թիմը պարտվել էր 1։2 հաշվով։Հետևեք NEWS.am SPORT-ին Facebook-ում, Twitter և Telegram-ում",Sport,https://sport.news.am/arm/news/165726/
"Կանանց Հայաստանի հավաքականի վերջին մարզումը Բելառուսի դեմ խաղից առաջ 
(տեսանյութ)","Ֆուտբոլի կանանց Հայաստանի ազգային հավաքականը գլխավոր մարզիչ Մարիամ Ստեփանյանի ղեկավարությամբ վերջին մարզումն անցկացրեց աշխարհի առաջնության որակավորման փուլի C6 խմբի 2-րդ տուրի Հայաստան - Բելառուս հանդիպումից առաջ։Հանդիպումը տեղի կունենա ապրիլի 14-ին։ԴարպասապահներՎիոլետա Մուսախանյան - «Ուրարտու-աղջիկներ»Շողիկ Սարդարյան - «Ուրարտու-աղջիկներ»Ալինա ՊողոսյանՊաշտպաններՍվետլանա Ղարագյոզյան - «Ռոստով-աղջիկներ» (Ռուսաստան)Լիանա Ղազարյան - «Ռոստով-աղջիկներ»  (Ռուսաստան)Սոֆիա Գրեյս Հարութունյան - «Ռոլլինս» (ԱՄՆ)Լուսինե Կոստանյան - «Ուրարտու-աղջիկներՄարիանա Վարդանյան - «Ուրարտու-աղջիկներԱնի Օհանյան - «Ուրարտու-աղջիկներԼիլի Ջեբեջյան - «Ուեսլեյան համալսարան» (ԱՄՆ)ԿիսապաշտպաններԿլաուդիա Չոլակյան - «Աքթոնիանս» (Անգլիա)Աննա Դալլաքյան - «Ռիզայն-աղջիկներ (Ռուսաստան)Օքսաննա Պիզլովա - «Ռոստով-աղջիկներ» (Ռուսաստան)Լարա Կազանջյան - «Դոննա Ռոմա-աղջիկներ» (Իտալիա)Վերոնիկա Ասատրյան - «Փյունիկ-աղջիկներ»Միլենա Սայադյան - «Ուրարտու-աղջիկներ»Էլինա Մարտիրոսյան - «Ուրարտու-աղջիկներ»Իզաբելլա Մանե Ներսեսյան - ԿԿՊ «Վարշավա» (Լեհաստան)Լիսա Կազանջյան - «Սթոնհիլ քոլեջի ակումբ» (ԱՄՆ)Կարինե Եղյան - «Տետրիսկարո» (Վրաստան)ՀարձակվողներՄարալ ԱրթինՍուսաննա Բադալյան - «Փյունիկ-աղջիկներ»Տաթև Խաչատրյան - «Փյունիկ-աղջիկներ»Ռուզաննա Ինջյան - «Ուրարտու-աղջիկներ»Հետևեք NEWS.am SPORT-ին Facebook-ում, Twitter և Telegram-ում",Sport,https://sport.news.am/arm/news/165727/
Ջեք Ուիլշիրն առաջին տիտղոսը նվաճեց մարզչական կարիերայում,"«Լութոն Թաունը» Ջեք Ուիլշիրի գլխավորությամբ նվաճել է Ֆուտբոլային լիգայի տիտղոսը՝ եզրափակիչում 3:1 հաշվով պարտության մատնելով «Սթոքփորթ Քաունթիին»։Սա առաջին տիտղոսն է «Արսենալի» եւ Անգլիայի հավաքականի նախկին ֆուտբոլիստի մարզչական կարիերայում։Ջեք Ուիլշիրը «Լութոն Թաունը» գլխավորում է 2025թ․ հոկտեմբերից։ Դրանից առաջ նա աշխատում էր «Նորվիչ Սիթիում»։Ֆուտբոլային լիգայի տիտղոսի համար պայքարում են Անգլիայի երրորդ եւ չորրորդ դիվիզիոնների թիմերն ու Պրեմիեր լիգայի եւ Չեմպիոնշիփի ակումբների երիտասարդական թիմերը։ Անգլիայի գավաթից եւ Անգլիական լիգայի գավաթից հետո սա նշանակությամբ երրորդ գավաթային մրցաշարն է։Հետևեք NEWS.am SPORT-ին Facebook-ում, Twitter և Telegram-ում",Sport,https://sport.news.am/arm/news/165728/
«Ռեալի» նախկին մարզիչը գլխավորեց Գանայի հավաքականը,"Պորտուգալացի մարզիչ Կառլուշ Կեյրուշը գլխավորեց Գանայի ազգային հավաքականը, հաղորդում է այդ երկրի ֆուտբոլի ֆեդերացիայի կայքը։Կառլուշ Կեյրուշը նախկինում գլխավորել է Օմանի, Կատարի, Իրանի, Եգիպտոսի, Կոլումբիայի, Պորտուգալիայի, Հարավաֆրիկյան Հանրապետության, ԱՄԷ-ի հավաքականները, Մադրիդի «Ռեալը», Լիսաբոնի «Սպորտինգը»։Գանայի հավաքականը պատրաստվում է աշխարհի առաջնությանը, որի խմբային փուլում կմրցի Անգլիայի, Խորվաթիայի եւ Պանամայի հավաքականների հետ։Աշխարհի առաջնությունը կանցկացվի հունիսի 11-ից հուլիսի 19-ը Մեքսիկայում, ԱՄՆ-ում եւ Կանադայում։ Առաջին անգամ աշխարհի առաջնությանը կմասնակցի 48 հավաքական։Հետևեք NEWS.am SPORT-ին Facebook-ում, Twitter և Telegram-ում",Sport,https://sport.news.am/arm/news/165729/
ՀԾՖ-ի հայտարարությունը՝ ՀԱՕԿ-ի գլխավոր ասամբլեայի նիստի վերաբերյալ,"Հայաստանի ծանրամարտի ֆեդերացիան հանդես է եկել պաշտոնական հայտարարությամբ․«Հայաստանի ծանրամարտի ֆեդերացիան սույն թվականի ապրիլի 3-ին ծանուցվել է ս.թ. ապրիլի 11-ին նախատեսված Հայաստանի Ազգային օլիմպիական կոմիտեի գլխավոր ասամբլեայի նիստի և դրա օրակարգի վերաբերյալ։Հարկ է նշել, որ ՀԱՕԿ-ի կանոնադրությամբ ՀԱՕԿ-ի նախագահը և վերստուգիչ հանձնաժողովի անդամները պաշտոնավարում են չորս տարի։ Վերջին անգամ նախագահի և անդամների ընտրությունը տեղի է ունեցել 2021 թվականի սեպտեմբերի 9-ին, ինչը նշանակում է, որ վերջիններիս պաշտոնավարումը պետք է ավարտվեր 2025-ի սեպտեմբերի 9-ին և դրանից հետո կայացված բոլոր որոշումները, այդ թվում՝ հրավիրված նիստը չեն կարող համարվել վավեր և իրավաչափ։Միաժամանակ, ըստ կանոնադրության, վերստուգիչ հանձնաժողովը պետք է տարեկան առնվազն երեք անգամ նիստ անցկացներ։ Վերջին տարում այդ նիստերից ոչ մեկը տեղի չի ունեցել, այնինչ հանձնաժողովն ունի ֆինանսական գործունեության, ծախսերի ուսումնասիրության և մի շարք այլ առանցքային գործառույթներ, ուստի պարզ չէ՝ ինչ հաշվետվություն է կազմվելու և ներկայացվելու, ընդ որում, հրավիրված նիստի որևէ նյութ տրամադրված չէ։Հարկ ենք համարում ընդգծել նաև, որ ուղարկված օրակարգում միայն նշված է, որ տեղի են ունենալու ընտրություններ, սակայն պարզ չէ՝ որ մարմիններն են ձևավորվելու, ովքեր են թեկնածուները, ինչը խախտում է ֆեդերացիայի՝ որպես ՀԱՕԿ անդամի ընտրելու և ընտրվելու իրավունքը։Հաշվի առնելով այս և մի շարք այլ առերևույթ խախտումներ, ֆեդերացիան դիմել է դատական մարմիններին՝ վիճարկելով տեղի ունեցող գործընթացների օրինականությունը»։ Հետևեք NEWS.am SPORT-ին Facebook-ում, Twitter և Telegram-ում",Sport,https://sport.news.am/arm/news/165730/
"Ռոնալդուն չի բացառել, որ կմասնակցի ԱԱ-2030-ին","Սաուդյան «Ալ Նասրի» եւ Պորտուգալիայի հավաքականի 41-ամյա հարձակվող Կրիշտիանու Ռոնալդուն չի բացառել, որ 2030 թվականին եւս կմասնակցի աշխարհի առաջնությանը։«Ես չեմ կարող ամբողջովին հրաժարվել 2030-ին աշխարհի առաջնությանը մասնակցելու հնարավորությունից։ 41 տարեկանում ամեն շաբաթ գոլ եմ խփում։ Հնարավոր է, որ ես կկարողանամ խաղալ եւս չորս տարի»,- Ռոնալդուի խոսքը մեջբերում է DAZN-ը։Այս տարվա աշխարհի առաջնության խմբային փուլում Պորտուգալիայի հավաքականի մրցակիցները կլինեն Կոլումբիայի, Ուզբեկստանի եւ Կոնգոյի Դեմոկրատական Հանրապետության հավաքականները։Հետևեք NEWS.am SPORT-ին Facebook-ում, Twitter և Telegram-ում",Sport,https://sport.news.am/arm/news/165731/
«Լացիոն» պարտվեց «Ֆիորենտինային» (տեսանյութ),"Իտալիայի առաջնության 32-րդ տուրի խաղում «Ֆիորենտինան» ընդունեց Հռոմի «Լացիոյին» եւ առավելության հասավ 1:0 հաշվով։28-րդ րոպեին աչքի ընկավ գերմանացի կիսապաշտպան Ռոբին Գոսենսը (տեսանյութ)։«Լացիոն» 44 միավորով 9-րդն է, «Ֆիորենտինան» ունի 35 միավոր եւ 15-րդն է։  Հետևեք NEWS.am SPORT-ին Facebook-ում, Twitter և Telegram-ում",Sport,https://sport.news.am/arm/news/165732/
«Լիդս Յունայթեդն» «Օլդ Տրաֆորդում» հաղթեց «Մանչեսթեր Յունայթեդին» (տեսանյութ),"Անգլիայի առաջնության 32-րդ տուրի խաղում «Մանչեսթեր Յունայթեդը» «Օլդ Տրաֆորդում» մրցեց «Լիդս Յունայթեդի» հետ եւ պարտություն կրեց 1:2 հաշվով։Առաջին խաղակեսում դուբլի հեղինակ դարձավ հյուրերի շվեյցարացի հարձակվող Նոա Օկաֆորը, որն աչքի ընկավ 5-րդ եւ 29-րդ րոպեներին։56-րդ րոպեին հեռացվեց «Մանչեսթեր Յունայթեդի» արգենտինացի պաշտպան Լիսանդրո Մարտինեսը, որը քաշեց մրցակցի մազերից։Lisandro Martinez came back after being injured and is now suspended for 3 games 55 minutes in to his first game back..Ffs.  pic.twitter.com/GTCNhkXFoJ

69-րդ րոպեին հաշվի տարբերությունը կրճատեց մանչեսթերյան թիմի բրազիլացի կիսապաշտպան Կազեմիրոն։«Մանչեսթեր Յունայթեդը» 55 միավորով երրորդն է, «Լիդս Յունայթեդն» ունի 36 միավոր եւ 15-րդն է։Անգլիայի առաջնություն, 32-րդ տուր«Մանչեսթեր Յունայթեդ» - «Լիդս Յունայթեդ»՝ 1:2 (տեսանյութ)Կազեմիրո, 69 - Նոա Օկաֆոր, 5, 29Հեռացում՝ Լիսանդրո Մարտինես («Մանչեսթեր Յունայթեդ»), 56Հետևեք NEWS.am SPORT-ին Facebook-ում, Twitter և Telegram-ում",Sport,https://sport.news.am/arm/news/165733/
"Շախմատի ԵԱ․ Ռոբերտ Հովհաննիսյանն ու Հայկ Մարտիրոսյանը կեսական միավոր են հետ 
առաջատարից","Լեհաստանի Կատովիցե քաղաքում անցկավող շախմատի Եվրոպայի անհատական առաջնությունում Հայաստանի ներկայացուցիչներ Ռոբերտ Հովհաննիսյանն ու Հայկ Մարտիրոսյանը 6 հնարավորից վաստակել են 5-ական միավոր։ Նրանք բաժանում են 2-17-րդ տեղերը։Միանձնյան առաջատարը իսլանդացի Վիգնիր Վատնար Ստեֆանսոնն է, որն ունի 5,5 միավոր։Եվրոպայի առաջնությունում կանցկացվի 11 խաղափուլ։Հետևեք NEWS.am SPORT-ին Facebook-ում, Twitter և Telegram-ում",Sport,https://sport.news.am/arm/news/165734/
Իտալիայի Ա Սերիա․ 32-րդ տուրի արդյունքներն ու մրցաշարային դրությունը,"Ֆուտբոլի Իտալիայի Ա Սերիայի առաջնությունում ավարտվել են 32-րդ տուրի հանդիպումները։Առաջատարը փոխչեմպիոն Միլանի «Ինտերն» է, որն ունի 75 միավոր։ Չեմպիոն «Նապոլին» 66 միավորով երկրորդն է։Իտալիայի առաջնություն, 32-րդ տուր«Ռոմա» - «Պիզա»՝ 3:0 «Կալյարի» - «Կրեմոնեզե»՝ 1:0«Տորինո» - «Վերոնա»՝ 2:1«Միլան» - «Ուդինեզե»՝ 0:3«Ատալանտա» - «Յուվենտուս»՝ 0:1«Ջենոա»  - «Սասուոլո»՝ 2:1«Պարմա» - «Նապոլի»՝ 1:1«Բոլոնիա» - «Լեչե»՝ 2:0«Կոմո» - «Ինտեր»՝ 3:4«Ֆիորենտինա» - «Լացիո»՝ 1:0Հետևեք NEWS.am SPORT-ին Facebook-ում, Twitter և Telegram-ում",Sport,https://sport.news.am/arm/news/165735/
Լա Լիգա․ 31-րդ տուրի արդյունքներն ու մրցաշարային դրությունը,"Ֆուտբոլի Իսպանիայի Լա Լիգայի առաջնությունում ավարտվել են 31-րդ տուրի հանդիպումները։Առաջատարը չեմպիոն «Բարսելոնան» է, որը վաստակել է 79 միավոր։ Փոխչեմպիոն «Ռեալը» 70 միավորով երկրորդն է։Իսպանիայի առաջնություն, 31-րդ տուր«Ռեալ» - «Ժիրոնա»՝ 1:1«Ռեալ Սոսիեդադ» - «Ալավես»՝ 3:3«Էլչե» - «Վալենսիա»՝ 1:0«Բարսելոնա» - «Էսպանյոլ»՝ 4:1«Սեւիլիա» - «Աթլետիկո Մադրիդ»՝ 2:1«Օսասունա» - «Բետիս»՝ 1:1«Մալյորկա» - «Ռայո Վալիեկանո»՝ 3:0«Սելտա» - «Ռեալ Օվիեդո»՝ 0:3«Աթլետիկ Բիլբաո» - «Վիլյառեալ»՝  1:2«Լեւանտե» - «Խետաֆե»՝ 1:0Հետևեք NEWS.am SPORT-ին Facebook-ում, Twitter և Telegram-ում",Sport,https://sport.news.am/arm/news/165736/
ՉԼ. Հանս-Դիտեր Ֆլիկը բողոք է ներկայացրել «Մետրոպոլիտանոյի» խոտածածկի վերաբերյալ,"Իսպանիայի չեմպիոն «Բարսելոնայի» գերմանացի գլխավոր մարզիչ Հանս-Դիտեր Ֆլիկը դժգոհ է Մադրիդի «Մետրոպոլիտանո» ստադիոնի վիճակից: Կատալոնական ակումբի գլխավոր մարզիչը Չեմպիոնների լիգայի քառորդ եզրափակիչի  «Աթլետիկոյի» դեմ պատասխան խաղից առաջ բողոք է ներկայացրել ՈւԵՖԱ-ի պատվիրակներին՝ դժգոհելով մարզադաշտի խոտածածկի բարձրությունից: Այս մասին հայտնում է Mundo Deportivo-ն։«Բարսելոնա» - «Աթլետիկո» պատասխան հանդիպումը տեղի կունենա ապրիլի 14-ին եւ կմեկնարկի Երևանի ժամանակով ժամը 23:00-ին։ Առաջին խաղում կատալոնական թիմը տանը պարտվել էր 0:2 հաշվով։Հետևեք NEWS.am SPORT-ին Facebook-ում, Twitter և Telegram-ում",Sport,https://sport.news.am/arm/news/165737/
"«Մանչեսթեր Սիթին» պատրաստ է 40 մլն եվրո վճարել «Պալմեյրասի» 16-ամյա ֆուտբոլիստի 
համար","Անգլիական «Մանչեսթեր Սիթին» ցանկանում է ձեռք բերել բրազիլական «Պալմեյրասի» եզրային հարձակվող Էդուարդու Կոնսեյսաուին: Այս մասին  հայտնում է ESPN Brazil-ը։ Մանչեսթերյան ակումբն արդեն բանակցություններ է վարում բրազիլական «Պալմեյրասի» հետ եւ պատրաստ է 16-ամյա բրազիլացի ֆուտբոլիստի համար վճարել 40 մլն եվրո։Կոնսեյսաուն դեռեւս ոչ մի պաշտոնական հանդիպում չի անցկացրել «Պալմեյրասի» հիմնական թիմի կազմում։Հետևեք NEWS.am SPORT-ին Facebook-ում, Twitter և Telegram-ում",Sport,https://sport.news.am/arm/news/165738/
ՉԼ. «Ռեալի» հայտացուցակը «Բավարիայի» դեմ,"Իսպանիայի փոխչեմպիոն Մադրիդի «Ռեալի» իսպանացի գլխավոր մարզիչ Ալվարո Արբելոան ներկայացրել է հայտացուցակը Չեմպիոնների լիգայի քառորդ եզրափակիչի պատասխան հանդիպման համար։«Ռեալ». Լունին, Ֆրան Գոնսալես, Խավի Նավարո, Կարվախալ, Էդեր Միլիտաո, Ալաբա, Տրենտ, Կարերաս, Ֆրան Գարիսա, Ռյուդիգեր, Մենդի, Հոյսեն, Բելինգեմ, Կամավինգա, Վալվերդե, Գյուլեր, Սեբալյոս, Տիագո, Վինիսիուս, Մբապե, Գոնսալո, Բրաիմ Դիաս, Մաստանտուոնո:Արքայական թիմը Մյունխենում կհյուրընկալվի Գերմանիայի չեմպիոն «Բավարիային»։Հանդիպումը տեղի կունենա ապրիլի 15-ին եւ կմեկնարկի Երեւանի ժամանակով 23։00-ին։Ֆուտբոլի Չեմպիոնների լիգայի քառորդ եզրափակիչի առաջին խաղում «Ռեալը» Մադրիդում պարտվել էր 1:2  հաշվով:Հետևեք NEWS.am SPORT-ին Facebook-ում, Twitter և Telegram-ում",Sport,https://sport.news.am/arm/news/165739/
Կանանց ԱԱ-2027. Հայաստան – Բելառուս՝ ուղիղ,"Ֆուտբոլի կանանց Հայաստանի հավաքականը 2027 թ. աշխարհի առաջնության որակավորման փուլի C6 խմբի 2-րդ տուրի խաղում Երեւանի Վազգեն Սարգսյանի անվան «Հանրապետական» մարզադաշտում ընդունել է Բելառուսին:Հայաստանի ֆուտբոլի ֆեդերացիան ներկայացնում է ուղիղ հեռարձակում:Հետևեք NEWS.am SPORT-ին Facebook-ում, Twitter և Telegram-ում",Sport,https://sport.news.am/arm/news/165740/
"Պրեմիեր լիգա. Պատմության լավագույն կենտրոնական կիսապաշտպանների տասնյակը՝ 
Կարագերի վարկածով","Անգլիական «Լիվերպուլի» եւ Անգլիայի հավաքականի նախկին պաշտպան, ֆուտբոլային հեռուստամեկնաբան Ջեյմի Կարագերը ներկայացրել է Անգլիայի Պրեմիեր լիգայի բոլոր ժամանակների լավագույն կենտրոնական կիսապաշտպանների տասնյակը: Այս մասին հաղորդում է Daily Mail-ը։Ցանկը գլխավորում է Անգլիայի հավաքականի նախկին ավագ, «Լիվերպուլի» լեգենդար խաղացող Սթիվեն Ջերարդը:Հետևեք NEWS.am SPORT-ին Facebook-ում, Twitter և Telegram-ում",Sport,https://sport.news.am/arm/news/165741/
Մբապե. Ինձ համար Աստծո պարգեւ է «Ռեալում» խաղալը,"Իսպանիայի փոխչեմպիոն Մադրիդի «Ռեալի» ֆրանսիացի հարձակվող Կիլիան Մբապեն պատմել է Արքայական թիմում հանդես գալուց ստացած զգացողությունների եւ ապրումների մասին։«Ինձ համար Աստծո պարգեւ է «Ռեալում» խաղալը, ինչն ինձ հնարավորություն է տալիս ապրել իմ կրքով, անցկացնել լավագույն հանդիպումները, խաղալ աշխարհի մեծագույն ակումբի խաղաշապիկով։ Ես շնորհակալ եմ, որ ամեն առավոտ դուրս եմ գալիս մարզադաշտ եւ զբաղվում եմ մի բանով, ինչն ինձ երջանկացնում է։Ես սիրում եմ լինել «Սանտիագո Բերնաբեու» ստադիոնում եւ զգալ, որ կանգնած եմ աշխարհի լավագույն խաղադաշտում։ Ֆուտբոլը թիմ է, համառություն է, պատասխանատվություն է։ Կարեւոր նշանակություն ունի խաղադաշտում գործողությունների համաձայնեցված լինելը»,– Մբապեի խոսքը մեջբերում է Mundo Deportivo–ը։Չեմպիոնների լիգայի քառորդ եզրափակիչի պատասխան խաղում «Ռեալն» ապրիլի 15–ին Մյունխենում կհյուրընկալվի Գերմանիայի չեմպիոն Մյունխենի «Բավարիային»։ Առաջին խաղում «Ռեալը» պարտվել է 1։2 հաշվով։Հետևեք NEWS.am SPORT-ին Facebook-ում, Twitter և Telegram-ում",Sport,https://sport.news.am/arm/news/165742/
NBA. 41-ամյա Լեբրոն Ջեյմսը 70-րդ անգամ ճանաչվեց շաբաթվա լավագույն խաղացող,"«Լոս Անջելես Լեյքերսի» ամերիկացի հարձակվող Լեբրոն Ջեյմսը ճանաչվել է Բասկետբոլի ազգային ասոցիացիայի կանոնավոր առաջնության վերջին շաբաթվա լավագույն բասկետբոլիստ, հաղորդում է լիգայի մամուլի ծառայությունը։Վերջին շաբաթվա ընթացքում «Լոս Անջելես Լեյքերսը» 5 խաղում տարել է 3 հաղթանակ։Լեբրոն Ջեյմսի միջին արդյունավետությունն այդ 5 խաղում կազմել է 24 միավոր։41-ամյա Լեբրոն Ջեյմսը կարիերայում 70-րդ անգամ ճանաչվեց շաբաթվա լավագույն բասկետբոլիստ NBA-ում։Հետևեք NEWS.am SPORT-ին Facebook-ում, Twitter և Telegram-ում",Sport,https://sport.news.am/arm/news/165743/
Արթուր Դավթյանին շնորհվել է գրոսմայստերի կոչում,"Շախմատի միջազգային ֆեդերացիան (ՖԻԴԵ) հայ երիտասարդ շախմատիստ Արթուր Դավթյանին շնորհել է գրոսմայստերի կոչում:Այդ մասին հաղորդում է Հայաստանի շախմատի ֆեդերացիան՝ շնորհավորելով Արթուր Դավթյանին եւ մաղթելով նորանոր ձեռքբերումներ:Հետևեք NEWS.am SPORT-ին Facebook-ում, Twitter և Telegram-ում",Sport,https://sport.news.am/arm/news/165744/
Մխիթարյանը ցույց է տվել՝ ինչպես է Դյումֆրիսը տոնում գոլը (տեսանյութ),"Публикация от Inter (@inter)Իտալիայի փոխչեմպիոն Միլանի «Ինտերի» կիսապաշտպան Հենրիխ Մխիթարյանը ցույց է տվել, թե ինչպես է իր ակումբակից, հոլանդացի պաշտպան Դենզել Դյումֆրիսը տոնում գոլը։«Մխիթարյան, ինչպե՞ս է Դյումֆրիսը տոնում գոլը»,– նշված է «Ինտերի» ինստագրամյան էջում հրապարակված տեսանյութի վերնագրում։Հիշեցնենք, որ Իտալիայի առաջնության 32–րդ տուրի խաղում «Ինտերը» 4։3 հաշվով հաղթել էր «Կոմոյին»։ Դյումֆրիսն ու ֆրանսիացի հարձակվող Մարկուս Տյուրամը դարձել էին դուբլի հեղինակ։ «Ինտերը» 76 միավորով գլխավորում է մրցաշարային աղյուսակը։Հետևեք NEWS.am SPORT-ին Facebook-ում, Twitter և Telegram-ում",Sport,https://sport.news.am/arm/news/165745/
«Ալաշկերտը» պարտության մատնեց «Արարատին» (տեսանյութ),"Հայաստանի Պրեմիեր լիգայի առաջնության 21-րդ տուրի խաղում «Ալաշկերտը» հյուրընկալեց «Արարատին» եւ առավելության հասավ 2։0 հաշվով։44-րդ րոպեին հանդիպման հաշիվը բացեց պաշտպան Ռոբերտ Հակոբյանը։ 71-րդ րոպեին «Ալաշկերտի» առավելությունը կրկնապատկեց բրազիլացի կիսապաշտպան Կայո Էնրիկեն։«Ալաշկերտը» (21 խաղ) 39 միավորով չորրորդն է, «Արարատը» (21 խաղ) վերջին տեղում է՝ 6 միավոր։Հետևեք NEWS.am SPORT-ին Facebook-ում, Twitter և Telegram-ում",Sport,https://sport.news.am/arm/news/165746/
ATP-500 Բարսելոնա. Կարեն Խաչանովը պարտվեց մեկնարկում,"Աշխարհի 14–րդ ռակետ, ռուսաստանցի Կարեն Խաչանովը պարտվեց Բարսելոնայում անցկացվող ATP-500 շարքի մրցաշարում։Առաջին շրջանում հայ թենիսիստը մրցեց աշխարհի 64–րդ ռակետ, արգենտինացի Կամիլո Ուգո Կարաբելյայի հետ եւ պարտվեց 3:6, 4:6 հաշվով։ Մրցախաղը տեւեց 1 ժամ եւ 12 րոպե։Երկրորդ շրջանում Կամիլո Ուգո Կարաբելյայի մրցակիցը կլինի աշխարհի 55–րդ ռակետ, իսպանացի Ռաֆայել Խոդարը։Բարսելոնայի մրցաշարի մրցանակային հիմնադրամը 2,9 միլիոն եվրո է։Հետևեք NEWS.am SPORT-ին Facebook-ում, Twitter և Telegram-ում",Sport,https://sport.news.am/arm/news/165747/
Կանանց ԱԱ-2027. Հայաստանի թիմը պարտվեց Բելառուսին (տեսանյութ),"Ֆուտբոլի կանանց Հայաստանի հավաքականը 2027 թ. աշխարհի առաջնության որակավորման փուլի C6 խմբի 2-րդ տուրի խաղում Երեւանի Վազգեն Սարգսյանի անվան «Հանրապետական» ստադիոնում ընդունեց Բելառուսի հավաքականին եւ պարտվեց 0։3 հաշվով:Բելառուսը 2 հաղթանակից հետո խմբի առաջատարն է, Հայաստանի թիմը վերջինն է։ Խմբում ընդգրկված է նաեւ Ղազախստանի հավաքականը, որը հայ ֆուտբոլիստուհիների հետ կմրցի հունիսի 5–ին։ Առաջին տուրում Հայաստանի հավաքականը ղազախներին պարտվել էր 0։3 հաշվով։ԱԱ–2027, որակավորման փուլ, C6 խմբի 2-րդ տուրՀայաստան – Բելառուս՝ 0։3Զարինա Կապուստինա, 17, Անաստասիա Շլապակովա, 57, Վիկտորյան Վալյուկ, 78Հետևեք NEWS.am SPORT-ին Facebook-ում, Twitter և Telegram-ում",Sport,https://sport.news.am/arm/news/165748/
Աշխարհի գավաթ. Հայաստանի թիմը նվաճել է 1 ոսկե և 11 բրոնզե մեդալ,"Սամբոյի Հայաստանի հավաքականը 1 ոսկե և 11 բրոնզե մեդալ է նվաճել Երևանում երրորդ տարին անընդմեջ անցկացված սամբոյի աշխարհի գավաթի խաղարկությունում։Հայաստանի ներկայացուցիչներից հաղթողի կոչմանն արժանացել է 58 կգ քաշային Կարեն Սարգսյանը (մարզական սամբո):Բրոնզե մեդալակիրներ են դարձել 58 կգ քաշային Դավիթ Հովսեփյանը (մարզական սամբո), 58 կգ քաշայիններ Նարեկ Գոգինյանը, Զավեն Արզումանյանը, 88 կգ քաշային Թաթուլ Ավագյանը, 98+ կգ Մխիթար Թեմուրյանը (մարտական սամբո), հաղորդում է ԿԳՄՍՆ–ի կայքը:Մարզական սամբոյի կանանց պայքարում պատվո հարթակի երրորդ աստիճանին կանգնել են Աննա Այվազյանը (50 կգ), Սյուզաննա Մանուկյանը (72 կգ), Աննա Մկրտչյանը (80+ կգ):Մարտական սամբոյի կանանց պայքարում բրոնզե մեդալակիրներ են դարձել Մարիամ Ստեփանյանը (54 կգ), Սրբուհի Հովակիմյանը (59 կգ) և Եկատերինա Ժիգալովան (80 կգ):Սամբոյի աշխարհի գավաթի խաղարկությանը 22 երկրի ավելի քան 500 մարզիկ է մասնակցել։Հետևեք NEWS.am SPORT-ին Facebook-ում, Twitter և Telegram-ում",Sport,https://sport.news.am/arm/news/165749/
Մբապե. Ֆրանսիան մեծ հավակնություններ ունի ԱԱ-2026-ում,"Ֆրանսիայի հավականի եւ Մադրիդի «Ռեալի» հարձակվող Կիլիան Մբապեն խոսել է հունիս–հուլիսին ԱՄՆ–ում, Կանադայում եւ Մեքսիկայում անցկացվելիք աշխարհի առաջնությունում ազգային թիմի հավակնությունների մասին։«Աշխարհի առաջնությունն առանձնահատուկ պահ է։ Հաղթանակը տրվում է համատեղ ջանքերի, համառության, հաստատակամության եւ թիմի հատում մտածողության շնորհիվ։ Մենք մեծ հավակնություններ ունենք, բայց նաեւ հաշտ ենք, քանի որ հասկանում ենք՝ ֆուտբոլում ոչինչ երաշխավորված չէ»,– Մբապեի խոսքը մեջբերում է Mundo Deportivo–ն։Աշխարհի առաջնության խմբային փուլում Ֆրանսիայի մրցակիցները կլինեն Սենեգալը, Իրաքն ու Նորվեգիան։Հետևեք NEWS.am SPORT-ին Facebook-ում, Twitter և Telegram-ում",Sport,https://sport.news.am/arm/news/165750/
20-ամյա Սինդարովը՝ աշխարհի չեմպիոնի հավակնորդների մրցաշարի հաղթող,"20-ամյա ուզբեկ գրոսմայստեր Ջավոխիր Սինդարովը նվաճեց Կիպրոսում անցկացվող շախմատի աշխարհի չեմպիոնի հավակնորդների մրցաշարի հաղթողի կոչումը։Նախավերջին տուրում Սինդարովը սեւ ֆիգուրներով ոչ ոքի խաղաց հոլանդացի Անիշ Գիրիի հետ եւ 13 հնարավորից վաստակել է 9,5 միավոր։Սինդարովը տիտղոսը կվիճարկի աշխարհի չեմպիոն, 19-ամյա հնդիկ գրոսմայստեր Գուկեշ Դոմարաջուի հետ մրցախաղում։Հետևեք NEWS.am SPORT-ին Facebook-ում, Twitter և Telegram-ում",Sport,https://sport.news.am/arm/news/165751/
Մասկերանոն հեռացավ «Ինտեր Մայամիից»,"Արգենտինացի Խավիերոն Մասկերանոն հեռացել է ՄԼՍ-ի չեմպիոն «Ինտեր Մայամիի» գլխավոր մարզիչի պաշտոնից։«Խավիեր Մասկերանոն որոշեց ավարտել իր աշխատանքը գլխավոր մարզիչի պաշտոնում։ Չեմպիոն, որն իր շտաբի հետ ընդմիշտ կմնա «Ինտեր Մայամիի» ընտանիքում եւ ընդմիշտ կապված կլինի մեր առաջին չեմպիոնական աստղի հետ»,- նշվում է ամերիկյան ակումբի մամուլի ծառայության հաղորդագրությունում։Մասկերանոն անցած տարի էր գլխավորել «Ինտեր Մայամին»։ Նրա պայմանագիրը նախատեսված էր մինչեւ 2027թ․ դեկտեմբեր։Հետևեք NEWS.am SPORT-ին Facebook-ում, Twitter և Telegram-ում",Sport,https://sport.news.am/arm/news/165752/
ՉԼ․ «Աթլետիկոյի» եւ «Բարսելոնայի» մեկնարկային կազմերը,"Ֆուտբոլի Չեմպիոնների լիգայի քառորդ եզրափակիչի պատասխան խաղում Մադրիդի «Աթլետիկոն» կընդունի Իսպանիայի չեմպիոն «Բարսելոնային»։ Հայտնի են թիմերի մեկնարկային կազմերը։«Աթլետիկո»․ Մուսո, Մոլինա, Լե Նորման, Լանգլե, Ռուջերի, Լիորենտե, Սիմեոնե, Լուկման, Կոկե, Գրիզման, Ալվարես։«Բարսելոնա»․ Ժ․ Գարսիա, Կանսելու, Մարտին, Կունդե, Է․Գարսիա, Պեդրի, Յամալ, Լոպես, Օլմո, Գավի, Տորես։Հանդիպումը կմեկնարկի Երեւանի ժամանակով 23:00-ին։Առաջին խաղում 2:0 հաշվով հաղթել էր «Աթլետիկոն»։Հետևեք NEWS.am SPORT-ին Facebook-ում, Twitter և Telegram-ում",Sport,https://sport.news.am/arm/news/165754/
ՉԼ․ «Լիվերպուլի» եւ ՊՍԺ-ի մեկնարկային կազմերը,"Ֆուտբոլի Չեմպիոնների լիգայի քառորդ եզրափակիչի պատասխան խաղում Անգլիայի չեմպիոն «Լիվերպուլը» կընդունի Ֆրանսիայի չեմպիոն եւ Չեմպիոնների լիգայի գավաթակիր ՊՍԺ-ին։ Հայտնի են թիմերի մեկնարկային կազմերը։«Լիվերպուլ»․ Մամարդաշվիլի, Վան Դեյք, Կոնատե, Կերկեզ, Ֆրիմպոնգ, Գրավենբերխ, Մաք Ալիսթեր, Սոբոսլաի, Վիրց, Իսակ, Էկիտիկե։ՊՍԺ․ Սաֆոնով, Հակիմի, Մարկինյոս, Պաչո, Ն․Մենդեշ, Ժ․Նեւեշ, Զաիր-Էմերի, Վիտինյա, Կվարացխելիա, Դուե, Դեմբելե։Հանդիպումը կմեկնարկի Երեւանի ժամանակով 23:00-ին։Առաջին խաղում 2:0 հաշվով հաղթել էր ՊՍԺ-ն։Հետևեք NEWS.am SPORT-ին Facebook-ում, Twitter և Telegram-ում",Sport,https://sport.news.am/arm/news/165755/
Հենրի Ավագյանը՝ «Փյունիկի» ռեկորդակիր,"Դարպասապահ Հենրի Ավագյանը դարձել է «Փյունիկի» ռեկորդակիր։ «Արարատ-Արմենիայի» հետ «Փյունիկի» հանդիպման 24-րդ րոպեին ընդհատվեց Հենրի Ավագյանի դարպասն անընդմեջ անառիկ պահած 6 խաղերի տպավորիչ շարքը, սակայն դարպասապահը պատմական ռեկորդ սահմանեց, հաղորդում է «Փյունիկի» կայքը:Ընթացիկ առաջնության հանդիպումներում Ավագյանը 608 րոպե շարունակ դարպասն անառիկ է պահել: Այդ ցուցանիշով նա դարձավ «Փյունիկի» պատմության լավագույն դարպասապահը: Հենրի Ավագյանը գերազանցեց թիմի նախկին դարպասապահ Գրիգոր Մելիքսեթյանի ռեկորդային ցուցանիշը, ով առաջնության հանդիպումներում 600 րոպե շարունակ գոլ բաց չէր թողել: Առաջնությունում նախորդ գոլը մեր դարպասապահը բաց էր թողել անցյալ տարվա նոյեմբերի 21-ին «Ուրարտուի» հետ հանդիպման 45-րդ րոպեին Բրունո Միշելի հարվածից հետո:Մելիքսեթյանն «Արարատի» հետ 2008թ. առաջնության 120 րոպե տևած «ոսկե խաղի» 69-րդ րոպեին գոլ բաց թողնելուց հետո հաջորդ առաջնության մեկնարկային 6 խաղերում դարպասն անառիկ էր պահել: Եվ միայն 7-րդ տուրում «Միկայի» հետ հանդիպման 10-րդ րոպեին էր գոլ բաց թողել:Հետևեք NEWS.am SPORT-ին Facebook-ում, Twitter և Telegram-ում",Sport,https://sport.news.am/arm/news/165756/
Աշխարհի լավագույն դարպասապահները,"The Athletic-ը կազմել է այս պահին աշխարհի լավագույն դարպասապահների դասակարգումը՝ առաջին տեղում նշելով Իսպանիայի փոխչեմպիոն Մադրիդի «Ռեալի» բելգիացի խաղացող Տիբո Կուրտուային։Երկրորդ տեղում է անգլիական «Մանչեսթեր Սիթիի» իտալացի դարպասապահ Ջանլուիջի Դոնարուման։Հետևեք NEWS.am SPORT-ին Facebook-ում, Twitter և Telegram-ում",Sport,https://sport.news.am/arm/news/165757/
ՉԼ․ Յամալը գերազանցեց Մբապեի ռեկորդը,"Իսպանիայի չեմպիոն «Բարսելոնայի» եւ Եվրոպայի չեմպիոն Իսպանիայի հավաքականի 18-ամյա եզրային հարձակվող Լամին Յամալը իր 11-րդ գոլն է խփել Չեմպիոնների լիգայում եւ գերազանցել է Մադրիդի «Ռեալի» ֆրանսիացի հարձակվող Կիլիան Մբապեի ռեկորդը մինչեւ 19 տարեկան դառնալը Չեմպիոնների լիգայում խփած գոլերի քանակով, հաղորդում է Stats Foot-ը։Մբապեն ՊՍԺ-ում 10 գոլ էր խփել Չեմպիոնների լիգայում նախքան 19-ամյակը։Չեմպիոնների լիգայի քառորդ եզրափակիչի պատասխան խաղում Յամալը գրավել էր Մադրիդի «Աթլետիկոյի» դարպասը։ «Բարսելոնան» հաղթել էր 2:1 հաշվով, սակայն առաջին խաղում կրած 0:2 հաշվով պարտության պատճառով դուրս մնաց պայքարից։Լամին Յամալը դարձել է նաեւ ամենաերիտասարդ ֆուտբոլիստը, որը Չեմպիոնների լիգայի մեկ մրցաշրջանում կատարում է 10 կամ ավելի արդյունավետ գործողություն (գոլ+գոլային փոխանցում։)Չեմպիոնների լիգայի ընթացիկ մրցաշրջանում Յամալը խփել է 6 գոլ, կատարել 4 գոլային փոխանցում 10 խաղում։Յամալի պայմանագիրը «Բարսելոնայի» հետ նախատեսված է մինչեւ 2031թ․ հունիս։Transfermarkt-ը նրա տրանսֆերային արժեքը գնահատում է 200 միլիոն եվրո։Հետևեք NEWS.am SPORT-ին Facebook-ում, Twitter և Telegram-ում",Sport,https://sport.news.am/arm/news/165758/
Հակոբ Սերոբյան․ Եվրոպայի առաջնությունից առաջ ունենք երկու շատ կարեւոր խնդիր,"Աշխարհի գավաթի փուլերի արդյունքները գոհացնող են, մեր առջեւ դրված խնդիրները լուծել ենք, բոլոր 4 մարզիկներն ապահովել են աշխարհի առաջնության մասնակցության իրավունք: Այժմ պատրաստվում ենք օգոստոսին անցկացվելիք Եվրոպայի առաջնությանը, որից առաջ ունենք երկու շատ կարեւոր խնդիր. Համլետ Մանուկյանի եւ Մամիկոն Խաչատրյանի զորակոչն է այդ շրջանում, նրանց անձնագիրը վերջանում է, վիզաներ ստանալու խնդրի առաջ ենք:Այս մասին NEWS.am Sport-ի թղթակցի հետ զրույցում ասաց սպորտային մարմնամարզության Հայաստանի հավաքականի գլխավոր մարզիչ Հակոբ Սերոբյանը:Սպորտային մարմնամարզության Հայաստանի թիմը նախօրեին է վերադարձել Խորվաթիայի Օսիյեկ քաղաքից, որտեղ մասնակցում էր աշխարհի գավաթի խաղարկության վերջին փուլին: Հակոբ Սերոբյանի գլխավորած թիմը 6 օրում մասնակցել է աշխարհի գավաթի երկու փուլի եւ նվաճել 6 մեդալ՝ 3 ոսկի, 2 արծաթ եւ մեկ բրոնզ:Պարոն Սերբոյան, Հայաստանի հավաքականն ավարտեց պայքարն աշխարհի գավաթի փուլերում: Վերջին երկու փուլերում 6 օրում ձեր գլխավորած թիմը նվաճեց 6 մեդալ, որից երեքը՝ ոսկի: Արդյունքները գոհացնո՞ղ են: Կահիերի եւ Օսիյեկի փուլերի արդյունքները գոհացնող են, կարելի է ասել՝ շատ լավ է, բայց մեր հնարավորությունների չափը չէր: Աստիճանաբար բարձրացնում ենք մեր նշաձողը: Օսիյեկն, ասես, աշխարհի առաջնություն լիներ: Դոհայում նախատեսված 6-րդ փուլը չեղարկվեց, բոլորը եկել էին Օսիյեկ: Մասնակիցները շատ էին եւ տիտղոսակիր: Այսպիսի աշխարհի գավաթ դեռեւս չէր եղել ու շատ բարձր մակարդակով էր կազմակերպած: Մենք ունեինք 4 մասնակից, 4-ն էլ եզրափակիչ են մտել: Ցանկացած երկրի համար թիմի բոլոր անդամների եզրափակիչ մտնելը շատ մեծ հաջողություն է:Ձեր խոսքում նշեցիք, որ արդյունքները ձեր հնարավորությունների չափը չէր: Այդ դեպքում՝ ինչո՞ւ: Մամիկոն Խաչատրյանի համար եմ այդպիսի գնահատական տալիս: Երկու փուլերում նա մեդալ չնվաճեց: Լիարժեք հնարավորություն ուներ նժույգի վարժությունում ոսկե մեդալակիր դառնալ. միայն Համլետին կարող էր պարտվել: Ափսոսում եմ նրա համար: Սահմանափակվեց միայն եզրափակիչ մտնելով: Մնացած ամեն ինչ գոհացնող է, 4 եզրափակիչի մասնակից, երեք մեդալ ու այն էլ այնպիսի աշխարհի գավաթի փուլում, որը մրցակցությամբ հիշեցնում էր աշխարհի առաջնություն: Լավ է, նորմալ է, բայց մեր հնարավորություններն ավելի բարձր են եւ մենք կարող ենք ավելին անել: Շնորհակալ ենք այնքանով, որ արեցինք, ինչ կարողանում ենք:Արթուր Ավետիսյանը դարձավ բացարձակ գավաթակիր: Ինչպե՞ս է հաշվարկվել միավորները:  Արթուր Ավետիսյանը Կոտբուսում ոսկե մեդալակիր էր դարձել, Կահիրեում՝ արծաթե, Օսիյեկում՝ բրոնզե: Շատ բարձր միավորներով շրջանցեց բոլորին եւ դարձավ բացարձակ գավաթակիր: Մամիկոն Խաչատրյանի շանսերն ավելի շատ էր բացարձակ գավաթակիր դառնալու համար: Ի տարբերություն մյուս թիմերի եւ մասնակիցների, որոնք մասնակցեցին 5 փուլի, մենք կարողացանք մասնակցել միայն 3-ի: Սա նշանակում է, որ մյուս երկրների ներկայացուցիչներն առավելություն ունեին: Քանի որ 6-րդ փուլը չեղարկվեց, հաշվարկվել են 5 փուլերի յուրաքանչյուր գործիքի վրա միավորներով լավագույն եռյակը: Եթե Անթալիայի փուլին հասցնեինք մասնակցել եւ Մամիկոնը դուրս գար եզրափակիչ, նա կլիներ բացարձակ գավաթակիր՝շրջանցելով Համլետ Մանուկյանին: Մամիկոնը Կոտբուսի փուլում արծաթե մեդալակիր էր, շատ բարձր միավորներ էր հավաքել:Ինչ վերաբերում է Համլետին, եթե առաջին փուլում թեկուզ 5-րդ տեղը գրավեր, վերջին երկու ոսկե մեդալով կարող էր բացարձակ գավաթակիր դառնալ: Առաջին փուլում նա 7-րդ տեղի արդյունք ցույց տվեց, երկու ոսկե մեդալները նրան չօգնեցին:Աշխարհի գավաթի փուլերի արդյունքներով թիմի բոլոր անդամներն ապահովեցի՞ն իրենց մասնակցությունն աշխարհի առաջնությունում: Բոլոր 4 մասնակիցներն էլ ձեռք բերեցին առանձին գործիքներում մասնակցության իրավունք: Արթուր Դավթյանը նույնիսկ երկու գործիքի վրա մասնակցելու իրավունք է ստացել. հենացատկից բացի, նաեւ օղակների վարժությունում: Այստեղ այլ խնդիր ունենք: Կան անհատ մարմնամարզիկներ, որոնք աշխարհի գավաթի փուլերի արդյունքներով 9-րդ, 10-րդ տեղերն են գրավել, այժմ մեզ խնդրում են, որպեսզի Եվրոպայի առաջնությանը թիմով մասնակցենք: Եթե մենք թիմով մասնակցենք Եվրոպայի առաջնությանը եւ լավագույն 13-ի մեջ մտնենք թիմով, աշխարհի առաջնությանը թիմով մասնակցելու իրավունք կվաստակենք եւ դուրս կգանք աշխարհի գավաթի փուլերի հաշվարկից: 9-րդ, 10-րդ տեղերը զբաղեցրած մարմնամարզիկները առանձին գործիքներում աշխարհի առաջնությանը մասնակցելու իրավունք կստանան: Եթե Եվրոպայի առաջնությունում թիմային պայքարում լավագույն 13-ում չլինենք, այստեղ մեզ օգնության կգա աշխարհի գավաթի փուլերի արդյունքներով առանձին գործիքներում ձեռք բերած մասնակցության իրավունքը: Ցանկացած պարագայում մեզ ապահովագրել ենք՝ ինչ ելք էլ լինի Եվրոպայի առաջնությունում:Համլետ Մանուկյանը փայլեց երկու փուլերում: Ինչպե՞ս կգնահատեք: Նժույգի վարժությունում, հատկապես Օսիյեկում, շատ բարդ պայքար էր. աշխարհի առաջնություն էր: Շատ ուժեղ մարզիկներ չհաղթահարեցին որակավորման փուլը: Օլիմպիական չեմպիոնն էր մասնակցում, որը եզրափակիչ չմտավ, աշխարհի փոխչեմպիոնը եզրափակիչ չմտավ: Համլետը շատ լուրջ արդյունք ցույց տվեց, հրաշալի կատարեց երկու փուլերում էլ: Արթուր Դավթյանը Օսիյեկում 0,033 միավորով զիջեց բրիտանացի մարմնամարզիկին: Վնասվածքը խանգարե՞ց:Արթուրի երկրորդ տեղի արդյունքի հետ մի տեսակ համաձայն չեմ, չնայած, որ երկրորդ ցատկում սխալ թույլ տվեց: Եթե ձեռքի թեթեւ շարժումը չաներ, առաջին տեղ կգրավեր: Բրիտանացի մարմնամարզիկի առաջին ցատկը բարդ էր, բայց այնպես չի, որ Արթուրից լավ կատարեց: Արթուրը Կահիրեում այդքան լավ չմասնակցեց, որքան Օսիյեկում: Այստեղ էլ շատ ուժեղ մրցակցություն կար: Որակավորման փուլում փայլուն ցատկեր կատարեց: Եթե նույնն աներ եզրափակիչում, կհաղթեր: Հեփվորֆը 4 տասնորդական բարդ ցատկ արեց, բայց Արթուրը նրան պարտվեց թեթեւ ձեռքի շարժումով:Արթուրը մասնակցեց երկու փուլերին, Կոտբուսում վնասվածքը խանգարեց: Եթե այնտեղ էլ մասնակցեր, նա էլ բացարձակ չեմպիոն կդառնար: Մենք նախատեսել էինք, որ նա պետք է մասնակցի վերջին երեք փուլերին՝ Կահիրե, Օսիյեկ եւ Դոհա: Վերջինը չեղարկվեց, մեր ծրագրերը խառնվեց: Չեմ կարող ասել, թե վնասվածքը խանգարեց: Նա չի ասում, ցույց չի տալիս, որ ցավ ունի, կանգնում է մրցահարթակին եւ անում իր վարժությունը: Շատ ուրախ եմ, որ այս պահին վնասվածքն այլեւս չի խանգարում: Ոչ լիարժեք, բայց ապաքինվել է: Հուսամ՝ Եվրոպայի առաջնությունում եւս ամեն ինչ լավ կլինի:Եվրոպայի առաջնությունն այս տարի նախատեսված է օգոստոսին: Ի՞նչ փուլերով կպատրաստվեք, ի՞նչ մրցաշարեր կան առջեւում: Մեզ համար անսովոր է, որ Եվրոպայի առաջնությունը օգոստոսին է, քանի որ միշտ ապրիլին է եղել: Մեր նպատակը թիմով մասնակցելն է: Այդ առումով մեզ համար լավ է, պատրաստվելու ժամանակ ունենք, բայց դրան զուգահեռ ունենք մի շարք խնդիրներ: Օգոստոսին Համլետ Մանուկյանի եւ Մամիկոն Խաչատրյանի զորակոչի ժամանակն է, իսկ նրանք նաեւ բազմամարտ են անելու, այսինքն՝ թիմին շատ օգտակար են լինելու: Այս հարցը կարեւոր է: Մեզ շատ է աջակցում սպորտային վաշտի ներկայացուցիչ Արման Դավթյանը: Ամեն ինչով մեզ օգնում է, պատրաստակամ է, ճանաչում է մեզ, հասկանում է մարզաձեւը եւ ասել է, որ ինչ հնարավոր է՝ կարվի տղաների համար:Մինչեւ առաջնության մեկնարկը, նախատեսում ենք եւս 14-օրյա հավաք մրցավայրում՝ Խորվաթիայի մայրաքաղաք Զագրեբում: Քանի որ Համլետը եւ Մամիկոնը զորակոչիկներ են, նրանց անձնագիրն է վերջանում, վիզաներ չունեն: Պետք է շուտ անձնագիր ունենանք, որ վիզաներ ստանան: Ինձ թվում է՝ խնդիրը կլուծվի:Շատ աշխատանք ունենք անելու: Մամիկոն Խաչատրյանը մայիսին Վառնայում կմասնակցի World Challenge Cup-ի: Պետք է հասկանանք՝ ինչպես է կատարում իր վարժությունը: Մայիսի 15-19-ը Տաշքենդում կլինի եւս մեկ World Challenge Cup, որտեղ կմասնակցեն Էրիկ Բաղդասարյանը եւ Ռոբերտ Գյուլումյանը: Նրանք նույնպես պետք է միանան թիմին Եվրոպայի առաջնությունում: Հավաքականի մյուս անդամները կհանգստանան: Մայիսին երկշաբաթյա հավաք կունենանք Թբիլիսիում, որտեղ շեշտը կնդնենք պտտաձողի, զուգափայտի, ազատ վարժությունների վրա: Պետք է ուժեղացնենք մյուս գործիքները, որպեսզի թիմը 6 գործիք կատարի: Լուսինե ՇահբազյանՀետևեք NEWS.am SPORT-ին Facebook-ում, Twitter և Telegram-ում",Sport,https://sport.news.am/arm/news/165759/
"ՉԼ․ «Աթլետիկոն» պայքարից դուրս թողեց «Բարսելոնային», ՊՍԺ-ն՝ «Լիվերպուլին»","Մադրիդի «Աթլետիկոն» ու ՊՍԺ-ն դուրս եկան ֆուտբոլի եվրոպական Չեմպիոնների լիգայի կիսաեզրափակիչ։«Աթլետիկոն» քառորդ եզրափակիչի պատասխան խաղում ընդունեց Իսպանիայի չեմպիոն «Բարսելոնային» եւ պարտվեց 1:2 հաշվով։Արդեն չորրորդ րոպեին հանդիպման հաշիվը բացեց կատալոնական թիմի հարձակվող Լամին Յամալը։ 24-րդ րոպեին գերմանացի Հանս-Դիտեր Ֆլիկի գլխավորած թիմի առավելությունը կրկնապատկեց հարձակվող Ֆերան Տորեսը։31-րդ րոպեին «Աթլետիկոյին» անհրաժեշտ մեկ գոլը խփեց նիգերիացի հարձակվող Ադեմոլա Լուկմանը։Առաջին խաղում «Աթլետիկոն» հաղթել էր 2:0 հաշվով եւ շարունակում է պայքարը։Ֆրանսիայի չեմպիոն եւ Չեմպիոնների լիգայի գավաթակիր ՊՍԺ-ն հյուրընկալվեց Անգլիայի չեմպիոն «Լիվերպուլին» եւ հաղթեց 2:0 հաշվով ֆրանսիացի հարձակվող Ուսման Դեմբելեի դուբլի շնորհիվ։Առաջին խաղում եւս ՊՍԺ-ն առավելության էր հասել 2:0 հաշվով։Չեմպիոնների լիգա, քառորդ եզրափակիչ, պատասխան հանդիպում«Աթլետիկո Մադրիդ» - «Բարսելոնա»՝ 1:2 (տեսանյութ), (առաջին խաղ՝ 2։0)Ադեմոլա Լուկման, 31 - Լամին Յամալ, 4, Ֆերան Տորես, 24Հեռացում՝ Էրիկ Գարսիա («Բարսելոնա»), 80«Լիվերպուլ» - ՊՍԺ՝ 0:2 (տեսանյութ), (առաջին խաղ՝ 0։2)Ուսման Դեմբելե, 73, 90+2Ապրիլի 15«Արսենալ» - «Սպորտինգ»՝ 23։00 (Երեւանի ժամանակ),  (առաջին խաղ՝ 1։0)«Բավարիա» - «Ռեալ Մադրիդ»՝ 23։00 (առաջին խաղ՝ 2։1)Եզրափակիչը տեղի կունենա մայիսի 30-ին Բուդապեշտում։Հետևեք NEWS.am SPORT-ին Facebook-ում, Twitter և Telegram-ում",Sport,https://sport.news.am/arm/news/165760/
«Բարսելոնայի» հակառեկորդը,"Իսպանիայի չեմպիոն «Բարսելոնան» սահմանել է հակառեկորդ՝ դառնալով առաջին թիմը, որը Չեմպիոնների լիգայի 15 անընդմեջ խաղում գոլ է բաց թողել, հաղորդում է Squawka-ն։Քառորդ եզրափակիչի պատասխան խաղում «Բարսելոնան» Մադրիդի «Աթլետիկոյին» հաղթեց 2:1 հաշվով, սակայն դուրս մնաց պայքարից առաջին խաղում կրած 0:2 հաշվով պարտության պատճառով։Նախորդ անգամ Չեմպիոնների լիգայում կատալոնական թիմը գոլ բաց չի թողել անցած տարվա ապրիլին Դորտմունդի «Բորուսիայի» դեմ խաղում (4:0)։Հետևեք NEWS.am SPORT-ին Facebook-ում, Twitter և Telegram-ում",Sport,https://sport.news.am/arm/news/165761/
Չեմպիոնների լիգա․ Օրվա հանդիպումները,"Ֆուտբոլի եվրոպական Չեմպիոնների լիգայում ապրիլի 15-ին կավարտվեն քառորդ եզրափակիչի պատասխան հանդիպումները։Անգլիայի փոխչեմպիոն Լոնդոնի «Արսենալը» կընդունի պորտուգալական «Սպորտինգին»։Գերմանիայի չեմպիոն Մյունխենի «Բավարիան» տանը կմրցի Իսպանիայի փոխչեմպիոն Մադրիդի «Ռեալի» հետ։Արդեն կիսաեզրափակիչ են դուրս եկել Մադրիդի «Աթլետիկոն» ու Ֆրանսիայի չեմպիոն եւ Չեմպիոնների լիգայի գավաթակիր ՊՍԺ-ն։Չեմպիոնների լիգա, քառորդ եզրափակիչ, պատասխան հանդիպում«Արսենալ» - «Սպորտինգ»՝ 23։00 (Երեւանի ժամանակ),  (առաջին խաղ՝ 1։0)«Բավարիա» - «Ռեալ Մադրիդ»՝ 23։00 (առաջին խաղ՝ 2։1)Ապրիլի 14«Աթլետիկո Մադրիդ» - «Բարսելոնա»՝ 1:2 (տեսանյութ), (առաջին խաղ՝ 2։0)Ադեմոլա Լուկման, 31 - Լամին Յամալ, 4, Ֆերան Տորես, 24Հեռացում՝ Էրիկ Գարսիա («Բարսելոնա»), 80«Լիվերպուլ» - ՊՍԺ՝ 0:2 (տեսանյութ), (առաջին խաղ՝ 0։2)Ուսման Դեմբելե, 73, 90+2Եզրափակիչը տեղի կունենա մայիսի 30-ին Բուդապեշտում։Հետևեք NEWS.am SPORT-ին Facebook-ում, Twitter և Telegram-ում",Sport,https://sport.news.am/arm/news/165762/
Չեմպիոնների լիգա․ Օրվա լավագույն գոլերն ու սեյվերը (տեսանյութ),"Dembélé Ferran Torres Lookman@Heineken | #UCLGOTD pic.twitter.com/DA0xluMmilՖուտբոլի եվրոպական Չեմպիոնների լիգայի քառորդ եզրափակիչի «Աթլետիկո Մադրիդ» - «Բարսելոնա» եւ «Լիվերպուլ» - ՊՍԺ հանդիպումներից հետո ՈՒԵՖԱ-ն ներկայացրել է օրվա լավագույն գոլերն ու սեյվերը։That first Safonov save Some incredible goalkeeping on Tuesday... your favourite save? @qatarairways | #LetsFly pic.twitter.com/7nbMMTiZuP

Կիսաեզրափակիչ են դուրս եկել Մադրիդի «Աթլետիկոն» ու Ֆրանսիայի չեմպիոն եւ Չեմպիոնների լիգայի գավաթակիր ՊՍԺ-ն։Չեմպիոնների լիգա, քառորդ եզրափակիչ, պատասխան հանդիպումԱպրիլի 14«Աթլետիկո Մադրիդ» - «Բարսելոնա»՝ 1:2 (տեսանյութ), (առաջին խաղ՝ 2։0)Ադեմոլա Լուկման, 31 - Լամին Յամալ, 4, Ֆերան Տորես, 24Հեռացում՝ Էրիկ Գարսիա («Բարսելոնա»), 80«Լիվերպուլ» - ՊՍԺ՝ 0:2 (տեսանյութ), (առաջին խաղ՝ 0։2)Ուսման Դեմբելե, 73, 90+2Ապրիլի 14«Արսենալ» - «Սպորտինգ»՝ 23։00 (Երեւանի ժամանակ),  (առաջին խաղ՝ 1։0)«Բավարիա» - «Ռեալ Մադրիդ»՝ 23։00 (առաջին խաղ՝ 2։1)Եզրափակիչը տեղի կունենա մայիսի 30-ին Բուդապեշտում։Հետևեք NEWS.am SPORT-ին Facebook-ում, Twitter և Telegram-ում",Sport,https://sport.news.am/arm/news/165763/
ԵԱ․ Հայ շախմատիստների արդյունքները,"Լեհաստանի Կատովիցե քաղաքում շարունակվող շախմատի Եվրոպայի անհատական առաջնությունում տեղի են ունեցել 7-րդ տուրի պարտիաները։Հայ գրոսմայստերներ Շանթ Սարգսյանը և Հայկ Մարտիրոսյանը 7 հնարավորից ունեն 5.5-ական միավոր և բաժանում են 5-26-րդ տեղերը:Մրցաշարի առաջատարներն են ադրբեջանցի Այդին Սուլեյմանլին, վրացի Նիկոլոզի Կաչարավան, լեհ Յան Մալեկը և իսպանացի Դավիդ Անտոն Գիխարոն, որոնք ունեն 6-ական միավոր:Հայ շախմատիստներից 5-ական միավորով 27-59-րդ տեղերն են բաժանում Ռոբերտ Հովհաննիսյանը և Էմին Օհանյանը:Գրոսմայստերներ Մամիկոն Ղարիբյանը, Մանուէլ Պետրոսյանը, միջազգային վարպետներ Արսեն Դավթյանը, Վահե Սուքիասյանը, Արթուր Դավթյանը, Ռոբերտ Փիլիպոսյանը, նաև ՖԻԴԵ-ի վարպետ Տիգրան Համբարձումյանը ունեն 4.5-ական միավոր։Գաբրիել Սարգսյանը վաստակել է 4 միավոր:Եվրոպայի առաջնոթյունում կանցկացվի 11 տուր։Հետևեք NEWS.am SPORT-ին Facebook-ում, Twitter և Telegram-ում",Sport,https://sport.news.am/arm/news/165764/
«Աթլետիկոն» Սիմեոնեի օրոք «Բարսելոնային» երրորդ անգամ դուրս թողեց ՉԼ-ից,"Մադրիդի «Աթլետիկոն» արգենտինացի գլխավոր մարզիչ Դիեգո Սիմեոնեի օրոք Չեմպիոնների լիգայում «Բարսելոնային» երեքից երրորդ անգամ դուրս թողեց պայքարից։Նախկինում «Աթլետիկոն» կատալոնական թիմի արգելքը Չեմպիոնների լիգայի փլեյ-օֆֆում հաղթահարել է նաեւ 2013-2014 եւ 2015-2016 թվականների մրցաշրջաններում։Ընթացիկ մրցաշրջանի քառորդ եզրափակիչում «Աթլետիկոն» Բարսելոնայում հաղթել է 2:0 հաշվով, տանը պարտվել է 1:2 հաշվով եւ դուրս եկել կիսաեզրափակիչ։Այս մրցաշրջանում «Աթլետիկոն» «Բարսելոնային» դուրս է թողել նաեւ Իսպանիայի գավաթի խաղարկության քառորդ եզրափակիչում։Հետևեք NEWS.am SPORT-ին Facebook-ում, Twitter և Telegram-ում",Sport,https://sport.news.am/arm/news/165765/
Ֆլիկ․ Մենք հիասթափված ենք,"Իսպանիայի չեմպիոն «Բարսելոնայի» գերմանացի գլխավոր մարզիչ Հանս-Դիտեր Ֆլիկը մեկնաբանել է Չեմպիոնների լիգայի քառորդ եզրափակիչում Մադրիդի «Աթլետիկոյի» արգելքը չհաղթահարելը։ Պատասխան խաղում կատալոական թիմը հաղթել է 2:1 հաշվով, սակայն առաջին խաղում 0:2 հաշվով կրած պարտության պատճառով ավարտեց մրցելույթը գլխավոր եվրագավաթային մրցաշարում։«Մենք հիասթափված ենք։ Թիմը ցուցադրեց ֆանտաստիկ խաղ նույնիսկ 10 խաղացողներով մնալուց հետո։ Հաջողությունը չժպտաց մեզ, բայց մենք պետք է ընդունենք այս ամենը եւ շարժվենք առաջ։Առաջին խաղակեսում մենք ավելի շատ հնարավորություններ ունեինք, բայց գոլ բաց թողեցինք։ Ֆուտբոլն այսպիսինն է, մենք պետք է ավելի լավ խաղանք։ Թիմը տվեց բոլոր ուժերը, բայց մի փոքր չհերիքեց»,- Ֆլիկի խոսքը մեջբերում է AS-ը։Անցած մրցաշրջանում «Բարսելոնան» Չեմպիոնների լիգայում հասել էր կիսաեզրափակիչ։Հետևեք NEWS.am SPORT-ին Facebook-ում, Twitter և Telegram-ում",Sport,https://sport.news.am/arm/news/165766/
MMA. Միհրան Հարությունյանը մենամարտ կանցկացնի Երեւանում,"Ռիոյի Օլիմպիական խաղերի փոխչեմպիոն, Եվրոպական խաղերի փոխչեմպիոն, հունահռոմեական ոճի ըմբշամարտի Հայաստանի հավաքականի նախկին անդամ Միհրան Հարությունյանը մենամարտ կանցկացնի Երեւանում։Ապրիլի 19-ին «Տաշիր Արենայում» անցկացվելիք խառը մենամարտերի (MMA) AFS-1 մրցաշարում Միհրան Հարությունյանի մրցակիցը կլինի MMA-ի Ռուսաստանի եւ Տաջիկստանի չեմպիոն Մուհամեդռասուլ Խասանովը։Նախորդ մենամարտում Միհրան Հարությունյանը փետրվարին Լոս Անջելեսում անցկացված UpNextFighting 30 մրցաշարում,  66,5 կգ քաշային կարգում մրցավարների միաձայն որոշմամբ հաղթել էր ամերիկացի Շեյն Տորեսին։Հետևեք NEWS.am SPORT-ին Facebook-ում, Twitter և Telegram-ում",Sport,https://sport.news.am/arm/news/165767/
Ռաֆինյա․ Գողացված մրցախաղ էր,"Իսպանիայի չեմպիոն «Բարսելոնայի» բրազիլացի եզրային հարձակվող Ռաֆինյան Մադրիդի «Աթլետիկոյի» դեմ Չեմպիոնների լիգայի քառորդ եզրափակիչի պատասխան հանդիպումից հետո քննադատաել է մրցավարներին։ Կատալոնական թիմը երկու հանդիպումների արդյունքում (0:2, 2:1) դուրս է մնացել պայքարից»։«Ինձ համար սա գողացված մրցախաղ էր։ Մրցավարի որոշումներն անհավանական էին։ Բազմաթիվ խախտումներ եղան, բայց մրցավարը ոչ մի դեղին քարտ ցույց չտվեց «Աթլետիկոյի» ֆուտբոլիստներին։ Չեմ հասկանում նրանց վախը «Բարսելոնայի» հաղթանակների հանդեպ։Շատ ցավալի է։ Երեք անգամ շատ ջանք պետք է գործադրենք, որպեսզի հաղթենք»,- Ռաֆինյայի խոսքը մեջբերում է DAZN-ը։Չեմպիոնների լիգայի անցած մրցաշրջանում «Բարսելոնան» հասել էր կիսաեզրափակիչ։Հետևեք NEWS.am SPORT-ին Facebook-ում, Twitter և Telegram-ում",Sport,https://sport.news.am/arm/news/165769/
"Հակոբ Սերոբյան. Արթուր Դավթյանն աշխարհի ամենաբարդ ցատկը կանի, եթե համոզվեմ, որ  
լիարժեք ապաքինված է","Արթուր Դավթյանի ցատկը կբարդացնենք, եթե ես համոզվեմ, որ վնասվածքը լիարժեք ապաքինվել է: Կա մի ցատկ, որն անում է Արթուրը: Եթե մենք փորձենք, կլինի աշխարհի ամենաբարդ ցատկը եւ կկրի «Դավթյան» անունը:Այս մասին լրագրողների հետ զրույցում ասաց սպորտային մարմնամարզության Հայաստանի հավաքականի գլխավոր մարզիչ Հակոբ Սերոբյանը, որն ամփոփել է աշխարհի գավաթի խաղարկության փուլերի արդյունքները:Հայաստանի թիմն օրերս է վերադարձել Խորվաթիայի Օսիյեկ քաղաքից, որտեղ մասնակցում էր աշխարհի գավաթի խաղարկության վերջին փուլին: Հակոբ Սերոբյանի գլխավորած թիմը 6 օրում մասնակցել է աշխարհի գավաթի երկու փուլի եւ նվաճել 6 մեդալ՝ 3 ոսկի, 2 արծաթ եւ մեկ բրոնզ:«Աշխարհի գավաթի փուլերն այս տարի մեզ համար մասնակցության առումով մի փոքր բարդ անցավ: Պետք է լիներ 6-ը, մեկը չեղարկվեց, դարձավ 5-ը, մենք մասնակցեցինք երեքին: Բաքվի փոխարեն գնացինք Դոհա հավաքի, սկսվեց պատերազմական գործողությունները, չկարողացանք վերադառնալ եւ բաց թողեցինք Անթալիայի փուլը: Սա մեր միավորների վրա  շատ ազդեց: Այնտեղ շատ ցածր արդյունքներ են գրանցվել: Եթե մենք մասնակցեինք, լավ միավորներ կունենայինք, որի արդյունքում ոչ թե մեկ բացարձակ գավաթակիր կունենայինք, այլ՝ երկուսը կամ երեքը: Ցանկացած դեպքում 4 ոսկե մեդալ ենք նվաճեց երեք փուլերում, 3 արծաթ եւ մեկ բրոնզ: Շատ լավ արդյունք է, բայց մեր հնարավորությունների չափը չէր: Մամիկոն Խաչատրյանի համար եմ ասում: Գոհ եմ, 4 մասնակից, երեք փուլերում էլ բոլորը եզրափակիչ դուրս եկան:Արթուր Դավթյանից էլ եմ գոհ, նա շատ լավ հանդես Օսիյեկում: Վերջին փուլն, ասես, աշխարհի առաջնություն լիներ, քանի որ բոլոր ուժեղները մասնակցում էին՝ օլիմպիական չեմպիոն, փոխչեմպիոն, աշխարհի մեդալակիրների: Նշեմ, որ Ռուսաստանն էլ էր մասնակցում: Կարող էինք ավեի լավ հանդես գալ, Մամիկոնը կարող էր գավաթակիր դառնալ: Իր հնարավորությունը չօգտագործեց:99 տոկոս մեր հարցերը լուծեցինք: Այս տղաները մեր ապագան են: Չեմ ցանկանում ժամանակից առաջ ընկնել, բայց Համլետ Մանուկյանը, Մամիկոն Խաչատրյանը դեռ շատ լավ նվաճումներ են ունենալու: Արթուր Դավթյանը 34 տարեկան է, իմ ամբողջ մտածմունքն այն է, որ հանկարծ վնասվածք չունենա: Երբ նա ցատկում է, գնահատակին չեմ նայում. առաջինը հարցնում եմ՝ ոտքդ ինչպես է, մեջքդ, գլուխդ:Արթուր Դավթյանի ցատկը բարդացնելու մասին դեռ մտածում ենք: Անգլիացին նրան հաղթեց բարդությամբ, բայց Արթուրից լավ չարեց: Հետեւում եմ Արթուրի վնասվածքին: Ապաքինվել է, ասում է՝ լավ է: Եթե այսպես շարունակվի, կա մի ցատկ, որը նա կարող է անել: Այդ ցատկը ոչ թե 4 տասնորդական, այլ միանգամից 8 կբարձրացնի: Այդ ցատկն Արթուրինն է եւ կունենա «Դավթյան» անունը եւ կլինի աշխարհի ամենաբարդ ցատկը: Մենք դրան կգնանք այն դեպքում, երբ վնասվածքը լրիվ վերականգնված լինի, ես համոզվեմ, որ լիարժեք ապաքինված է: Այդ ժամանակ միայն կարելի է փորձել: Ինձ համար կարեւոր է, որ տղաները վնասվածքներ չունենան:Աշխարհի գավաթի խաղարկության փուլերում մի շատ լավ բան էլ տեղի ունեցավ: Արթուր Ավետիսյանն ամուսնացավ ու անմիջապես եկավ մյուս փուլերին: Երբեք աշխարհի գավաթակիր չէր դարձել: Ամուսնությունը դրական ազդեցություն է ունեցել, փաստորեն: Հիմա սպասենք՝ մի երեխա էլ ունենա, երեւի ավելի բարձր նվաճումներ կունենանք»,- ասաց Հակոբ Սերոբյանը: Հետևեք NEWS.am SPORT-ին Facebook-ում, Twitter և Telegram-ում",Sport,https://sport.news.am/arm/news/165770/
"Արթուր Դավթյան. Անգլիացին իր ցատկի բարդությամբ ինձ լուրջ մարտահրավեր նետեց

","Ապաքինվել եմ, վնասվածքս ինձ չի խանգարում, ամեն ինչ լավ է: Անգլիացի մարմնամարզիկն իր ցատկերի բարդությամբ ինձ լուրջ մարտահրավեր նետեց: Բարդ է լինելու:Այս մասին լրագրողների հետ հանդիպմանն ասաց Օլիմպիական խաղերի փոխչեմպիոն, բրոնզե մեդալակիր, աշխարհի չեմպիոն, Եվրոպայի եռակի չեմպիոն, աշխարհի կրկնակի գավաթակիր Արթուր Դավթյանը:Սպորտային մարմնամարզության Հայաստանի հավաքականի ավագն աշխարհի գավաթի հինգ փուլերից մասնակցել է երկուսին եւ նվաճել երկու մեդալ՝ ոսկե եւ արծաթե:«Աշխարհի  գավաթի առաջին փուլին չմասնակցեցի ծնկիս վնասվածքի պատճառով: Կոտբուսում հենացատկի եզրափակիչին չմասնակցեցի, բայց հանդես եկա օղակների վարժությանը, որտեղ ոտքս ինձ չէր խանգարում: Հիմա վերականգնվել եմ: Ահագին ժամանակ է անցել, վնասվածքս լավ է, ապաքինվել է: Երկու գավաթի փուլերի մասնակցեցի ու լավ հանդես եկա: Եթե գլխավոր մարզիչը գոհ է մեր մասնակցությունից, մենք էլ ենք գոհ: Սխալներ կան, աշխատելու ենք շտկենք, որպեսզի Եվրոպայի առաջնությունում ավելի մաքուր կատարենք մեր վարժությունները:  Խորվաթիայում արծաթե մեդալակիր դարձա: Հաղթող ճանաչված անգլիացի մարմնամարզիկը երկու ցատկն էլ բարդ կատարեց: Եզրափակիչում երկրորդը չկարողացավ անել, բարդով հանդես չեկավ, բայց հասկացա, որ նա շատ լուրջ մարտահրավեր է նետել ինձ իր բարդությամբ: Երկու ցատկերն էլ բարդացրել էր: Միայն ինքն էր, որ բարդ ցատկեր կատարեց: Մյուս մրցակիցներիս գիտեմ, ով, ինչ ցատկ է անում: Միայն նրան կառանձնացնեմ: Մրցակցությունը մեծ էր:Ասացի, որ ինձ լուրջ մարտահրավեր է նետել: Բարդ է լինելու ինձ համար, քանի որ նրա ցատկերը 4 տասնորդականով բարդ են: Ես պետք է ավելի մաքուր կատարեմ, որ իրենից բարձր գնահատական ստանամ, նաեւ կապված է, թե ինչպես ինքը կցատկի: Սա մարմնամարզություն է, ամեն ինչ կարող է լինել, կարեւորը քո իմացածը անես, մաքուր ցատկես»,- ասաց Արթուր Դավթյանը:Հետևեք NEWS.am SPORT-ին Facebook-ում, Twitter և Telegram-ում",Sport,https://sport.news.am/arm/news/165771/
"Համլետ Մանուկյան. Ուրախ եմ, որ աշխարհի գավաթի վերջին երկու փուլերն ինձ մոտ լավ 
ստացվեց","Ուրախանում եմ, երբ լսում եմ արձագանքները երկու ոսկե մեդալներ նվաճելու կապացկությամբ: Պարտավորվածություն կա, որ ավելի լավ մարզվեմ եւ մյուս մրցումներում լավ հանդես գամ, բարձր արդյունքներ գրանցեմ:Այսպես իր հաղթանակներն աշխարհի գավաթի խաղարկության փուլերում մեկնաբանեց Եվրոպայի չեմպիոն, երիտասարդների աշխարհի կրկնակի չեմպիոն Համլետ Մանուկյանը:18-ամյա մարմնամարզիկը վերջին օրերին երկու անգամ անընդմեջ կանգնեց աշխարհի գավաթի փուլերի պատվո հարթակի ամենաբարձր աստիճանին՝ նվաճելով երկու ոսկե մեդալ: «Ուրախ եմ, որ վերջին երկու փուլերն ինձ մոտ լավ ստացվեց, ոսկե մեդալներ նվաճեցի: Ցավոք, Մամիկոնի մոտ մի քիչ լավ չստացվեց: Պետք է շատ աշխատենք, ավելի լավ մարզվենք, որպեսզի ավելի լավ հանդես գանք: Ուրախանում եմ, երբ լսում եմ արձագանքները երկու ոսկե մեդալ նվաճելուս կապացկությամբ: Պարտավորվածություն կա, որ ավելի լավ մարզվեմ եւ մյուս մրցումներում  լավ հանդես գամ, բարձր արդյունքներ գրանցեմ»,- ասաց Համլետ Մանուկյանը:Հավաքականի գլխավոր մարզիչ Հակոբ Սերոբյանը վստահ է, որ Համլետ Մանուկյանը, այդ թվում՝ Մամիկոն Խաչատրյանը դեռ մեծ նվաճումներ են ունենալու մեծ սպորտում: «Համլետին շատ սիրում ենք, լավ տղա է: Ժամանակը ցույց կտա, բայց վստահ եմ՝ չի փոխվի: Ինքն ասաց ուրախ է, բայց ես մրցավայրում չտեսա իր ուրախությունը 6 օրում երկու ոսկե մեդալներ նվաճելու կապակցությամբ: Ավելին՝ դժգոհ էր, լաց էր լինում Մամիկոնի համար: Ասում էր՝ պետք է երկրորդը գոնե լիներ: Սա շատ լավ է, որ այսպիսի ընկերներ են: Կոտբուսում Մամիկոնը լավ մասնակցեց, Համլետը վատ: Այնտեղ էլ Մամիկոնի ուրախությունը չտեսա: Տխրել էր Համլետի համար: Կողքից հետեւում եմ նրանց ընկերությանը եւ ուրախանում: Ինձ համար կարեւոր է, որ լավ մարդիկ մեծանան:Այս համեստությունը, որ ունի, շատ լավ է: Բոլոր մրցակիցներին թվում է՝ համեստ է, խելոք, կգան, կհաղթեն, բայց Համլետը չի վախենում, հարձակվում է: Ներսում առյուծիկ է: Այս ամենն Արթուր Դավթյանից է գալիս: Նա թիմի ավագն է, առյուծն է, տղաները՝ առյուծիկները»,- նշեց Հակոբ Սերոբյանը: Հետևեք NEWS.am SPORT-ին Facebook-ում, Twitter և Telegram-ում",Sport,https://sport.news.am/arm/news/165772/
Դոնարումայի նոր դաջվածքը,"Անգլիական «Մանչեսթեր Սիթիի» եւ Իտալիայի հավաքականի դարպասապահ Ջանլուիջի Դոնարուման նոր դաջվածք է արել։27–ամյա ֆուտբոլիստը սրունքին Բեթմենի պատկերով դաջվածք է արել։Ընթացիկ մրցաշրջանում Դոնարուման մասնակցել է 37 հանդիպման, բաց է թողել 36 գոլ, 15 խաղում գոլ բաց չի թողել։Հետևեք NEWS.am SPORT-ին Facebook-ում, Twitter և Telegram-ում",Sport,https://sport.news.am/arm/news/165773/
Լապորտա. Խայտառակ մրցավարություն էր,"Իսպանիայի չեմպիոն «Բարսելոնայի» նախագահ Ժոան Լապորտան քննադատել է մրցավարությունը Չեմպիոնների լիգայի քառորդ եզրափակիչում։ Կատալոնական ակումբը երկու հանդիպումների արդյունքում (0:2, 2:1) պարտվել է Մադրիդի «Աթլետիկոյին»։«Շնորհավորում եմ «Աթլետիկոյին» կիսաեզրափակիչ դուրս գալու առթիվ, բայց դա չի արդարացնում երեկվա խայտառակ մրցավարությունն ու VAR-ի աշխատանքը։ Խայտառակ մրցավարություն էր, որն անընդունելի է։Առաջին խաղում չնշանակեցին ակնհայտ 11–մետրանոց մրցակցի դարպասին եւ հեռացրին մեր խաղացողին։Այս դիմակայությունում մրցավարական որոշումները վնասեցին մեզ։ Դա տեղի ունեցավ նաեւ պատասխան խաղում։ Դարձյալ հեռացրին մեր խաղացողին VAR-ի միջամտությունից հետո»,– Լապորտայի խոսքը մեջբերում է AS–ը։Չեմպիոնների լիգայի անցած մրցաշրջանում «Բարսելոնան» հասել էր կիսաեզրափակիչ։Հետևեք NEWS.am SPORT-ին Facebook-ում, Twitter և Telegram-ում",Sport,https://sport.news.am/arm/news/165774/
96 տարեկանում մահացել է «Ռեալի» լեգենդար խաղացողը,"96–րդ տարեկանում մահացել է Մադրիդի «Ռեալի» նախկին պաշտպան Խոսե Սանտամարիան, հաղորդում է ակումբի կայքը։ Նա Արքայական թիմում հանդես է եկել 1957–1966 թվականներին, դարձել է Իսպանիայի 6–ակի չեմպիոն, Եվրոպական չեմպիոնների գավաթի խաղարկության քառակի հաղթող։Միջազգային մակարդակում Խոսե Սանտամարիան հանդես է եկել Ուրուգվայի, ապա Իսպանիայի հավաքականում։«Ռեալի» նախագահ Ֆլորենտինո Պերեսն ու ակումբի տնօրենների խորհուրդը ցավակցել են «ակումբի եւ համաշխարհային ֆուտբոլի մեծագույն լեգենդներից մեկի» մահվան կապակցությամբ։Հետևեք NEWS.am SPORT-ին Facebook-ում, Twitter և Telegram-ում",Sport,https://sport.news.am/arm/news/165775/
Էկիտիկեն բաց կթողնի ԱԱ-2026-ը վնասվածքի պատճառով,"Անգլիայի չեմպիոն «Լիվերպուլի» եւ Ֆրանսիայի հավաքականի հարձակվող Ուգո Էկիտիկեն վնասվածքի պատճառով բաց կթողնի մրցաշրջանի վերջնամասն ու հունիս–հուլիսին ԱՄՆ–ում, Կանադայում եւ Մեքսիկայում անցկացվելիք աշխարհի առաջնությունը, հաղորդում է RMC Sport–ը։Էկիտիկեն սրունքթաթային հատվածի վնասվածքը ստացել է ֆրանսիական ՊՍԺ–ի դեմ Չեմպիոնների լիգայի քառորդ եզրափակիչի պատասխան խաղում։ Նա փոխարինվել էր 31–րդ րոպեին։ «Լիվերպուլը» պարտվել էր 0։2 հաշվով եւ դուրս մնացել պայքարից։ Հետևեք NEWS.am SPORT-ին Facebook-ում, Twitter և Telegram-ում",Sport,https://sport.news.am/arm/news/165776/
Բելինգեմ. «Բավարիայի» հետ մրցախաղը հավասարազոր է եզրափակիչի,"Իսպանիայի փոխչեմպիոն Մադրիդի «Ռեալի» անգլիացի կիսապաշտպան Ջուդ Բելինգեմը Գերմանիայի չեմպիոն Մյունխենի «Բավարիայի» հետ առաջիկա հանդիպումը համեմատել է եզրափակիչի հետ։ Թիմերը կմրցեն ՉԵմպիոնների լիգայի քառորդ եզրափակիչի պատասխան խաղում։«Շատ կարեւոր հանդիպում է մեր թիմի համար՝ հաշվի առնելով մեր դրությունը Լա Լիգայում։ «Բավարիայի» հետ մրցախաղը հավասարազոր է եզրափակիչի։ Մենք ցանկանում ենք պայքարել Չեմպիոնների լիգայի տիտղոսի համար։ Վճռական հանդիպում է, բոլորս գիտակցում ենք դրա կարեւորությունը եւ մտադիր ենք խաղադաշտում թողնել բոլոր ուժերը հանուն հաղթանակի։Բարդ կլինի, հաշվի մեջ նրանց առավելությունը մեր մեղքն է։ Ամեն պարտություն Չեմպիոնների լիգայում աղետ է։ Հաշվի առնելով մեր դրությունը՝ դա եզրափակիչ է։ Մենք պետք է հաղթենք»,– Բելինգեմի խոսքը մեջբերում է Marca-ն։Պատասխան հանդիպումը Մյունխենում տեղի կունենա ապրիլի 15–ին եւ կմեկնարկի Երեւանի ժամանակով 23։00–ին։Մադրիդում Արքայական թիմը պարտվել էր 1։2 հաշվով։Հետևեք NEWS.am SPORT-ին Facebook-ում, Twitter և Telegram-ում",Sport,https://sport.news.am/arm/news/165777/
Սինդարովն աշխարհի չեմպիոնի հավակնորդների մրցաշարի ռեկորդ է սահմանել,"20–ամյա ուզբեկ գրոսմայստեր Ջավոխիր Սինդարովը շախմատի աշխարհի չեմպիոնի հավակնորդների մրցաշարի ռեկորդ է սահմանել հավաքած միավորների քանակով։ Կիպրոսում անցկացված մրցաշարի վերջին տուրում Սինդարովը ոչ ոքի է խաղացել չինացի Վեյ Յիի հետ եւ 14 հնարավորից վաստակել է 10 միավոր։2022թ. Հավակնորդների մրցաշարի հաղթող, ռուսաստանցի Յան Նեպոմնյաշչին վաստակել էր 9,5 միավոր։Սինդարովը տիտղոսը կվիճարկի աշխարհի չեմպիոն, 19-ամյա հնդիկ գրոսմայստեր Գուկեշ Դոմարաջուի հետ մրցախաղում։Հետևեք NEWS.am SPORT-ին Facebook-ում, Twitter և Telegram-ում",Sport,https://sport.news.am/arm/news/165778/
"Հայաստանի գավաթ. «Ուրարտուն» բաց թողեց հաղթանակը «Անդրանիկի» հետ խաղում 
(տեսանյութ)","Ֆուտբոլի Հայաստանի գավաթի խաղարկության կիսաեզրափակիչի առաջին խաղում «Ուրարտուն» հյուրընկալվեց Առաջին խումբը ներկայացնող «Անդրանիկին»։ Գրանցվեց ոչ ոքի՝ 1։1։12-րդ րոպեին 11-մետրանոցից աչքի ընկավ «Ուրարտուի» ուկրաինացի հարձակվող Արտյոմ Պոլյարուսը։89-րդ րոպեին «Անդրանիկի» նիգերիացի կիսապաշտպան Մայքլ Նդիդին հավասարեցրեց հաշիվը։Պատասխան հանդիպումը տեղի կունենա ապրիլի 29-ին։Հետևեք NEWS.am SPORT-ին Facebook-ում, Twitter և Telegram-ում",Sport,https://sport.news.am/arm/news/165779/
ՉԼ․ «Բավարիայի» եւ «Ռեալի» մեկնարկային կազմերը,"Չեմպիոնների լիգայի քառորդ եզրափակիչի պատասխան խաղում Գերմանիայի չեմպիոն Մյունխենի «Բավարիան» կընդունի Իսպանիայի փոխչեմպիոն Մադրիդի «Ռեալին»։ Հայտնի են թիմերի մեկնարկային կազմերը։«Բավարիա»․ Նոյեր, Ստանիշիչ, Ուպամեկանո, Լայմեր, Տա, Պավլովիչ, Գնաբրի, Լուիս Դիաս, Կիմիխ, Օլիսե, Քեյն։«Ռեալ Մադրիդ»․ Լունի, Ալեքսանդր-Առնոլդ, Ռյուդիգեր, Միլիտաո, Մենդի, Վալվերդե, Գյուլեր, Բելինգեմ, Բրաիմ Դիաս, Վինիսիուս Ժունիոր, Մբապե։Հանդիպումը կմեկնարկի Երեւանի ժամանակով 23:00-ին։Առաջին խաղում 2:1 հաշվով հաղթել էր «Բավարիան»։Հետևեք NEWS.am SPORT-ին Facebook-ում, Twitter և Telegram-ում",Sport,https://sport.news.am/arm/news/165781/
ՉԼ․ «Արսենալի» եւ «Սպորտինգի» մեկնարկային կազմերը,"Չեմպիոնների լիգայի քառորդ եզրափակիչի պատասխան խաղում Անգլիայի փոխչեմպիոն Լոնդոնի «Արսենալը» տանը կմրցի պորտուգալական «Սպորտինգի» հետ։ Հայտնի են թիմերի մեկնարկային կազմերը։«Արսենալ»․ Ռայա, Սալիբա, Մոսկերա, Ինկապիե, Մագալյանս, Էզե, Մարտինելի, Դյոկերեշ, Մադուեկե, Սուբիմենդի, Ռայս։«Սպորտինգ»․ Սիլվա, Մորիտա, Գոնսալվեշ, Կատամո, Տրինկան, Արաուխո, Ինասիու, Դյոմանդե, Յուլման, Կուարեժմա, Սուարես։Հանդիպումը կմեկնարկի Երեւանի ժամանակով 23:00-ին։Առաջին խաղում 1:0 հաշվով հաղթել էր «Արսենալը»։Հետևեք NEWS.am SPORT-ին Facebook-ում, Twitter և Telegram-ում",Sport,https://sport.news.am/arm/news/165782/
Հունահռոմեական ոճի ըմբշամարտի Հայաստանի երիտասարդների առաջնության հաղթողները,"Երևանի «Դինամո» մարզահամալիրում ավարտվել է հունահռոմեական ոճի ըմբշամարտի Հայաստանի երիտասարդների առաջնությունը:55 կգ60 կգ63 կգ67 կգ72 կգ77 կգ82 կգ87 կգ97 կգ130 կգ1.Լյովա Շուխյան2.Սեյրան Կիրակոսյան3.Խաչիկ Խաչատրյան3.Էդուարդ ՀակոբյանՄրցաշարի լավագույն ըմբիշ է ճանաչվել Նարեկ Գրիգորյանը:Հետևեք NEWS.am SPORT-ին Facebook-ում, Twitter և Telegram-ում",Sport,https://sport.news.am/arm/news/165783/
Եվրոպայի լիգա․ Օրվա հանդիպումները,"Ֆուտբոլի Եվրոպայի լիգայում ապրիլի 16-ին տեղի կունենան քառորդ եզրափակիչի պատասխան հանդիպումները։Եվրոպայի լիգա, քառորդ եզրափակիչ, պատասխան խաղ«Սելտա» (Իսպանիա) - «Ֆրայբուրգ» (Գերմանիա)՝ 20:45 (Երեւանի ժամանակ), (առաջին խաղ՝ 0:3)«Աստոն Վիլա» (Անգլիա) - «Բոլոնիա» (Իտալիա)՝ 23:00 (առաջին խաղ՝ 3:1)«Բետիս» (Իսպանիա) - «Բրագա» (Պորտուգալիա)՝ 23:00 (առաջին խաղ՝ 1:1)«Նոթինգեմ Ֆորեսթ» (Անգլիա) - «Պորտու» (Պորտուգալիա)՝ 23:00 (առաջին խաղ՝ 1:1)Հետևեք NEWS.am SPORT-ին Facebook-ում, Twitter և Telegram-ում",Sport,https://sport.news.am/arm/news/165785/
Կոնֆերենցիաների լիգա․ Օրվա հանդիպումները,"Ֆուտբոլի Կոնֆերենցիաների լիգայում ապրիլի 16-ին տեղի կունենան քառորդ եզրափակիչի պատասխան հանդիպումները։Կոնֆերենցիաների լիգա, քառորդ եզրափակիչ, պատասխան հանդիպում«ԱԶ Ալկմար» (Նիդերլանդներ) - «Շախտյոր» (Ուկրաինա)՝ 20:45 (Երեւանի ժամանակ), (առաջին խաղ՝ 0:3)«ԱԵԿ Աթենք» (Հունաստան) - «Ռայո Վալիեկանո» (Իսպանիա)՝ 23:00 (առաջին խաղ՝ 0:3)«Ֆիորենտինա» (Իտալիա) - «Քրիսթալ Փելաս» (Անգլիա)՝ 23:00 (առաջին խաղ՝ 0:3)«Ստրասբուրգ» (Ֆրանսիա) - «Մայնց» (Գերմանիա)՝ 23:00 (առաջին խաղ՝ 0:2)Հետևեք NEWS.am SPORT-ին Facebook-ում, Twitter և Telegram-ում",Sport,https://sport.news.am/arm/news/165786/
ՉԼ․ «Արսենալը» դուրս եկավ կիսաեզրափակիչ,"Անգլիայի փոխչեմպիոն Լոնդոնի «Արսենալը» դուրս եկավ Չեմպիոնների լիգայի կիսաեզրափակիչ։Իսպանացի Միկել Արտետայի գլխավորած թիմը քառորդ եզրափակիչի պատասխան խաղում ընդունեց պորտուգալական «Սպորտինգին» եւ բավարարվեց 0:0 հաշվով։«Արսենալը» պայքարը շարունակում է առաջին խաղում տարած 1:0 հաշվով հաղթանակի շնորհիվ։Կիսաեզրափակիչում «Արսենալի» մրցակիցը կլինի Մադրիդի «Աթլետիկոն», որը պայքարից դուրս էր թողել Իսպանիայի չեմպիոն «Բարսելոնային»։Հետևեք NEWS.am SPORT-ին Facebook-ում, Twitter և Telegram-ում",Sport,https://sport.news.am/arm/news/165787/
ՉԼ․ «Բավարիան» պայքարից դուրս թողեց «Ռեալին» (տեսանյութ),"Գերմանիայի չեմպիոն Մյունխենի «Բավարիան» դուրս եկավ Չեմպիոնների լիգայի կիսաեզրափակիչ։Բելգիացի Վենսան Կոմպանիի գլխավորած թիմը քառորդ եզրափակիչի պատասխան խաղում ընդունեց Իսպանիայի փոխչեմպիոն Մադրիդի «Ռեալին» եւ հաղթեց 4:3 (տեսանյութ):«Բավարիայից» աչքի ընկան գերմանացի կիսապաշտպան Ալեքսանդր Պավլովիչը, անգլիացի հարձակվող Հարի Քեյնը, կոլումբացի հարձակվող Լուիս Դիասը եւ ֆրանսիացի կիսապաշտպան Մայքլ Օլիսեն։«Ռեալից» դուբլի հեղինակ դարձավ թուրք հարձակվող Արդա Գյուլերը։ Աչքի ընկավ նաեւ ֆրանսիացի հարձակվող Կիլիան Մբապեն։Մադրիդում «Բավարիան» հաղթել էր 2:1 հաշվով։Կիսաեզրափակիչում «Բավարիայի» մրցակիցը կլինի Ֆրանսիայի չեմպիոն եւ Չեմպիոնների լիգայի գավաթակիր ՊՍԺ-ն, որը պայքարից դուրս էր թողել Անգլիայի չեմպիոն «Լիվերպուլին»։Չեմպիոնների լիգա, քառորդ եզրափակիչ, պատասխան հանդիպում«Բավարիա» - «Ռեալ»՝ 4:3Ալեքսանդր Պավլովիչ, 6, Հարի Քեյն, 38, Լուիս Դիաս, 89, Մայքլ Օլիսե, 90+4 – Արդեն Գյուլեր, 1, 29, Կիլիան Մբապե, 42Հեռացումներ՝ Էդուարդու Կամավինգա («Ռեալ»),  86, երկրորդ դեղին քարտ, Արդա Գյուլեր («Ռեալ»), 90+6Հետևեք NEWS.am SPORT-ին Facebook-ում, Twitter և Telegram-ում",Sport,https://sport.news.am/arm/news/165788/
Չեմպիոնների լիգա․ Կիսաեզրափակիչի զույգերը,"Ֆուտբոլի եվրոպական Չեմպիոնների լիգայում հայտնի են կիսաեզրափակիչի զույգերը։Տիտղոսը պաշտպանող Ֆրանսիայի չեմպիոն ՊՍԺ-ն կմրցի Գերմանիայի չեմպիոն Մյունխենի «Բավարիայի» հետ։ Մյուս զույգում կմրցեն Անգլիայի փոխչեմպիոն Լոնդոնի «Արսենալն» ու Մադրիդի «Աթլետիկոն»։Կիսաեզրափակիչի առաջին հանդիպումները տեղի կունենան ապրիլի 28-29-ին։This is going to be good... Paris Saint-Germain vs Bayern München #UCL pic.twitter.com/hqDWqCxAkh

Atleti vs Arsenal in the semi-finals #UCL pic.twitter.com/OJqtCtONJ4

Հետևեք NEWS.am SPORT-ին Facebook-ում, Twitter և Telegram-ում",Sport,https://sport.news.am/arm/news/165789/
Մբապեն գերազանցեց Մեսիի ցուցանիշը Չեմպիոնների լիգայում,"Իսպանիայի փոխչեմպիոն Մադրիդի «Ռեալի» ֆրանսիացի հարձակվող Կիլիան Մբապեն Չեմպիոնների լիգայի ընթացիկ մրցաշրջանն ավարտեց 15 գոլով եւ գերազանցեց «Բարսելոնայի» նախկին հարձակվող, արգենտինացի Լիոնել Մեսիի («Ինտեր Մայամի») ցուցանիշը Չեմպիոնների լիգայի մեկ մրցաշրջանում խփած գոլերի քանակով։ Ռեկորդակիրը «Ռեալի» նախկին հարձակվող, պորտուգալացի Կրիշտիանու Ռոնալդուն («Ալ Նասր»), որը 2013-2014 թվականների մրցաշրջանում 17 գոլ է խփել Չեմպիոնների լիգայում։Քառորդ եզրափակիչի պատասխան խաղում «Ռեալը» 3:4 հաշվով պարտվել էր Գերմանիայի չեմպիոն Մյունխենի «Բավարիային»։ Մբապեն դարձել էր մեկ գոլի հեղինակ։ Կիսաեզրափակիչ է դուրս եկել «Բավարիան»։Հետևեք NEWS.am SPORT-ին Facebook-ում, Twitter և Telegram-ում",Sport,https://sport.news.am/arm/news/165790/
ՉԼ․ Կիսաեզրափակիչի ժամանակացույցը,"Հայտնի է Չեմպիոնների լիգայի կիսաեզրափակիչի հանդիպումների ժամանակացույցը։ Առաջին հանդիպումները տեղի կունենան ապրիլի 28-29-ին, պատասխան հանդիպումները՝ մայիսի 5-6-ին։Չեմպիոնների լիգա, կիսաեզրափակիչԱռաջին հանդիպումներԱպրիլի 28ՊՍԺ - «Բավարիա»՝ 23:00 (Երեւանի ժամանակ)Ապրիլի 29«Աթլետիկո Մադրիդ» - «Արսենալ»Պատասխան հանդիպումներՄայիսի 5«Արսենալ» - «Աթլետիկո Մադրիդ»՝ 23:00Մայիսի 6«Բավարիա» - ՊՍԺ՝ 23:00One step closer to Budapest #UCL pic.twitter.com/Y18TvXL2TN

Հետևեք NEWS.am SPORT-ին Facebook-ում, Twitter և Telegram-ում",Sport,https://sport.news.am/arm/news/165791/
ՉԼ․ Սուպերհամակարգիչը կանխատեսել է հաղթողին,"Opta վիճակագրական հարթակի սուպերհամակարգիչը Չեմպիոնների լիգայի քառորդ եզրափակիչից հետո կանխատեսել է հաղթողին՝ դարձյալ առավելությունը տալով Անգլիայի փոխչեմպիոն Լոնդոնի «Արսենալին»։ Երկրորդ տեղում է Գերմանիայի չեմպիոն Մյունխենի «Բավարիան»։«Արսենալ» (Անգլիա)՝ 38,6 տոկոս հավանականություն«Բավարիա» (Գերմանիա)՝ 33,3 տոկոսՊՍԺ (Ֆրանսիա)՝ 19,1 տոկոս«Ատլետիկո Մադրիդ» (Իսպանիա)՝ 9 տոկոսԿիսաեզրափակիչում «Արսենալը» կմրցի «Աթլետիկոյի», «Բավարիան»՝ Չեմպիոնների լիգայի գործող գավաթակիր ՊՍԺ-ի հետ։Հետևեք NEWS.am SPORT-ին Facebook-ում, Twitter և Telegram-ում",Sport,https://sport.news.am/arm/news/165792/
"«Ռեալը» կհեռացնի Արբելոային, նոր մարզիչի թեկնածուները չորսն են","Իսպանիայի փոխչեմպիոն Մադրիդի «Ռեալի» ղեկավարությունն ամռանը կհեռացնի թիմի գլխավոր մարզիչ Ալվարո Արբելոային, որը հունվարին փոխարինել էր Խաբի Ալոնսոյին։ Արքայական ակումբը դիտարկում է նոր մարզիչի չորս թեկնածություն, հաղորդում է The Athletic-ը։«Ռեալի» նախագահ Ֆլորենտինո Պերեսի դիտակետում են «Լիվերպուլի» նախկին գլխավոր մարզիչ Յուրգեն Կլոպը, «Ռեալի» նախկին գլխավոր մարզիչ Զինեդին Զիդանը, Ֆրանսիայի հավաքականի գլխավոր մարզիչ Դիդիե Դեշամը եւ ԱՄՆ-ի հավաքականի գլխավոր մարզիչ Մաուրիսիո Պոչետինոն։Չեմպիոնների լիգայի քառորդ եզրափակիչում «Ռեալը» երկու հանդիպումներում էլ պարտվեց Գերմանիայի չեմպիոն Մյունխենի «Բավարիային» (1:2, 3:4):Հետևեք NEWS.am SPORT-ին Facebook-ում, Twitter և Telegram-ում",Sport,https://sport.news.am/arm/news/165793/
Կոմպանին՝ ՊՍժ-ի հետ առաջիկա դիմակայության մասին,"Գերմանիայի չեմպիոն Մյունխենի «Բավարիայի» բելգիացի գլխավոր մարզիչ Վենսան Կոմպանին խոսել է Ֆրանսիայի չեմպիոն եւ Չեմպիոնների լիգայի գավաթակիր ՊՍԺ-ի հետ առաջիկա դիմակայության մասին։ Թիմերը կհանդիպեն Չեմպիոնների լիգայի կիսաեզրափակիչում։«Չգիտեմ՝ ՊՍԺ-ն ավելի բարդ մրցակից կլինի, քան «Ռեալը», թե ոչ։ Այս պահին երկու ուժեղագույն թիմերն են։ Բարդ է համեմատել։ Բայց նրանց հաղթելու համար կպահանջվի մեր ունեցած որակների եւ հնարավորությունների առավելագույնը»,- Կոմպանիի խոսքը մեջբերում է Bild-ը։Քառորդ եզրափակիչում ՊՍԺ-ն պայքարից դուրս էր թողել Անգլիայի չեմպիոն «Լիվերպուլին», «Բավարիան»՝ Իսպանիայի փոխչեմպիոն «Ռեալին»։ՊՍԺ - «Բավարիա» առաջին հանդիպումը տեղի կունենա ապրիլի 28-ին Փարիզում, պատասխան հանդիպումը Մյունխենում կանցկացվի մայիսի 6-ին։Հետևեք NEWS.am SPORT-ին Facebook-ում, Twitter և Telegram-ում",Sport,https://sport.news.am/arm/news/165794/
ՉԼ. Վենսան Կոմպանին բաց կթողնի ՊՍԺ-ի դեմ առաջին հանդիպումը,"Գերմանիայի չեմպիոն Մյունխենի «Բավարիայի» բելգիացի գլխավոր մարզիչ Վենսան Կոմպանին դեղին քարտ է ստացել Մադրիդի «Ռեալի» դեմ Չեմպիոնների լիգայի պատասխան խաղում (4:3) եւ բաց կթողնի կիսաեզրափակիչի առաջին հանդիպումը։«Բավարիայի» մրցակիցը կլինի Ֆրանսիայի չեմպիոն եւ Չեմպիոնների լիգայի գավաթակիր ՊՍԺ-ն, որը քառորդ եզրափակիչում հաղթահարել է Անգլիայի չեմպիոն «Լիվերպուլի» արգելքը։«Միշտ ձգտում եմ պահպանել հանգստություն։ Բայց խոսելը նորմալ է, երբ խաղացողդ ընկած է խոտածածկին։ Ես զարմացած էի, որ ինձ դրա համար դեղին քարտ ցույց տվեց մրցավարը»,- Վենսան Կոմպանիի խոսքը մեջբերում է Bayern & Germany-ն։ՊՍԺ - «Բավարիա» առաջին հանդիպումը տեղի կունենա ապրիլի 28-ին Փարիզում։ Պատասխան խաղը Մյունխենում կանցկացվի մայիսի 6-ին։Հետևեք NEWS.am SPORT-ին Facebook-ում, Twitter և Telegram-ում",Sport,https://sport.news.am/arm/news/165795/
Վինիսիուսը գերազանցեց Մեսիի ռեկորդը,"Մադրիդի «Ռեալի» բրազիլացի հարձակվող Վինիսիուս Ժունիորը գերազանցեց «Բարսելոնայի» նախկին հարձակվող, արգենտինացի Լիոնել Մեսիի («Ինտեր Մայամի») ռեկորդը Չեմպիոնների լիգայի փլեյ-օֆֆում կատարած գոլային փոխանցումների քանակով։Վինիսիուսը 13 գոլային փոխանցում է կատարել Չեմպիոնների լիգայի փլեյ-օֆֆի հանդիպումներում, Մեսին՝ 12։Մեսին այդ ցուցանիշին հասել էր 79 խաղում, Վինիսիուսը՝ 41 խաղում։Վինիսիուսը 13-րդ գոլային փոխանցումը կատարել է Գերմանիայի չեմպիոն Մյունխենի «Բավարիայի» դեմ քառորդ եզրափակիչի պատասխան խաղում։ «Ռեալը» պարտվել է 3:4 հաշվով եւ դուրս մնացել պայքարից։Հետևեք NEWS.am SPORT-ին Facebook-ում, Twitter և Telegram-ում",Sport,https://sport.news.am/arm/news/165796/
ԵԱ․ Հայ շախմատիստների արդյունքները 8 տուրից հետո,"Լեհաստանի Կատովիցե քաղաքում ընթացող շախմատի Եվրոպայի անհատական առաջնությունում տեղի են ունեցել 8-րդ տուրի պարտիաները։Միանձնյա առաջատարն է իսպանացի գրոսմայստեր Դավիդ Անտոն Գիխարոն՝ 7 միավորով:Հայ գրոսմայստերներ Հայկ Մարտիրոսյանը և Ռոբերտ Հովհաննիսյանը ունեն 6-ական միավոր և բաժանում են 11-27-րդ տեղերը:Հայ շախմատիստներից 5.5-ական միավորով 28-77-րդ տեղերն են բաժանում գրոսմայստերներ Շանթ Սարգսյանը, Էմին Օհանյանը և Արթուր Դավթյանը:Գրոսմայստերներ Մամիկոն Ղարիբյանը, Մանուէլ Պետրոսյանը, միջազգային վարպետներ Արսեն Դավթյանը և Վահե Սուքիասյանը, նաև ՖԻԴԵ-ի վարպետ Տիգրան Համբարձումյանը ունեն 5-ական միավոր միավոր։Գրոսմայստեր Գաբրիել Սարգսյանը ունի 4.5 միավոր: Նույնքան միավոր ունեն նաև միջազգային վարպետ Ռոբերտ Փիլիպոսյանը և ՖԻԴԵ-ի վարպետ Հայկ Երիցյանը:9-րդ խաղափուլը տեղի կունենա ապրիլի 16-ին եւ կմեկնարկի Երեւանի ժամանակով 17:00-ին:Առաջնության ավարտին մնացել է երեք խաղափուլ:Հետևեք NEWS.am SPORT-ին Facebook-ում, Twitter և Telegram-ում",Sport,https://sport.news.am/arm/news/165797/
ՉԼ. Շաբաթվա լավագույն խաղացողի մրցանակի հավակնորդները,"Ֆուտբոլի Չեմպիոնների լիգայի քառորդ եզրափակիչի պատասխան հանդիպումներից հետո ՈՒԵՖԱ–ն ներկայացրել է շաբաթվա լավագույն խաղացողի մրցանակի հավակնորդների քառյակը։Մրցանակին հավակնում են Ֆրանսիայի չեմպիոն եւ Չեմպիոնների լիգայի գավաթակիր ՊՍԺ–ի ֆրանսիացի հարձակվող Ուսման Դեմբելեն, Գերմանիայի չեմպիոն Մյունխենի «Բավարիայի» ֆրանսիացի հարձակվող Մայքլ Օլիսեն, Իսպանիայի չեմպիոն «Բարսելոնայի» իսպանացի կիսապաշտպան Դանի Օլմոն եւ Մադրիդի «Աթլետիկոյի» իսպանացի կիսապաշտպան Մարտին Սուբիմենդին։Քվեարկությունն անցկացվում է ՈՒԵՖԱ–ի կայքը։Կիսաեզրափակիչում Անգլիայի փոխչեմպիոն Լոնդոնի «Արսենալը» կմրցի Մադրիդի «Աթլետիկոյի», «Բավարիան»՝ ՊՍԺ–ի հետ։Հետևեք NEWS.am SPORT-ին Facebook-ում, Twitter և Telegram-ում",Sport,https://sport.news.am/arm/news/165798/
Հայաստանի Մ-17 հավաքականի կազմը,"Ֆուտբոլի Հայաստանի մինչեւ 17 տարեկանների հավաքականը ապրիլի 17-28-ը  ուսումնամարզական հավաք կանցկացնի ՀՖՖ տեխնիկական կենտրոն/Ֆուտբոլի ակադեմիայում։Թիմը կնախապատրաստվի Երեւանում անցկացվելիք ՈւԵՖԱ Եվրոպայի Մ-17 առաջնության որակավորման 2-րդ փուլին, որը տեղի կունենա ապրիլի 22-28-ը, հաղորդում է ՀՖՖ-ն:ՈւԵՖԱ Եվրոպայի Մ-17 առաջնության 2-րդ փուլում Հայաստանի Մ-17 հավաքականն ընդգրկված է B5 խմբում։ Մրցակիցներն են Լյուքսեմբուրգի, Լիխտենշտայնի եւ Հունգարիայի Մ-17 հավաքականները։Գլխավոր մարզիչ Ալեքսանդր Պետրոսյանը հավաքական է հրավիրել հետևյալ ֆուտբոլիստներին: ԴարպասապահներՍամսոն Հակոբյան - «Փյունիկ-09»Արսեն Միրաբյան - «Ակադեմիա-09»ՊաշտպաններԳոռ Սարգսյան - «Փյունիկ-09»Տիգրան Օհանյան - «Ակադեմիա-09»Վահան Ասլանյան - «Ակադեմիա-09»Ռոբերտ Հովակիմյան - «Փյունիկ-1-10»Սերյոժա Պետրոսյան - «Փյունիկ-09»Ժիրայր Գրիգորյան - «Ակադեմիա-09»Արմեն Ասատրյան - «Ակադեմիա-09»ԿիսապաշտպաններԿիրիլ Եդիգարյան - «Ակադեմիա-09»Արտյոմ Հակոբյան - «Փյունիկ-09»Անդրանիկ Երվանդյան - «Փյունիկ-09»Արամ Խաչատրյան - «Փյունիկ-09»Սուրեն Պետրոսյան - «Ուրարտու-09»Արմեն Ղազարյան - Ե.Ֆ.Մ.Օ. «Բոադիլլա»Ռաֆայել Մինասյան - «Յունիոն Դեպորտիվա»Սուրեն Հարությունյան - «Սյունիք-09»Վաչիկ Թումանյան - «ԲԿՄԱ Մոսկվա»ՀարձակվողներՎահե Թովմասյան - «Արարատ-09»Արսեն Առաքելյան - «Ուրարտու-09»Մհեր Հարությունյան - «Շիրակ-09»Հետևեք NEWS.am SPORT-ին Facebook-ում, Twitter և Telegram-ում",Sport,https://sport.news.am/arm/news/165799/
NBA. Օրվա արդյունքներն ու լավագույն դրվագները (տեսանյութ),"Բասկետբոլի ազգային ասոցիացիայի կանոնավոր առաջնությունում տեղի են ունեցել փլեյ-ին մրցաշարի երկու հանդիպումներ: «Ֆիլադելֆիա Սիքսերս» - «Օռլանդո Մեջիք»՝ 109:97«Լոս Անջելես Քլիփերս» - «Գոլդեն Սթեյթ Ուորիորզ»՝ 121:126Փլեյ-օֆֆ փուլի հանդիպումները կմեկնարկեն ապրիլի 19-ին:Հետևեք NEWS.am SPORT-ին Facebook-ում, Twitter և Telegram-ում",Sport,https://sport.news.am/arm/news/165800/
Չեմպիոնների լիգա. Մբապեի ռեկորդը,"Իսպանիայի փոխչեմպիոն Մադրիդի «Ռեալի» ֆրանսիացի հարձակվող Կիլիան Մբապեն Չեմպիոնների լիգայի ռեկորդ է գրանցել քառորդ եզրափակիչի պատասխան արատգնա խաղում Մյունխենի «Բավարիային» խփած գոլի շնորհիվ։27-ամյա ֆուտբոլիստը Չեմպիոնների լիգայի պատմության մեջ միակ ֆուտբոլիստն է, որին հաջողվում է մեկ եվրագավաթային մրցաշրջանի ընթացքում գոլի հեղինակ դառնալ 10 արտագնա խաղում, հաղորդում է Goals Side-ը։«Բավարիան» պատասխան խաղում «Ռեալին» հաղթել էր 4։3 հաշվով եւ կիսաեզրափակիչում կմրցի Ֆրանսիայի չեմպիոն, Չեմպիոնների լիգայի գավաթակիր ՊՍԺ-ի հետ։Հետևեք NEWS.am SPORT-ին Facebook-ում, Twitter և Telegram-ում",Sport,https://sport.news.am/arm/news/165801/
Երիտասարդական ԱԱ. Հայաստանի հավաքականների կազմերը,"Եգիպտոսի Իսմայիլիա քաղաքում մայիսի 2-8-ը տեղի կունենա երիտասարդների աշխարհի առաջնությունը:Հայաստանի ծանրամարտի ֆեդերացիան ներկայացրել է հավաքականների կազմերը.Տղամարդկանց հավաքական.65 կգ` Արտուշ Գրիգորյան71 կգ` Նարեկ Գրիգորյան, Հովհաննես Հովհաննիսյան79 կգ` Նարեկ Մկրտչյան94 կգ` Վալերիկ Մովսիսյան110 կգ` Գրիգոր Ղազարյան+110 կգ` Գագիկ ՄկրտչյանԵրիտասարդների հավաքականի ավագ մարզիչ` Վիգեն Խաչատրյանը, երկրորդ մարզիչ` Վահրամ ԳևորգյանԿանանց հավաքական.69 կգ` Մերի Միսակյան77 կգ` Աննա Ամրոյան86 կգ` Էմմա ՊողոսյանԿանանց հավաքականի գլխավոր մարզիչ` Արտաշես Ներսիսյան, երկրորդ մարզիչը` Տարոն Թովմասյան Հետևեք NEWS.am SPORT-ին Facebook-ում, Twitter և Telegram-ում",Sport,https://sport.news.am/arm/news/165803/
Բերնարդու Սիլվան կհեռանա «Մանչեսթեր Սիթիից»,"Պորտուգալացի կիսապաշտպան Բերնարդու Սիլվան սոցիալական ցանցերում արած հրապարակումով հայտնել է մրցաշրջանի ավարտից հետո «Մանչեսթեր Սիթիից» հեռանալու մասին։ Նա շնորհակալություն է հայտնել, ակումբին, Գվարդիոլային, թիմակիցներին։Բերնարդու Սիլվան կստանա ազատ գործակալի կարգավիճակ։31-ամյա Բերնարդու Սիլվան «Մանչեսթեր Սիթիում» է հանդես գալիս 2017 թվականից։ Կատալոնացի Խոսեպ Գվարդիոլայի գլխավորած թիմի հետ նա նվաճել է 19 տիտղոս՝ այդ թվում Պրեմիեր լիգայի 6 չեմպիոնական գավաթ եւ Չեմպիոնների լիգայի 1 տիտղոս։Transfermarkt-ը Բերնարդու Սիլվայի տրանսֆերային արժեքը գնահատում է 27 միլիոն եվրո։Հետևեք NEWS.am SPORT-ին Facebook-ում, Twitter և Telegram-ում",Sport,https://sport.news.am/arm/news/165804/
«Շիրակն» ու ԲԿՄԱ-ն խաղացին ոչ ոքի (տեսանյութ),"Ֆուտբոլի Հայաստանի Պրեմիեր լիգայի 16–րդ տուրից տեղափոխված խաղում Գյումրիի «Շիրակն» ընդունեց ԲԿՄԱ-ին։ Գրանցվեց ոչ ոքի՝ 1։1։29-րդ րոպեին 11-մետրանոցից հանդիպման հաշիվը բացեց ԲԿՄԱ-ի պաշտպան Պետիկ Մանուկյանը։43-րդ րոպեին 11-մետրանոցից պատասխան գոլը խփեց «Շիրակի» կիսապաշտպան Ռաֆիկ Միսակյանը։ԲԿՄԱ-ն (21 խաղ) 17 միավորով 8-րդն է, «Շիրակը» (21 խաղ) նախավերջինն է՝ 12 միավոր։Հետևեք NEWS.am SPORT-ին Facebook-ում, Twitter և Telegram-ում",Sport,https://sport.news.am/arm/news/165805/
Չեմպիոնների լիգա. Շաբաթվա լավագույն խաղացողը,"Գերմանիայի չեմպիոն Մյունխենի «Բավարիայի» ֆրանսիացի կիսապաշտպան Մայքլ Օլիսեն ճանաչվել է շաբաթվա լավագույն խաղացող քառորդ եզրափակիչի պատասխան հանդիպումների արդյունքում, հաղորդում է ՈՒԵՖԱ-ի կայքը։Պատասխան խաղում «Բավարիան» 4։3 հաշվով հաղթել էր Իսպանիայի փոխչեմպիոն Մադրիդի «Ռեալին» եւ դուրս եկել կիսաեզրափակիչ։ Օլիսեն դարձել էր հաղթական գոլի հեղինակ։Երկրորդ տեղում է Ֆրանսիայի չեմպիոն եւ Չեմպիոնների լիգայի գավաթակիր ՊՍԺ–ի ֆրանսիացի հարձակվող Ուսման Դեմբելեն, որը դուբլի հեղինակ էր դարձել Անգլիայի չեմպիոն «Լիվերպուլի» դեմ արտագնա խաղում (2:0):Երրորդ տեղում է Անգլիայի փոխչեմպիոն Լոնդոնի «Արսենալի» իսպանացի կիսապաշտպան Մարտին Սուբիմենդին, չորրորդ տեղում է Իսպանիայի չեմպիոն «Բարսելոնայի» իսպանացի կիսապաշտպան Դանի Օլմոն, որը գոլային փոխանցում էր կատարել Մադրիդի «Աթլետիկոյի» դեմ արտագնա խաղում (2:1):Չեմպիոնների լիգայի ընթացիկ մրցաշրջանում Օլիսեն 11 խաղում խփել է 4 գոլ, կատարել 7 գոլային փոխանցում։Կիսաեզրափակիչում «Բավարիան» կմրցի ՊՍԺ-ի, «Արսենալը»՝ Մադրիդի «Աթլետիկոյի» հետ։Հետևեք NEWS.am SPORT-ին Facebook-ում, Twitter և Telegram-ում",Sport,https://sport.news.am/arm/news/165806/
ՃՏՊ-ի հետեւանքով մահացել է «Արսենալի» նախկին դարպասապահը,"Ճանապարհատրանսպորտային պատահարի հետեւանքով մահացել է «Յուվենտուսի», «Արսենալի», Ավստրիայի հավաքականի նախկին դարպասապահ Ալեքսանդր Մանինգերը։ Նա 48 տարեկան էր։Ալեքսանդր Մանինգերի ավտոմեքենան բախվել է գնացքին, հաղորդում է Bild-ը։ Շտապօգնության բժիշկների ցուցաբերած օգնությունը չի փրկել նրա կյանքը։ Մեքենավարն ու գնացքի ուղեւորները չեն տուժել։ Ալեքսանդր Մանինգերի հետ ավտոմեքենայում այլ մարդ չի եղել։«Արսենալի» կազմում Մանինգերը դարձել է ԱՆգլիայի չեմպիոն, գավաթակիր եւ սուպերգավաթակիր, «Յուվենտուսի» կազմում՝ Իտալիայի չեմպիոն։Հետևեք NEWS.am SPORT-ին Facebook-ում, Twitter և Telegram-ում",Sport,https://sport.news.am/arm/news/165807/
«Ինտերի» նախագահ. Կիվուն լավագույններից մեկն է եւ կմնա պաշտոնում,"Ռումինացի Կրիստիան Կիվուն հաջորդ մրցաշրջանում էլ կգլխավորի Իտալիայի փոխչեմպիոն Միլանի «Ինտերը»։ Այդ մասին հայտարարել է իտալական ակումբի նախագահ Բեպե Մարոտան։ Ավելի վաղ իտալական մամուլը գրել էր, որ «Ինտերը» կփորձի համաձայնության հասնել Մադրիդի «Աթլետիկոյի» արգենտինացի գլխավոր մարզիչ Դիեգո Սիմեոնեի հետ։«Ակնհայտ է, որ Կիվուն կմնա եւ դարձյալ կլինի մեզ հետ։ Կիվուն Եվրոպայի լավագույն երիտասարդ մարզիչներից է եւ կմնա պաշտոնում»,– Մարոտայի խոսքը մեջբերում է x.com/FabrizioRomano-ն։Իտալիայի առաջնության 32 տուրից հետո «Ինտերը» 75 միավորով գլխավորում է մրցաշարային աղյուսակը եւ 9 միավոր առաջ է երկրորդ տեղում գտնվող չեմպիոն «Նապոլիից»։Հետևեք NEWS.am SPORT-ին Facebook-ում, Twitter և Telegram-ում",Sport,https://sport.news.am/arm/news/165808/
Հայաստանի գավաթ․ «Նոան» պարտության մատնեց «Արարատ-Արմենիային» (տեսանյութ),"Ֆուտբոլի Հայաստանի գավաթի խաղարկության կիսաեզրափակիչի առաջին խաղում «Արարատ-Արմենիան» ընդունեց չեմպիոն, գավաթակիր եւ սուպերգավաթակիր «Նոային» եւ պարտվեց 0:1 հաշվով։25-րդ րոպեին աչքի ընկավ բոսնիացի հարձակվող Նարդին Մուլահուսեյնովիչը։70-րդ րոպեին հեռացվեց «Արարատ-Արմենիայի» պաշտպան Կամո Հովհաննիսյանը, 73-րդ րոպեին՝ «Նոայի» գվադելուպցի պաշտպան Նաթանայել Սաինտինին։Պատասխան հանդիպումը տեղի կունենա ապրիլի 29-ին։Հետևեք NEWS.am SPORT-ին Facebook-ում, Twitter և Telegram-ում",Sport,https://sport.news.am/arm/news/165809/
Մեսին գնել է կատալոնական «Կորնելյա» ակումբը,"Աշխարհի չեմպիոն եւ Ամերիկայի գավաթակիր Արգենտինայի հավաքականի եւ ամերիկյան «Ինտեր Մայամիի» հարձակվող, «Ոսկե գնդակի» 8-ակի դափնեկիր Լիոնել Մեսին գնել է Իսպանիայի երրորդ դիվիզիոնում հանդես եկող կատալոնական «Կորնելյա» ակումբը։Տարբեր տարիների այս թիմում պատանեկան մակարդակում հանդես են եկել Իսպանիայի հավաքականի նախկին խաղացող Ժորդի Ալբան, Լոնդոնի «Արսենալի» եւ Իսպանիայի հավաքականի դարպասապահ Դավիդ Ռայան, Սենեգալի հավաքականի նախկին հարձակվող Կեյտա Բալդեն։«Կորնելյա» ակումբը հիմնադրվել է 1951 թվականին։Հետևեք NEWS.am SPORT-ին Facebook-ում, Twitter և Telegram-ում",Sport,https://sport.news.am/arm/news/165810/
Հաբեթնակ Կուրղինյան. Մարտական ենք տրամադրված (ֆոտո),"Մարտական ենք տրամադրված Եվրոպայի առաջնությանը: Ըմբիշները լավ մարզավիճակում են: Սպասում ենք լավ գոտեմարտերի: Մեր փորձառուներից, այս պահի դրությամբ Արսեն Հարությունյանից եւ Վազգեն Թեւանյանից ամենաբարձր մեդալները սպասելի են:Այս մասին լրագրողների հետ զրույցում ասաց ազատ ոճի ըմբշամարտի Հայաստանի հավաքականի գլխավոր մարզիչ Հաբեթնակ Կուրղինյանը:Ազատ ոճայիններ այս օրերին վերջին մարզումներն են անցնում Եվրոպայի առաջնությունից առաջ, որը տեղի է ունենալու Ալբանիայի մայրաքաղաք Տիրանայում ապրիլի 20-26-ը:«Մարտական ենք տրամադրված Եվրոպայի առաջնությանը: Ըմբիշները լավ մարզավիճակում են: Սպասում ենք լավ գոտեմարտերի: Կարծում եմ՝ տղաները կկարողանան լիարժեք իրենց հնարավորություններով ներկայանալ: Թե ինչ մեդալներով կլինեն արդյունքները, գորգը ցույց կտա:Մի քանի փուլով ենք անցել նախապատրաստական շրջանը: Հատուկ ֆիզիկական պատրաստություն ենք անցել, միջազգային հավաք ենք ունեցել Վրաստանում մի քանի երկրների հետ: Վերջին հավաքն «Օլիմպավանում» ենք անցնում: Այս ընթացքում նաեւ ունեցել ենք միջազգային մրցաշարեր, որտեղ հաղթողներ եւ մրցանակակիրներ ենք ունեցել: Առաջատարներից միայն Արման Անդրեասյանն է բացակայում վնասվածքի պատճառով: Նա բաց կթողնի Եվրոպայի առաջնությունը:Քաշեր ունենք, որոնցում մրցակցությունը շատ է, ընտրության հնարավորություն ունենք: Ցավոք, կան նաեւ քաշեր, որոնցում ընտրություն չունենք:Մեր փորձառուներից, այս պահի դրությամբ Արսեն Հարությունյանից եւ Վազգեն Թեւանյանից ամենաբարձր մեդալները սպասելի են: Նրանք արդեն չեմպիոններ են, Արսենը ոչ մեկ անգամ, եւ փորձը նրանց կօգնի: Մյուս ըմբիշները երիտասարդներ են, որոնք կփորձեն մեդալ նվաճել:Նախորդ Եվրոպայի առաջնությունում ոսկե մեդալ չունեցանք: Հետեւություններ արել ենք, աշխատել ենք տեխնիկական եւ տակտիկական սխալների վրա: Եվրոպայի առաջնության գորգը ցույց կտա, թե որքանով ենք արել մեր հետեւությունները:Արսեն Հարությունյանը շատ լավ մարզավիճակում է: Վերջերս Երեւանում մասնակցեց ըմբշամարտի մրցաշարի: Դեմ չէի նրա մասնակցությանը: Իմանալով Արսենի խառնվածքը, այդպիսի մրցաշարը կօգնի Արսենին, ավելի կոգեւորի: Ժամանակի կորուստ չի ունեցել, մարզումներ բաց չի թողել, բոլոր հավաքներին մասնակցել է:Շեշտն այս պահին դրված է Արսեն Հարությունյանին եւ Վազգեն Թեւանյանի վրա: Ինքնաբերաբար է լինում այդ շեշտադրությունը, քանի որ նրանցից բացի այլ ուժեղագույններ թիմում դեռեւս չունենք, բայց ունենք հեռանկարային երիտասարդներ: Եվրոպայի 23 տարեկանների առաջնությունում ունեցանք մեդալակիրներ, բայց, հասկանում ենք, որ մեծահասակների պայքարում տղաներին փորձ է պետք»,- ասաց Հաբեթնակ Կուրղիանյանը:Տիրանայի մրցագորգում Հայաստանի հավաքականի կազմում մասնակցելու են Մանվել Խնձրցյանը (57 կգ), Արսեն Հարությունյանը (61 կգ), Վազգեն Թեւանյանը (65 կգ), Դավիթ Մարգարյանը (70 կգ), Նարեկ Հարությունյանը (74 կգ), Հրայր Ալիխանյանը (79 կգ), Մուշեղ Մկրտչյանը (92 կգ) եւ Խաչատուր Խաչատրյանը (125 կգ):Լուսինե ՇահբազյանՀետևեք NEWS.am SPORT-ին Facebook-ում, Twitter և Telegram-ում",Sport,https://sport.news.am/arm/news/165811/
«Ոսկե գնդակի» ֆավորիտները,"Goal.com-ը ներկայացրել է 2026թ․ «Ոսկե գնդակի» ֆավորիտներին։ Հետևեք NEWS.am SPORT-ին Facebook-ում, Twitter և Telegram-ում",Sport,https://sport.news.am/arm/news/165812/
Իտալիայի Ա Սերիա․ Մեկնարկում է 33-րդ տուրը,"Ֆուտբոլի Իտալիայի Ա Սերիայի առաջնությունում ապրիլի 17-ին կմեկնարկի 33-րդ տուրը։Առաջին օրը տեղի կունենա երկու հանդիպում։ «Սասուոլոն» կընդունի «Կոմոյին», փոխչեմպիոն «Ինտերը»՝ «Կալյարիին»։Առաջատարը «Ինտերն» է, որը վաստակել է 76 միավոր։ Իտալիայի առաջնություն, 33-րդ տուր«Սասուոլո» - «Կոմո»՝ 20:30 (Երեւանի ժամանակ)«Ինտեր» - «Կալյարի»՝ 22:45Ապրիլի 18 «Ուդինեզե» - «Պարմա»՝ 17:00«Նապոլի» - «Լացիո»՝ 20:00«Ռոմա» - «Ատալանտա»՝ 22:45Ապրիլի 19 «Կրեմոնեզե» - «Տորինո»՝ 14:30«Վերոնա» - «Միլան»՝ 17:00«Պիզա» - «Ջենոա»՝ 20:00«Յուվենտուս» - «Բոլոնիա»՝ 22:45Ապրիլի 20 «Լեչե» - «Ֆիորենտինա»՝ 22:45Հետևեք NEWS.am SPORT-ին Facebook-ում, Twitter և Telegram-ում",Sport,https://sport.news.am/arm/news/165813/
Բունդեսլիգա․ Մեկնարկում է 30-րդ տուրը,"Ֆուտբոլի Գերմանիայի Բունդեսլիգայի առաջնությունում ապրիլի 17-ին «Սանկտ Պաուլի» - «Քյոլն» մրցախաղով կմեկնարկի 30-րդ տուրը։Առաջատարը չեմպիոն «Բավարիան» է, որն ունի 76 միավոր։Գերմանիայի առաջնություն, 30-րդ տուր«Սանկտ Պաուլի» - «Քյոլն»՝ 22:30 (Երեւանի ժամանակ)Ապրիլի 18 «Բայեր» - «Աուգսբուրգ»՝ 17:30«Հոֆենհայմ» - «Բորուսիա Դորտմունդ»՝ 17:30«Ունիոն Բեռլին» - «Վոլֆսբուրգ»՝ 17:30«Վերդեր» - «Համբուրգ»՝ 17:30«Այնտրախտ» - «ՌԲ Լայպցիգ»՝ 20:30Ապրիլի 19 «Ֆրայբուրգ» - «Հայդենհայմ»՝ 17:30«Բավարիա» - «Շտուտգարտ»՝ 19:30«Բորուսիա Մյոնխենգլադբախ» - «Մայնց»՝ 21:30Հետևեք NEWS.am SPORT-ին Facebook-ում, Twitter և Telegram-ում",Sport,https://sport.news.am/arm/news/165814/
Եվրոպայի լիգա․ «Ֆրայբուրգը» դուրս եկավ կիսաեզրափակիչ (տեսանյութ),"Գերմանական «Ֆրայբուրգը» դուրս եկավ Եվրոպայի լիգայի կիսաեզրափակիչ։Քառորդ եզրափակիչի պատասխան խաղում «Ֆրայբուրգը» Վիգոյում հյուրընկալվեց իսպանական «Սելտային» եւ հաղթեց 3:1 հաշվով։Առաջին խաղում «Ֆրայբուրգը» հաղթել էր 3:0 հաշվով։Եվրոպայի լիգա, քառորդ եզրափակիչ, պատասխան խաղ«Սելտա» (Իսպանիա) - «Ֆրայբուրգ» (Գերմանիա)՝ 1:3 (տեսանյութ), (առաջին խաղ՝ 0:3)Ուիլոթ Սվեդբերգ, 90+1 - Իգոր Մատանովիչ, 33, Յուիտո Սուձուկի, 39, 51«Աստոն Վիլա» (Անգլիա) - «Բոլոնիա» (Իտալիա)՝ 23:00 (առաջին խաղ՝ 3:1)«Բետիս» (Իսպանիա) - «Բրագա» (Պորտուգալիա)՝ 23:00 (առաջին խաղ՝ 1:1)«Նոթինգեմ Ֆորեսթ» (Անգլիա) - «Պորտու» (Պորտուգալիա)՝ 23:00 (առաջին խաղ՝ 1:1)Հետևեք NEWS.am SPORT-ին Facebook-ում, Twitter և Telegram-ում",Sport,https://sport.news.am/arm/news/165815/
Կոնֆերենցիաների լիգա․ «Շախտյորը» կիսաեզրափակիչում է (տեսանյութ),"Ուկրաինական «Շախտյորը» դուրս եկավ Կոնֆերենցիաների լիգայի կիսաեզրափակիչ։«Շախտյորը» քառորդ եզրափակիչի պատասխան խաղում 2:2 հաշվով հոլանդական «ԱԶ Ալկմարի» հետ։Առաջին խաղում «Շախտյորը» հաղթել էր 3:0 հաշվով։Կոնֆերենցիաների լիգա, քառորդ եզրափակիչ, պատասխան հանդիպում«ԱԶ Ալկմար» (Նիդերլանդներ) - «Շախտյոր» (Ուկրաինա)՝ 2։2 (տեսանյութ), (առաջին խաղ՝ 0:3)Իսակ Իենսեն, 73, Մատեյ Շին, 80 - Ալիսոն, 58, Լուկա Մեյրելես, 84«ԱԵԿ Աթենք» (Հունաստան) - «Ռայո Վալիեկանո» (Իսպանիա)՝ 23:00 (առաջին խաղ՝ 0:3)«Ֆիորենտինա» (Իտալիա) - «Քրիսթալ Փելաս» (Անգլիա)՝ 23:00 (առաջին խաղ՝ 0:3)«Ստրասբուրգ» (Ֆրանսիա) - «Մայնց» (Գերմանիա)՝ 23:00 (առաջին խաղ՝ 0:2)Հետևեք NEWS.am SPORT-ին Facebook-ում, Twitter և Telegram-ում",Sport,https://sport.news.am/arm/news/165816/
"Արսեն Հարությունյան․ Պետք է ամեն ինչ անեմ, որ կարողանամ 5-րդ ոսկե մեդալն էլ նվաճել ԵԱ-
ում","Հիմա ինձ չեմ կարող համեմատել 2019 թ. Եվրոպայի առաջնությունում հաղթած Արսենի հետ: Չորս Եվրոպայի առաջնություն եմ հաղթել եւ իմ մեջ մեծ ցանկություն կա՝ 5-րդն էլ հաղթել: Այդ միտքն ու նպատակն ինձ մի փոքր լարվածություն է տալիս եւ ավելի շատ պատասխանատվություն: Պետք է ամեն ինչ անեմ, որ կարողանամ 5-րդ ոսկե մեդալն էլ նվաճել:Այս մասին լրագրողների հետ զրույցում ասաց ազատ ոճի ըմբշամարտի աշխարհի առաջնությունների քառակի բրոնզե մեդալակիր, Եվրոպայի քառակի չեմպիոն Արսեն Հարությունյանը:Հայաստանի հավաքականի առաջատարը պատրաստվում է Ալբանիայի մայրաքաղաք Տիրանայում ապրիլի 20-26-ին անցկացվելիք Եվրոպայի առաջնությանը: 61 կգ քաշայինների պայքարում Հարությունյանը կպայքարի 5-րդ չեմպիոնության համար:«Մարզավիճակս շատ լավ է: Անցկացրել ենք շատ հավաքներ, որոնց ընթացքում հնարավորինս աշխատել ենք սխալների վրա: Եվրոպայի առաջնության մրցագորգը ցույց կտա, թե որքան եմ աշխատել, ինչ մարզավիճակում եմ:Միշտ, երբ մեկնում եմ մրցաշարի, մտածում եմ՝ այդ օրն իմ օրն է, իմ աստղը պետք է փայլի, եւ ես չեմպիոն պետք է լինեմ: Կփորձեմ այս անգամ էլ ոսկե մեդալակիր դառնալ եւ 5-րդ չեմպիոնությունը տոնել:Մրցակիցներիս ճանաչում եմ, բոլորին հանդիպել եմ գորգի վրա: Բարձրանալու եմ գորգ, մինչեւ վերջին վայրկյանը մրցելու եմ եւ փորձելու եմ հաղթել:Տարիներն անցնում են, մենք փոխվում ենք, մտածելակերպն էլ է փոխվում եւ ամեն հաղթանակ այլ կերպ ենք ընդունում: Հիմա ինձ չեմ կարող համեմատել 2019 թ. Եվրոպայի առաջնությունում հաղթած Արսենի հետ: Հիմա այլ կերպ եմ մտածում, ավելի շատ բան պետք է անեմ: Այն ժամանակ երիտասարդ էի, կորցնելու ոչինչ չունեի, ուղղակի բարձրանում էի գորգ եւ գոտեմարտում: Հիմա 4 Եվրոպայի առաջնություն եմ հաղթել եւ իմ մեջ մեծ ցանկություն կա՝ 5-րդն էլ հաղթել: Այդ միտքն ու նպատակն ինձ մի փոքր լարվածություն է տալիս եւ ավելի շատ պատասխանատվություն: Պետք է ամեն ինչ անեմ, որ կարողանամ 5-րդ ոսկե մեդալն էլ նվաճեմ:Ամեն անգամ դահլիճ մտնելիս ինձ մոտ գալիս է այն միտքը, որ պետք է լավ մարզվեմ, լավ մասնակցեմ մրցաշարերին եւ աշխարհին ցույց տամ, որ ես առաջինն եմ իմ քաշային կարգում»,- ասաց Արսեն Հարությունյանը:NEWS.am Sport-ի թղթակցի հարցին, թե ինչպես կնշի 5-րդ չեմպիոնությունը, եթե հաղթի, Արսեն Հարությունյանն անկեղծացավ.«Եվրոպայի առաջնություններում հաղթանակներն ինձ շատ են ուրախացնում, բայց լիարժեք չի այդ ուրախությունը, քանի որ ամեն չեմպիոնությունից հետո հիշում եմ, որ ես դեռ աշխարհի չեմպիոն չեմ: Այդ պատճառով չեմ մտածում, թե ինչպես կնշեմ 5-րդ հաղթանակս, եթե ոսկե մեդալ նվաճեմ»:Արսեն Հարությունյանը Եվրոպայի առաջնություններում չեմպիոն է դարձել 2019, 2022, 2023, 2024 թվականներին:Լուսինե ՇահբազյանՀետևեք NEWS.am SPORT-ին Facebook-ում, Twitter և Telegram-ում",Sport,https://sport.news.am/arm/news/165817/
Ֆրանսիայի առաջնություն․ Մեկնարկում է 30-րդ տուրը,"Ֆուտբոլի Ֆրանսիայի առաջնությունում ապրիլի 17-ին «Լանս» - «Թուլուզ» մրցախաղով կմեկնարկի 30-րդ տուրը։Առաջատարը չեմպիոն ՊՍԺ-ն է, որը 27 խաղից հետո ունի 63 միավոր։Ֆրանսիայի առաջնություն, 30-րդ տուր«Լանս» - «Թուլուզ»՝ 22:45 (Երեւանի ժամանակ)Ապրիլի 18 «Լորիան» - «Մարսել»՝ 19:00«Անժե» - «Հավր»՝ 21:00«Լիլ» - «Նիցա»՝ 23:05Ապրիլի 19 «Մոնակո» - «Օսեր»՝ 17:00«Մեց» - «Փարիզ»՝ 19:15«Նանտ» - «Բրեստ»՝ 19:15«Ստրասբուրգ» - «Ռեն»՝ 19:15ՊՍԺ - «Լիոն»՝ 22:45Հետևեք NEWS.am SPORT-ին Facebook-ում, Twitter և Telegram-ում",Sport,https://sport.news.am/arm/news/165818/
"Վազգեն Թեւանյան․ Դստերս ծնունդն ավելի մեծ ուժ է ներշնչում, որպեսզի ավելի մեծ 
հաջողությունների հասնեմ","Ամեն ինչ արել եմ, որպեսզի լավ մարզավիճակով մոտենամ Եվրոպայի առաջնությանը: Գնում եմ միայն մեկ նպատակի՝ Եվրոպայի չեմպիոն դառնալու համար: Մնացած տարբերակների մասին փորձում եմ չմտածել, որովհետեւ պետք է ձգտել առավելագույնին:Այս մասին լրագրողների հետ զրույցում ասաց Եվրոպայի չեմպիոն, աշխարհի բրոնզե մեդալակիր, աշխարհի անհատական գավաթի խաղարկության հաղթող Վազգեն Թեւանյանը:Ազատ ոճի ըմբշամարտի 65 կգ քաշային կարգում Հայաստանի հավաքականի առաջատարը թիմակիցների հետ վերջին մարզումներն է անցկացնում Ալբանիա մեկնելուց առաջ, որտեղ անցկացվելու է Եվրոպայի առաջնությունը:«Եվրոպայի առաջնությունից առաջ լավ աշխատել ենք: Սա արդեն 5-րդ հավաքն է: Վրաստանում ենք հավաք ունեցել, որի ընթացքում տարբեր երկրների ներկայացուցիչների հետ գոտեմարտել ենք, փորձով փոխանակվել:Այս պահին լավ մարզավիճակում եմ գտնվում: Ամեն ինչ արել եմ, որպեսզի լավ մարզավիճակով մոտենամ Եվրոպայի առաջնությանը: Գնում եմ միայն մեկ նպատակի՝ Եվրոպայի չեմպիոն դառնալու համար: Մնացած տարբերակների մասին փորձում եմ չմտածել, որովհետեւ պետք է ձգտել առավելագույնին: Անցած տարի Եվրոպայի բրոնզե մեդալակիր դարձա: Այդ բրոնզից հետո շատ մեծ աշխատանք եմ կատարել: 2025-ի աշխարհի առաջնությանը նույնպես լավ հանդես չեկա: Այս պատճառով այս տարի շատ մեծ ուժով, ծանրաբեռնվածությամբ եւ լարվածությամբ եմ սկսել տարին: Թե աշխատանքս ինչ արդյունք կտա, մրցագորգը ցույց կտա»,- ասաց Վազգեն Թեւանյանը:Նշենք, որ 26-ամյա ըմբիշը վերջերս է հայր դարձել: Նրա խոսքով, դստեր ծնունդը նոր նպատակների եւ հաղթանակների ուժ է ներշնչում:«Կյանքում հայր դառնալն ավելացնում է պատասխանատվությունը: Այլ է, երբ զույգի կյանք է, մեկ այլ բան է, երբ երեխա է ծնվում, որն ավելի է մոտեցնում ընտանիքի մոդելին: Փորձում եմ ավելի լավ ամուսին եւ հայր լինել: Ինչ վերաբերում է սպորտին, դստերս ծնունդն ավելի մեծ ուժ է ներշնչում, որպեսզի ավելի մեծ հաջողությունների հասնեմ»,- նշեց Վազգեն Թեւանյանը:Լուսինե ՇահբազյանՀետևեք NEWS.am SPORT-ին Facebook-ում, Twitter և Telegram-ում",Sport,https://sport.news.am/arm/news/165819/
Ալեգրին կարող է լքել «Միլանի» գլխավոր մարզիչի պաշտոնը,"Իտալացի Մասիմիլիանո Ալեգրին կարող է լքել «Միլանի» գլխավոր մարզիչի պաշտոնն այս մրցաշրջանի ավարտից հետո, հաղորդում է Corriere dello Sport-ը։Ալեգրին դժգոհ է «Միլանի» ղեկավարությունից եւ կարող է հեռանալ թիմից, նույնիսկ, եթե նվաճի Չեմպիոնների լիգայի ուղեգիր։58-ամյա մասնագետը Իտալիայի գլխավոր մարզիչի հիմնական թեկնածուներից է։ Նրա ծառայություններով հետաքրքրված է նաեւ չեմպիոն «Նապոլին»։Ալեգրին «Միլան» է վերադարձել 2025թ․ մայիսին։ Իտալիայի ընթացիկ առաջնության 32 տուրից հետո «Միլանը» 63 միավորով երրորդն է։Հետևեք NEWS.am SPORT-ին Facebook-ում, Twitter և Telegram-ում",Sport,https://sport.news.am/arm/news/165820/
"Մբապե․ Խոստանում եմ, որ մենք նորից կսկսենք հաղթել","Իսպանիայի փոխչեմպիոն Մադրիդի «Ռեալի» ֆրանսիացի հարձակվող Կիլիան Մբապեն սոցիալական ցանցերում արած գրառումով անդրադարձել է Չեմպիոնների լիգայից դուրս մնալուն։ Քառորդ եզրափակիչի երկու հանդիպումներում էլ Արքայական թիմը պարտվել էր Գերմանիայի չեմպիոն Մյունխենի «Բավարիային» (1:2, 3:4):«Մենք պայքարեցինք մինչեւ վերջ, բայց դա քիչ էր։ Ցավալի է այսպիսի կարեւոր մրցաշարից դուրս մնալը, բայց պետք է նայել դեպի ապագա։ Պետք է ուշադիր մտածենք մեր մասին, որպեսզի խուսափենք այսպիսի հիասթափությունից։ Մենք երբեք չենք հանձնվի։«Ռեալում» անհաջողությունը երբեք չի եղել տարբերակ։ Ես խոստանում եմ, որ մենք նորից կսկսենք հաղթել եւ շատ մոտ ապագայում»,- գրել է Մբապեն։Չեմպիոնների լիգայի կիսաեզրափակիչում «Բավարիան» կմրցի Ֆրանսիայի չեմպիոն եւ Չեմպիոնների լիգայի գավաթակրի տիտղոսը պաշտպանող ՊՍԺ-ի հետ։Հետևեք NEWS.am SPORT-ին Facebook-ում, Twitter և Telegram-ում",Sport,https://sport.news.am/arm/news/165821/
Եվրոպայի լիգա․ Օրվա արդյունքներն ու կիսաեզրափակիչի մասնակիցները (տեսանյութ),"Ֆուտբոլի Եվրոպայի լիգայում հայտնի են կիսաեզրափակիչի մասնակիցները։Գերմանական «Ֆրայբուրգը» պայքարից դուրս թողել իսպանական «Սելտային», անգլիական «Աստոն Վիլան»՝ իտալական «Բոլոնիային», պորտուգալական «Բրագան»՝ իսպանական «Բետիսին», անգլիական «Նոթինգեմ Ֆորեսթը»՝ պորտուգալական «Պորտուին»։Եվրոպայի լիգա, քառորդ եզրափակիչ, պատասխան խաղ«Սելտա» (Իսպանիա) - «Ֆրայբուրգ» (Գերմանիա)՝ 1:3 (տեսանյութ), (առաջին խաղ՝ 0:3)Ուիլոթ Սվեդբերգ, 90+1 - Իգոր Մատանովիչ, 33, Յուիտո Սուձուկի, 39, 51«Աստոն Վիլա» (Անգլիա) - «Բոլոնիա» (Իտալիա)՝ 4:0 (տեսանյութ), (առաջին խաղ՝ 3:1)Օլի Ուոթքինս, 16, Էմիլիանո Բուենդիա, 26, Մորգան Ռոջերս, 39, Էզրի Կոնսա, 89Չիրացրած 11մ՝ Մորգան Ռոջերս («Աստոն Վիլա»), 25«Բետիս» (Իսպանիա) - «Բրագա» (Պորտուգալիա)՝ 2։4 (տեսանյութ), (առաջին խաղ՝ 1:1)Անտոնի 13, Աբդե Էզալզուլի, 26 – Պաու Վիկտոր, 38, Վիկտոր Կարվալյու, 49, Ռիկարդու Օրտա, 53, 11մ, Ժան-Բատիստ Գորբի, 74«Նոթինգեմ Ֆորեսթ» (Անգլիա) - «Պորտու» (Պորտուգալիա)՝ 1:0 (տեսանյութ), (առաջին խաղ՝ 1:1)Մորգան Գիբս-Ուայթ, 12Հեռացում՝ Յան Բեդնարեկ («Պորտու»), 8Հետևեք NEWS.am SPORT-ին Facebook-ում, Twitter և Telegram-ում",Sport,https://sport.news.am/arm/news/165822/
Կոնֆերենցիաների լիգա․ Կիսաեզրափակիչի մասնակիցները հայտնի են (տեսանյութ),"Ուկրաինական «Շախտյորը», իսպանական «Ռայո Վալիեկանոն», անգլիական «Քրիսթալ Փելասն» ու ֆրանսիական «Ստրասբուրգը» դուրս եկան Կոնֆերենցիաների լիգայի կիսաեզրափակիչ։Կոնֆերենցիաների լիգա, քառորդ եզրափակիչ, պատասխան հանդիպում«ԱԶ Ալկմար» (Նիդերլանդներ) - «Շախտյոր» (Ուկրաինա)՝ 2։2 (տեսանյութ), (առաջին խաղ՝ 0:3)Իսակ Իենսեն, 73, Մատեյ Շին, 80 - Ալիսոն, 58, Լուկա Մեյրելես, 84«ԱԵԿ Աթենք» (Հունաստան) - «Ռայո Վալիեկանո» (Իսպանիա)՝ 3:1 (տեսանյութ), (առաջին խաղ՝ 0:3)Զինի, 13, 51, Ռեզվան Մարին, 36, 11մ - Իսի Պալասոն, 60«Ֆիորենտինա» (Իտալիա) - «Քրիսթալ Փելաս» (Անգլիա)՝ 2:1 (տեսանյութ), (առաջին խաղ՝ 0:3)Ալբերտ Գուդմունդսոն, 30, 11մ, Շեր Նդուր, 53 – Իսմաիլա Սառ, 17«Ստրասբուրգ» (Ֆրանսիա) - «Մայնց» (Գերմանիա)՝ 4:0 (տեսանյութ), (առաջին խաղ՝ 0:2)Սեբաստիան Նանասի, 26, Աբդուլ Ուատարա, 35, Խուլիո Էնսիսո, 69, Էմանուել Էմեգա, 74Չիրացրած 11մ՝ Էմանուել Էմեգա, 66Հետևեք NEWS.am SPORT-ին Facebook-ում, Twitter և Telegram-ում",Sport,https://sport.news.am/arm/news/165823/
Կոնֆերենցիաների լիգա․ Կիսաեզրափակիչի զույգերն ու ժամանակացույցը,"Ֆուտբոլի Կոնֆերենցիաների լիգայում հայտնի են կիսաեզրափակիչի զույգերն ու հանդիպումների ժամանակացույցը։Կոնֆերենցիաների լիգա, կիսաեզրափակիչԱռաջին հանդիպումԱպրիլի 30«Շախտյոր» (Ուկրաինա) - «Քրիսթալ Փելաս» (Անգլիա)՝ 23:00 (Երեւանի ժամանակ)«Ռայո Վալիեկանո» (Իսպանիա) - «Ստրասբուրգ» (Ֆրանսիա)՝ 23:00Պատասխան հանդիպումՄայիսի 7«Քրիսթալ Փելաս» (Անգլիա) - «Շախտյոր» (Ուկրաինա)՝ 23:00«Ստրասբուրգ» (Ֆրանսիա) - «Ռայո Վալիեկանո» (Իսպանիա)՝ 23:00Հետևեք NEWS.am SPORT-ին Facebook-ում, Twitter և Telegram-ում",Sport,https://sport.news.am/arm/news/165824/
Եվրոպայի լիգա․ Կիսաեզրափակիչի զույգերն ու ժամանակացույցը,"Ֆուտբոլի Եվրոպայի լիգայում հայտնի են կիսեզրափակիչի զույգերն ու հանդիպումների ժամանակացույցը։Եվրոպայի լիգա, կիսաեզրափակիչԱռաջին հանդիպում, ապրիլի 30«Բրագա» (Պորտոիգալիա) - «Ֆրայբուրգ» (Գերմանիա)՝ 23:00 (Երեւանի ժամանակ)«Նոթինգեմ Ֆորեսթ» (Անգլիա) - «Աստոն Վիլա» (Անգլիա)՝ 23:00Պատասխան հանդիպում, մայիսի 7«Աստոն Վիլա» (Անգլիա) - «Նոթինգեմ Ֆորեսթ» (Անգլիա)՝ 23:00«Ֆրայբուրգ» (Գերմանիա) - «Բրագա» (Պորտուգալիա)՝ 23:00Հետևեք NEWS.am SPORT-ին Facebook-ում, Twitter և Telegram-ում",Sport,https://sport.news.am/arm/news/165825/
Եվրոպայի լիգա․ Օրվա լավագույն գոլերն ու սեյվերը (տեսանյութ)," Morgan Rogers Igor Matanović Jean-Baptiste Gorby Ollie WatkinsBest goal here? #UELGOTD | @FlixBus_DEՖուտբոլի Եվրոպայի լիգայի քառորդ եզրափակիչի պատասխան հանդիպումներից հետո ՈՒԵՖԱ-ն ներկայացրել է օրվա լավագույն գոլերն ու սեյվերը։Diogo Costa, Noah Atubolu, Lukáš Horníček...Who produced the best stop? #UELsaves | @Betano_PT pic.twitter.com/jqMpYFRORs

Գերմանական «Ֆրայբուրգը» պայքարից դուրս թողել իսպանական «Սելտային», անգլիական «Աստոն Վիլան»՝ իտալական «Բոլոնիային», պորտուգալական «Բրագան»՝ իսպանական «Բետիսին», անգլիական «Նոթինգեմ Ֆորեսթը»՝ պորտուգալական «Պորտուին»։Կիսաեզրափակիչում «Բրագան» կմրցի «Ֆրայբուրգի», «Նոթինգեմ Ֆորեսթը»՝ «Աստոն Վիլայի» հետ։Եվրոպայի լիգա, քառորդ եզրափակիչ, պատասխան խաղ«Սելտա» (Իսպանիա) - «Ֆրայբուրգ» (Գերմանիա)՝ 1:3 (տեսանյութ), (առաջին խաղ՝ 0:3)Ուիլոթ Սվեդբերգ, 90+1 - Իգոր Մատանովիչ, 33, Յուիտո Սուձուկի, 39, 51«Աստոն Վիլա» (Անգլիա) - «Բոլոնիա» (Իտալիա)՝ 4:0 (տեսանյութ), (առաջին խաղ՝ 3:1)Օլի Ուոթքինս, 16, Էմիլիանո Բուենդիա, 26, Մորգան Ռոջերս, 39, Էզրի Կոնսա, 89Չիրացրած 11մ՝ Մորգան Ռոջերս («Աստոն Վիլա»), 25«Բետիս» (Իսպանիա) - «Բրագա» (Պորտուգալիա)՝ 2։4 (տեսանյութ), (առաջին խաղ՝ 1:1)Անտոնի 13, Աբդե Էզալզուլի, 26 – Պաու Վիկտոր, 38, Վիկտոր Կարվալյու, 49, Ռիկարդու Օրտա, 53, 11մ, Ժան-Բատիստ Գորբի, 74«Նոթինգեմ Ֆորեսթ» (Անգլիա) - «Պորտու» (Պորտուգալիա)՝ 1:0 (տեսանյութ), (առաջին խաղ՝ 1:1)Մորգան Գիբս-Ուայթ, 12Հեռացում՝ Յան Բեդնարեկ («Պորտու»), 8Հետևեք NEWS.am SPORT-ին Facebook-ում, Twitter և Telegram-ում",Sport,https://sport.news.am/arm/news/165826/
Կոնֆերենցիաների լիգա․ Օրվա լավագույն գոլերն ու սեյվերը (տեսանյութ),"Which goal is the best from these screamers? #UECLGOTD | @FlixBus_DEՖուտբոլի Կոնֆերենցիաների լիգայի քառորդ եզրափակիչի պատասխան հանդիպումներից հետո ՈՒԵՖԱ-ն ներկայացրել է օրվա լավագույն գոլերն ու սեյվերը։Batz, Zoet and Batalla making big stops Which save was your favourite? #UECLsaves | @Betano_PT pic.twitter.com/xmHPVBCcsF

Կիսաեզրափակիչ են դուրս եկել ուկրաինական «Շախտյորը», իսպանական «Ռայո Վալիեկանոն», անգլիական «Քրիսթալ Փելասն» ու ֆրանսիական «Ստրասբուրգը»։ Կիսաեզրափակիչում «Շախտյորը» կմրցի «Քրիսթալ Փելասի», «Ռայո Վալիեկանոն»՝ «Ստրասբուրգի» հետ։Կոնֆերենցիաների լիգա, քառորդ եզրափակիչ, պատասխան հանդիպում«ԱԶ Ալկմար» (Նիդերլանդներ) - «Շախտյոր» (Ուկրաինա)՝ 2։2 (տեսանյութ), (առաջին խաղ՝ 0:3)Իսակ Իենսեն, 73, Մատեյ Շին, 80 - Ալիսոն, 58, Լուկա Մեյրելես, 84«ԱԵԿ Աթենք» (Հունաստան) - «Ռայո Վալիեկանո» (Իսպանիա)՝ 3:1 (տեսանյութ), (առաջին խաղ՝ 0:3)Զինի, 13, 51, Ռեզվան Մարին, 36, 11մ - Իսի Պալասոն, 60«Ֆիորենտինա» (Իտալիա) - «Քրիսթալ Փելաս» (Անգլիա)՝ 2:1 (տեսանյութ), (առաջին խաղ՝ 0:3)Ալբերտ Գուդմունդսոն, 30, 11մ, Շեր Նդուր, 53 – Իսմաիլա Սառ, 17«Ստրասբուրգ» (Ֆրանսիա) - «Մայնց» (Գերմանիա)՝ 4:0 (տեսանյութ), (առաջին խաղ՝ 0:2)Սեբաստիան Նանասի, 26, Աբդուլ Ուատարա, 35, Խուլիո Էնսիսո, 69, Էմանուել Էմեգա, 74Չիրացրած 11մ՝ Էմանուել Էմեգա, 66Հետևեք NEWS.am SPORT-ին Facebook-ում, Twitter և Telegram-ում",Sport,https://sport.news.am/arm/news/165827/
NHL. Փլեյ-օֆֆի առաջին փուլի բոլոր զույգերը,"Հյուսիսամերիկյան Հոկեյի ազգային լիգայում (NHL) ավարտվել է կանոնավոր առաջնությունը եւ հայտնի են Սթենլիի գավաթի փլեյ-օֆֆի առաջին փուլի զույգերը։Սթենլիի գավաթ-2026Փլեյ-օֆֆ, առաջին փուլԱրեւմտյան կոնֆերենցիա«Կոլորադո» - «Լոս Անջելես»«Դալլաս» - «Մինեսոտա»«Վեգաս» - «Յուտա»«Էդմոնտոն» - «Անահայմ»Արեւելյան կոնֆերենցիա«Բաֆալո» - «Բոստոն»«Տամպա» - «Մոնրեալ»«Կարոլինա» - «Օտավա»«Փիթսբուրգ» - «Ֆիլադելֆիա»Անցած մրցաշրջանում գավաթը նվաճել էր «Ֆլորիդան», որն այս տարի դուրս չեկավ փլեյ-օֆֆ։Հետևեք NEWS.am SPORT-ին Facebook-ում, Twitter և Telegram-ում",Sport,https://sport.news.am/arm/news/165828/
ԵԱ․ Հայ շախմատիստների արդյունքները 9 տուրից հետո,"Լեհաստանի Կատովիցե քաղաքում ավարտին մոտեցող շախմատի Եվրոպայի անհատական առաջնության 9-րդ խաղափուլից հետո մրցաշարի առաջատարներն են իսպանացի Դավիդ Անտոն Գիխարոն և ադրբեջանցի Նիջատ Աբասովը՝ 7.5 միավորով:Հայ գրոսմայստեր Հայկ Մարտիրոսյանը ունի 7 միավոր և բաժանում է 3-12-րդ հորիզոնականը:Գրոսմայստեր Ռոբերտ Հովհաննիսյանը 6.5 միավորով բաժանում է 13-35-րդ տեղերը։ Առաջնության ավարտին մնացել է երկու խաղափուլ:Հայ շախմատիստների արդյունքները 9-րդ խաղափուլից հետո.ՄԳ Հայկ Մարտիրոսյան՝ 7 միավորՄԳ Ռոբերտ Հովհաննիսյան՝ 6.5 միավորՄԳ Էմին Օհանյան՝ 6 միավորՄԳ Շանթ Սարգսյան՝ 6 միավորՄՎ Արսեն Դավթյան՝ 6 միավորՄՎ Վահե Սուքիասյան՝ 5.5 միավորՖՎ Տիգրան Համբարձումյան՝ 5.5 միավորՄԳ Գաբրիել Սարգսյան՝ 5.5 միավորՄԳ Մամիկոն Ղարիբյան՝ 5.5 միավորՄԳ Արթուր Դավթյան՝ 5.5 միավորՄԳ Մանուէլ Պետրոսյան՝ 5.5 միավորՄՎ Ռոբերտ Փիլիպոսյան՝ 5 միավորԿՄԳ Մարիամ Մկրտչյան՝ 5 միավորՖՎ Հայկ Երիցյան՝ 4.5 միավորՐաֆֆի Ղազարյան՝ 3.5 միավորԱյսօր հանգստյան օր է: Նախավերջին խաղափուլը կմեկնարկի ապրիլի 18-ին՝Հետևեք NEWS.am SPORT-ին Facebook-ում, Twitter և Telegram-ում",Sport,https://sport.news.am/arm/news/165829/
Օլիսեն մոտեցել է Մխիթարյանի ռեկորդին,"Գերմանիայի չեմպիոն Մյունխենի «Բավարիայի» ֆրանսիացի հարձակվող Մայքլ Օլիսեն այս մրցաշրջանում կատարել է 29 գոլային փոխանցում, որով մոտեցել է Իտալիայի փոխչեմպիոն Միլանի «Ինտերի» հայ կիսապաշտպան Հենրիխ Մխիթարյանի ռեկորդին: Այս մասին հայտնում է Transfermarkt-ը։ Օլիսեն այս ցուցանիշին հասել է Չեմպիոնների լիգայի քառորդ եզրափակիչի Մադրիդի «Ռեալի» դեմ առաջին խաղում։Հայաստանի հավաքականի նախկին ավագ Հենրիխ Մխիթարյանը 21-րդ դարի թոփ-15 լիգաների ֆուտբոլիստների մեջ մեկ մրցաշրջանում գոլային փոխանցումների ռեկորդակիր է։ Նա Դորտմունդի «Բորուսիայի» կազմում 2015-2016 մրցաշրջանում կատարել է 32 գոլային փոխանցում։Հետևեք NEWS.am SPORT-ին Facebook-ում, Twitter և Telegram-ում",Sport,https://sport.news.am/arm/news/165830/
ՉԼ. Շաբաթվա խորհրդանշական հավաքականը,"Չեմպիոնների լիգայի քառորդ եզրափակիչի պատասխան հանդիպումների արդյունքում՝ ՈՒԵՖԱ-ն ներկայացրել է շաբաթվա խորհրդանշական հավաքականը։Դարպասապահ․ Խուան Մուսո («Աթլետիկո Մադրիդ»)։Պաշտպաններ․ Մարկինյոս (ՊՍԺ), Դեոտշանկյուլ Յուպամեկանո («Բավարիա»), Էդուարդու Կուարեժմա («Սպորտինգ»):Կիսապաշտպաններ․ Յոզուա Կիմիխ («Բավարիա»), Մարտին Սուբիմենդի («Արսենալ»), Մարկոս Լյորենտե («Աթլետիկո Մադրիդ»), Արդա Գյուլեր («Ռեալ Մադրիդ»):Հարձակվողներ. Մայքլ Օլիսե («Բավարիա»), Ուսման Դեմբելե (ՊՍԺ), Ֆերան Տորես («Բարսելոնա»):Հետևեք NEWS.am SPORT-ին Facebook-ում, Twitter և Telegram-ում",Sport,https://sport.news.am/arm/news/165831/
«Բարսելոնան» կերկարաձգի Ֆլիկի պայմանագիրը,"Իսպանիայի չեմպիոն «Բարսելոնայի» ղեկավարությունը  կերկարաձգի թիմի գլխավոր մարզիչ Հանս-Դիտեր Ֆլիկի հետ պայմանագիրը մինչեւ 2028 թվականը: Գերմանացի մասնագետն, ըստ նոր պայմանագրի, հնարավորություն կունենա եւս մեկ տարով երկարաձգել համագործակցությունը կատալոնական ակումբի հետ: Այս մասին հայտնում է Mundo Deportivo-ն։Նշվում է, որ կողմերի միջեւ արդեն կա բանավոր համաձայնություն։ 61-ամյա մասնագետի գործող պայմանագիրը նախատեսված է մինչեւ 2027 թ. ամառ։Ֆլիկը «Բարսելոնան» գլխավորում է 2024-ի մայիսից։Իսպանիայի առաջնությունում 31-րդ տուրից հետո «Բարսելոնան» 79 միավորով գլխավորում է մրցաշարային աղյուսակը եւ 9 միավոր գերազանցում է երկրորդ տեղում գտնվող Մադրիդի «Ռեալին»։Հետևեք NEWS.am SPORT-ին Facebook-ում, Twitter և Telegram-ում",Sport,https://sport.news.am/arm/news/165832/
Մուսաեւ. Սպերցյանի հետ ամեն ինչ լավ է,"Ռուսաստանի չեմպիոն «Կրասնոդարի» գլխավոր մարզիչ Մուրադ Մուսաեւը պարզաբանել է Հայաստանի հավաքականի ու «Կրասնոդարի» ավագ Էդուարդ Սպերցյանի առողջական վիճակը վնասվածքից հետո:Ռուսական Պրեմիեր լիգայի 24–րդ տուրի արտագնա խաղում Սանկտ Պետերբուրգի «Զենիթի» դեմ խաղում (1:1) Հայաստանի հավաքականի ավագը վնասվածք էր ստացել բրազիլացի հարձակվող Պեդրոյի հետ բախման արդյուքնում, որից հետո բրազիլացին հեռացվել էր 79-րդ րոպեին: Սպերցյանն անցկացրել է ամբողջ հանդիպումը։«Սպերցյանի հետ ամեն ինչ լավ է։ Նա միայն ուժեղ հարված է ստացել։ Ոտքին կային քերծվածքներ։ Նախկին վնասվածքն էլ նրան չի անհանգստացնում», - Մուսաեւի խոսքը փոխանցում է Championat-ը։Ռուսաստանի Պրեմիեր լիգայի 25-րդ տուրում «Կրասնոդարն» ապրիլի 19-ին կընդունի Կալինինգրադի «Բալթիկային»։Հետևեք NEWS.am SPORT-ին Facebook-ում, Twitter և Telegram-ում",Sport,https://sport.news.am/arm/news/165833/
Սուպերհամակարգիչը կանխատեսել է Եվրոպայի լիգայի հաղթողին,"Opta վիճակագրական հարթակի սուպերհամակարգիչը ֆուտբոլի Եվրոպայի լիգայի քառորդ եզրափակիչից հետո կանխատեսել է հաղթողին՝ առավելությունը տալով անգլիական «Աստոն Վիլային»։ Իսպանացի Ունաի Էմերիի հաղթանակի հավանականությունը գնահատվում է 42,7 տոկոս։ Երկրորդ տեղում «Ֆրայբուրգն» է, երրորդ տեղում՝ «Բրագան»:«Աստոն Վիլա» (Անգլիա)` 42,7 տոկոս հավանականություն«Ֆրայբուրգ» (Գերմանիա)` 20 տոկոս«Բրագա» (Պորտուգալիա)` 18,8 տոկոս «Նոթինգեմ Ֆորեսթ» (Անգլիա)` 18,5 տոկոս  Կիսաեզրափակիչում «Աստոն Վիլան» կմրցի «Նոթինգեմ Ֆորեսթի» հետ, «Բրագան»՝ «Ֆրայբուրգի» հետ:Առաջին հանդիպումները տեղի կունենան ապրիլի 30-ին, պատասխան հանդիպումները՝ մայիսի 7-ին: Հետևեք NEWS.am SPORT-ին Facebook-ում, Twitter և Telegram-ում",Sport,https://sport.news.am/arm/news/165834/
Կոնֆերենցիաների լիգա. Սուպերհամակարգիչը կանխատեսել է հաղթողին,"Opta վիճակագրական հարթակի սուպերհամակարգիչը Կոնֆերենցիաների լիգայի քառորդ եզրափակիչից հետո կանխատեսել է հաղթողին՝ առավելությունը տալով անգլիական «Քրիսթալ Փելասին»:«Քրիսթալ Փելաս» (Անգլիա)՝ 45,6 տոկոս հավանականություն «Ստրասբուրգ» (Ֆրանսիա)՝ 31,7 տոկոս  «Ռայո Վալիեկանո» (Իսպանիա)՝ 14,3 տոկոս «Շախտյոր» (Ուկրաինա)՝ 8,4 տոկոսԿիսաեզրափակիչում «Քրիսթալ Փելասը» կմրցի «Շախտյորի» հետ, «Ստրասբուրգը»՝ «Ռայո Վալիեկանոյի» հետ:Առաջին հանդիպումները տեղի կունենան ապրիլի 30-ին, պատասխան հանդիպումները՝ մայիսի 7-ին:Հետևեք NEWS.am SPORT-ին Facebook-ում, Twitter և Telegram-ում",Sport,https://sport.news.am/arm/news/165835/
Պատանի շախմատիստ Սերգեյ Սկլոկին-Բագիյանին շնորհվել է միջազգային վարպետի կոչում,"Շախմատի միջազգային ֆեդերացիան (ՖԻԴԵ) պատանի շախմատիստ Սերգեյ Սկլոկին-Բագիյանին շնորհել է միջազգային վարպետի (IM) կոչում:Հայաստանի շախմատի ֆեդերացիան շնորհավորում է այս շախմատիստներին և մաղթում նոր ձեռքբերումներ:«Սերգեյ Սկլոկին-Բագիյանն այս տարվա մարտի 21-ից փոխել է իր դրոշը ՖԻԴԵ-ից հայկականի և այսուհետ ներկայացնում է Հայաստանի շախմատի ֆեդերացիան»,- նշվում է ՀՇՖ-ի հաղորդագրությունում: Հետևեք NEWS.am SPORT-ին Facebook-ում, Twitter և Telegram-ում",Sport,https://sport.news.am/arm/news/165836/
Արման Ծառուկյանին իջեցրել են Ֆիլադելֆիա մեկնող ինքնաթիռից (տեսանյութ),"Խառը մենամարտերի թեթեւ քաշային կարգում UFC դասակարգման երկրորդ համար Արման Ծառուկյանը (Հայաստան) չի կարողացել սովորական ինքնաթիռով մեկնել Ֆիլադելֆիա:ԱՄՆ-ում հայ մարտիկին իջեցրել են ինքնաթիռից բջջային հեռախոս օգտագործելու պատճառով։Արման Ծառուկյանն ուղեւորվում էր Ֆիլադելֆիա, որտեղ ապրիլի 18-ին հերթական գոտեմարտն է անցկացնելու RAF մրցաշարում:  Որոշ ժամանակ անց Ծառուկյանը սոցցանցերում տեսանյութ է հրապարակել՝ ցուցադրելով, թե ինչպես է մասնավոր ինքնաթիռով մեկնում մրցավայր:Հիշեցնենք, որ Ֆիլադելֆիայում անցկացվելիք մրցաշարում Արման Ծառուկյանը ազատ ոճի ըմբշամարտի կանոններով գոտեմարտ կանցկացնի թեթեւ քաշային կարգում UFC տիտղոսի նախկին հավակնորդ, 46-ամյա ամերիկացի Յուրայ Ֆայբերի հետ RAF 08 մրցաշարում: Յուրայ Ֆայբերը MMA-ում հանդես է եկել 2003-2019-ին՝ տանելով 35 հաղթանակ, կրելով 11 պարտություն։29-ամյա Ծառուկյանը MMA-ում ունի 23 հաղթանակ, 3 պարտություն։Հետևեք NEWS.am SPORT-ին Facebook-ում, Twitter և Telegram-ում",Sport,https://sport.news.am/arm/news/165837/
UWW-ին կոչ է արել աջակցել Մալխաս Ամոյանին եւ Արսեն Հարությունյանին ԵԱ-ում,"Ըմբշամարտի միջազգային ֆեդերացիան (UWW) կոչ է արել աջակցել Եվրոպայի քառակի չեմպիոններ Մալխաս Ամոյանին եւ Արսեն Հարությունյանին Եվրոպայի առաջնությունում: Ապրիլի 20-26-ն Ալբանիայի մայրաքաղաք Տիրանայում անցկացվելիք Եվրոպայի առաջնությունում Հայաստանի հավաքականների առաջատարները տիտղոսի գլխավոր ֆավորիտներից են, որոնք պայքարելու են 5-րդ ոսկե մեդալների համար:UWW-ն սոցցանցերում հայ ըմբիշներին նվիրված հրապարակում է արել:«Թողեք հայկական դրոշը մեկնաբանություններում՝ ձեր աջակցությունը հայտնելով Մալխաս Ամոյանին եւ Հայաստանի հավաքականի մյուս անդամներին Եվրոպայի առաջնությունում (ապրիլի 20-26)»,- Ամոյանին նվիրված հրապարակմանը կից գրել է UWW-ն:Միջազգային ֆեդերացիան առանձին անդրադարձ է արել նաեւ Արսեն Հարությունյանին՝ վերհիշելով հայ ըմբիշի բոլոր մեդալները Եվրոպայի առաջնությունում:«Արսեն Հարությունյանը Եվրոպայի քառակի չեմպիոն է եւ վեցակի մեդալակիր։Նա կմասնակցի Եվրոպայի առաջնությանը ապրիլի 25-26-ին»,- գրել է UWW-ն: Հունահռոմեական ոճի ըմբիշ, Փարիզի Օլիմպիական խաղերի բրոնզե մեդալակիր, աշխարհի կրկնակի չեմպիոն Մալխաս Ամոյանը (77կգ) Եվրոպայի առաջնություններում տիտղոսը նվաճել է 2022, 2023, 2024 եւ 2025 թվականներին:Ազատ ոճի ըմբիշ, աշխարհի առաջնությունների քառակի բրոնզե մեդալակիր Արսեն Հարությունյանը Եվրոպայի չեմպիոն է դարձել 2019, 2022, 2023, 2024 թվականներին:Հետևեք NEWS.am SPORT-ին Facebook-ում, Twitter և Telegram-ում",Sport,https://sport.news.am/arm/news/165838/
ՈՒԵՖԱ. «Բավարիան» շրջանցեց «Ռեալին» եւ առաջատարն է,"Գերմանիայի չեմպիոն Մյունխենի «Բավարիան» շրջանցել է Իսպանիայի փոխչեմպիոն Մադրիդի «Ռեալին» ՈՒԵՖԱ–ի ակումբային դասակարգման աղյուսակում։Չեմպիոնների լիգայի քառորդ եզրափակիչի երկու հանդիպումներում էլ «Բավարիան» հաղթել էր «Ռեալին» (2:1, 4:3)։ՈՒԵՖԱ ակումբային դասակարգման լավագույն տասնյակը 5 մրցաշրջանի արդյունքումՀետևեք NEWS.am SPORT-ին Facebook-ում, Twitter և Telegram-ում",Sport,https://sport.news.am/arm/news/165839/
АТР-500. Ալեքսանդր Զվերեւը դուրս եկավ կիսաեզրափակիչ,"Աշխարհի երրորդ ռակետ Ալեքսանդր Զվերեւը դուրս եկավ Մյունխենում (Գերմանիա) անցկացվող  АТР-500 մրցաշարի կիսաեզրափակիչ։ Գերմանիայի ներկայացուցիչը 5:7, 6:0, 6:2 հաշվով պարտության մատնեց աշխարհի 19-րդ ռակետ, արգենտինացի Ֆրանսիսկո Սերունդոլոյին։ Մրցախաղը տեւեց 2 ժամ եւ 15 րոպե։Կիսաեզրափակիչում Ալեքսանդր Զվերեւի մրցակիցը կլինի աշխարհի 16-րդ ռակետ, իտալացի Ֆլավիո Կոբոլին, որը 6։3, 6։2 հաշվով հաղթել էր աշխարհի 77-րդ ռակետ, չեխ Վիտ Կոպրիվային։Մյունխենի մրցաշարի մրցանակային հիմնադրամը 2,5 միլիոն եվրո է։Հետևեք NEWS.am SPORT-ին Facebook-ում, Twitter և Telegram-ում",Sport,https://sport.news.am/arm/news/165840/
Կայսեդոն 7 տարով երկարաձգեց պայմանագիրը «Չելսիի» հետ,"Կիսապաշտպան Մոյսես Կայսեդոն երկարաձգեց համագործակցությունն աշխարհի ակումբային չեմպիոն Լոնդոնի «Չելսիի» հետ։24-ամյա էկվադորցի ֆուտբոլիստի նոր պայմանագիրը նախատեսված է մինչեւ 2033թ. հունիս։Մոյսես Կայսեդոն 2023 թվականին է «Բրայթոնից» տեղափոխվել «Չելսի»։Transfermarkt-ը նրա տրանսֆերային արժեքը գնահատում է 110 միլիոն եվրո։Հետևեք NEWS.am SPORT-ին Facebook-ում, Twitter և Telegram-ում",Sport,https://sport.news.am/arm/news/165841/
Ռենարը հեռացվել է Սաուդյան Արաբիայի հավաքականի գլխավոր մարզիչի պաշտոնից,"Ֆրանսիացի Էրվե Ռենարը հեռացվել է ֆուտբոլի Սաուդյան Արաբիայի հավաքականի գլխավոր մարզիչի պաշտոնից, հաղորդում է RMC Sport-ը։Նախորդ ընկերական հանդիպումներում Սաուդյան Արաբիայի թիմը պարտվել էր Սերբիային (1:2), Եգիպտոսին (0:4) եւ Ալժիրին (0:2)։Էրվե Ռենարը երկրորդ անգամ Սաուդյան Արաբիայի հավաքականը գլխավորել էր 2004թ. հոկտեմբերին։ Նա այս թիմը ղեկավարել էր նաեւ 2019-2023 թվականներին։Էրվե Ռենարը մարզչական կարիերայի ընթացքում գլխավորել է նաեւ Գանայի, Զամբիայի, Անգոլայի, Կոտ դ'Իվուարի եւ Մարոկկոյի հավաքականները։ Զամբիայի թիմը նրա ղեկավարությամբ Աֆրիկյան ազգերի գավաթը նվաճել է 2012-ին, Կոտ դ'Իվուարի թիմի հետ՝ 2015-ին։Հունիս-հուլիսին ԱՄՆ-ում, Կանադայում եւ Մեքսիկայում անցկացվելիք աշխարհի առաջնության խմբային փուլում Սաուդյան Արաբիայի մրցակիցները կլինեն Իսպանիան, Կաբո Վերդեն եւ Ուրուգվայը։Հետևեք NEWS.am SPORT-ին Facebook-ում, Twitter և Telegram-ում",Sport,https://sport.news.am/arm/news/165842/
Արսեն Զախարյանը հիվանդության պատճառով բաց կթողնի Իսպանիայի գավաթի եզրափակիչը,"«Ռեալ Սոսիեդադի» կիսապաշտպան Արսեն Զախարյանը չի մասնակցի Իսպանիայի գավաթի խաղարկության եզրափակիչին սուր գաստրոէնտերիտի պատճառով, հաղորդում է Mundo Deportivo-ն։Ռուսաստանի հավաքականի ֆուտբոլիստը չի ընդգրկվել իսպանական թիմի հայտացուցակում։Ընթացիկ մրցաշրջանում Արսեն Զախարյանը մասնակցել է 20 հանդիպման, խփել է 1 գոլ։«Աթլետիկո Մադրիդ» - «Ռեալ Սոսիեդադ» եզրափակիչը տեղի կունենա ապրիլի 18-ին Սեւիլիայում եւ կմեկնարկի Երեւանի ժամանակով 23։00-ին։Հետևեք NEWS.am SPORT-ին Facebook-ում, Twitter և Telegram-ում",Sport,https://sport.news.am/arm/news/165843/
«Ինտերի» մեկնարկային կազմը,"Իտալիայի առաջնության 33-րդ տուրում փոխչեմպիոն «Ինտերը» Միլանում կընդունի «Կալյարիին»։ «Ինտերի» ռումինացի գլխավոր մարզիչ Կրիստիան Կիվուն հրապարակել է մեկնարկային կազմը։«Ինտեր»․ Մարտինես, Ականջի, Դե Վրեյ, Աուգուստո, Դյումֆրիս, Բարելա, Դիմարկո, Չալհանօղլու, Մխիթարյան, Էսպոզիտո, Տյուրամ։«Ինտեր» - «Կալյարի» հանդիպումը կմեկնարկի Երեւանի ժամանակով 22:45-ին։I nostri in campo Cagliari Forza ragazzi @play_eFootball pic.twitter.com/BaYTl7EEpm

Հետևեք NEWS.am SPORT-ին Facebook-ում, Twitter և Telegram-ում",Sport,https://sport.news.am/arm/news/165844/
«Յուվենտուսը» երկարաձգեց պայմանագիրը Լոկատելիի հետ,"«Յուվենտուսը» երկարաձգեց պայմանագիրը թիմի ավագ, իտալացի կիսապաշտպան Մանուել Լոկատելիի հետ մինչեւ 2030թ․ հունիս, հաղորդում է թուրինյան ակումբի պաշտոնական կայքը։Մանուել Լոկատելին «Յուվենտուսի» կազմում մասնակցել է 224 հանդիպման, խփել է 9 գոլ, կատարել 17 գոլային փոխանցում։Transfermarkt-ը 28-ամյա ֆուտբոլիստի տրանսֆերային արժեքը գնահատում է 25 միլիոն եվրո։Հետևեք NEWS.am SPORT-ին Facebook-ում, Twitter և Telegram-ում",Sport,https://sport.news.am/arm/news/165845/
«Ինտերը» պարտության մատնեց «Կալյարիին» (տեսանյութ),"Իտալիայի Ա Սերիայի առաջնության 33-րդ տուրում փոխչեմպիոն «Ինտերը» Միլանում ընդունեց «Կալյարիին» եւ հաղթեց 3:0 հաշվով։Ռումինացի Կրիստիան Կիվուի գլխավորած թիմից 52-րդ րոպեին հանդիպման հաշիվը բացեց ֆրանսիացի հարձակվող Մարկուս Տյուրամը։ 4 րոպե անց աչքի ընկավ իտալացի կիսապաշտպան Նիկոլո Բարելան։ Ավելացված երկրորդ րոպեին դաշտի տերերի երրորդ գոլը խփեց լեհ կիսապաշտպան Պյոտր Զելինսկին։Հայաստանի հավաքականի նախկին ավագ, կիսապաշտպան Հենրիխ Մխիթարյանն «Ինտերի» մեկնարկային կազմում էր եւ փոխարինվեց 76-րդ րոպեին։«Ինտերը» 78 միավորո գլխավորում է մրցաշարային աղյուսակը, «Կալյարին» 16-րդն է՝ 33 միավոր։Իտալիայի առաջնություն, 33-րդ տուր«Ինտեր» - «Կալյարի»՝ 3:0 (տեսանյութ)Մարկուս Տյուրամ, 52, Նիկոլո Բարելա, 56, Պյոտր Զելինսկի, 90+2Հետևեք NEWS.am SPORT-ին Facebook-ում, Twitter և Telegram-ում",Sport,https://sport.news.am/arm/news/165846/
Օրվա հանդիպումների անոնս,"Ֆուտբոլի Հայաստանի, Անգլիայի, Իտալիայի, Գերմանիայի եւ Ֆրանսիայի առաջնություններում ապրիլի 18-ին տեղի կունենան հերթական տուրերի հանդիպումները։Իսպանիայի գավաթի խաղարկությունում կանցկացվի եզրափակիչը Մադրիդի «Աթլետիկոյի» եւ «Ռեալ Սոսիեդադի» մասնակցությամբ։Հայաստանի առաջնություն, 22-րդ տուր«Արարատ» - «Փյունիկ»՝ 18:00Անգլիայի առաջնություն, 33-րդ տուր«Բրենթֆորդ» - «Ֆուլհեմ»՝ 15:30 (Երեւանի ժամանակ)«Լիդս Յունայթեդ» - «Վուլվերհեմփթոն»՝ 18:00«Նյուքասլ Յունայթեդ» - «Բորնմուտ»՝  18:00«Տոտենհեմ» - «Բրայթոն»՝ 20:30«Չելսի» - «Մանչեսթեր Յունայթեդ»՝ 23:00Իտալիայի առաջնություն, 33-րդ տուր «Ուդինեզե» - «Պարմա»՝ 17:00«Նապոլի» - «Լացիո»՝ 20:00«Ռոմա» - «Ատալանտա»՝ 22:45Գերմանիայի առաջնություն, 30-րդ տուր«Բայեր» - «Աուգսբուրգ»՝ 17:30«Հոֆենհայմ» - «Բորուսիա Դորտմունդ»՝ 17:30«Ունիոն Բեռլին» - «Վոլֆսբուրգ»՝ 17:30«Վերդեր» - «Համբուրգ»՝ 17:30«Այնտրախտ» - «ՌԲ Լայպցիգ»՝ 20:30Ֆրանսիայի առաջնություն, 30-րդ տուր«Լորիան» - «Մարսել»՝ 19:00«Անժե» - «Հավր»՝ 21:00«Լիլ» - «Նիցա»՝ 23:05Իսպանիայի գավաթ, եզրափակիչ«Աթլետիկո Մադրիդ» - «Ռեալ Սոսիեդադ»՝ 23:00Հետևեք NEWS.am SPORT-ին Facebook-ում, Twitter և Telegram-ում",Sport,https://sport.news.am/arm/news/165847/
Երջանկահիշատակ Աղասի Աղասյանը հետմահու արժանացավ ԵԱ-ի մեդալների,"Ծանրամարտի Հայաստանի հավաքականի նախկին անդամ, երջանկահիշատակ Աղասի Աղասյանը հետմահու արժանացավ 2014 թվականին Իսրայելի Թել Ավիվ քաղաքում անցկացված Եվրոպայի առաջնության հրում վարժության ու երկամարտի բրոնզե մեդալներին, հաղորդում է ՀԾՖ-ի մամուլի ծառայությունը:2019 թվականին EWF-ի (Ծանրամարտի եվրոպական ֆեդերացիա) կողմից որակազրկման պատճառով Աղասի Աղասյանի հետ նույն` 85 կգ քաշային կարգում հանդես եկած մարզիկները զրկվել էին մեդալներից:Մեդալի հանձնման արարողությունը տեղի է ունեցել Վրաստանի Բաթումի քաղաքում կայացած Ծանրամարտի եվրոպական ֆեդերացիայի կոնգրեսի ժամանակ: Աղասյանի մեդալը ստացավ Հայաստանի ծանրամարտի ֆեդերացիայի գլխավոր քարտուղար Սամվել Գասպարյանը: Հայաստանի ծանրամարտի ֆեդերացիան այն առաջիկա օրերին կփոխանցի Աղասյան ընտանիքին:Հետևեք NEWS.am SPORT-ին Facebook-ում, Twitter և Telegram-ում",Sport,https://sport.news.am/arm/news/165848/
"«Ինտերի» հայերեն հրապարակումը․ Միշտ այնտեղ, Մխիթարյան (տեսանյութ)","Իտալիայի փոխչեմպիոն եւ Ա Սերիայի ընթացիկ առաջատար Միլանի «Ինտերը» Հայաստանի հավաքականի նախկին ավագ, 37-ամյա կիսապաշտպան Հենրիխ Մխիթարյանին նվիրված հրապարակում է արել սոցիալական ցանցերում։«Միշտ այնտեղ, Մխիթարյան։ Հետևեք մեզ՝ Հայաստանի հետ կապված ավելի շատ բովանդակության համար»,- նշվում է տեսանյութին կից գրառման մեջ։Հետևեք NEWS.am SPORT-ին Facebook-ում, Twitter և Telegram-ում",Sport,https://sport.news.am/arm/news/165849/
NBA. Փլեյ-օֆֆի բոլոր զույգերը,"Բասկետբոլի ազգային ասոցիացիայի առաջնությունում ավարտվել են փլեյ-ինի հանդիպումները եւ հայտնի են փլեյ-օֆֆի առաջին շրջանի բոլոր զույգերը։Փլեյ-ինի վերջին երկու հանդիպումներում «Օռլանդո Մեջիքը» 121:90 հաշվով հաղթեց «Շառլոթ Հորնեթսին», «Ֆինիքս Սանզը» պայքարից դուրս թողեց «Գոլդեն Սթեյթ Ուորիորզին» (111:96)։Արեւմտյան կոնֆերենցիայի հաղթող «Օկլահոմա Սիթի Թանդերը» կմրցի «Ֆինիքս Սանզի», «Սան Անտոնիո Սփյորսը»՝ «Պորտլենդ Թրեյլ Բլեյզերսի», «Դենվեր Նագեթսը»՝ «Մինեսոտա Թիմբերվուլվզի», «Լոս Անջելես Լեյքերսը»՝ «Հյուսթոն Ռոքեթսի» հետ։Արեւելյան կոնֆեներցիայի հաղթող «Դետրոյթ Փիսթոնսը» կմրցի «Օռլանդո Մեջիքի», «Բոստոն Սելթիքսը»՝ «Ֆիլադելֆիա Սիքսերսի», «Նյու Յորք Նիքսը»՝ «Ատլանտա Հոուքսի», «Քլիվլենդ Քավալիերսը»՝ «Տորոնտո Ռեփթորսի» հետ։Փլեյ-օֆֆը կմեկնարկի ապրիլի 19-ին։Հետևեք NEWS.am SPORT-ին Facebook-ում, Twitter և Telegram-ում",Sport,https://sport.news.am/arm/news/165850/
"Աղասի Ինանց. Բացառվում է, որ Սմբատ Լպուտյանն անմիջական մասնակցություն ունենա 
որեւէ կոռուպցիոն սխեմայի մեջ","Սմբատ Լպուտյանի ձերբակալությունը Հայաստանի շախմատի ֆեդերացիայի, շախմատի ակադեմիայի հետ որեւէ առնչություն չունի: Իմ եւ շախմատային աշխարհի խորին համոզմամբ, բացառվում է, որ Սմբատ Լպուտյանն անմիջական մասնակցություն ունենա որեւէ կոռուպցիոն սխեմայի մեջ:Այս մասին  NEWS.am Sport-ի թղթակցի հետ զրույցում ասաց Հայաստանի շախմատի ֆեդերացիայի խորհրդի անդամ Աղասի Ինանցը:Այսօր ձերբակալվել է Հայաստանի շախմատի ֆեդերացիայի փոխնախագահ, Հայաստանի շախմատի ակադեմիայի հիմնադիր-տնօրեն Սմբատ Լպուտյանը։ ՀՇՖ խորհրդի անդամ Աղասի Ինանցը հաստատեց տեղեկությունը, որ այս պահին Սմբատ Լպուտյանը գտնվում է Հակակոռուպցիոն կոմիտեում:«Սմբատ Լպուտյանին ձերբակալել են առավոտյան ժամը 8-ին: Ոստիկանները ներկայացել են տուն ձերբակալման հրամանով: Ուրիշ ոչինչ չեն ասել:Այս պահին Լպուտյանը գտնվում է Հակակոռուպցիոն կոմիտեում, հարցաքննության փուլում է:Մեր ունեցած տվյալներով, գործը վերաբերում է Մանկավարժական համալսարանում գործող շախմատի գիտահետազոտական ինստիտուտի աշխատակիցներից մեկին: Այսինքն՝ Հայաստանի շախմատի ֆեդերացիան, շախմատի ակադեմիան որեւէ առնչություն չունեն տվյալ գործի հետ:Շախմատային աշխարհի խորին համոզմամբ, բացառվում է, որ Սմբատ Լպուտյանն անմիջական մասնակցություն ունենա որեւէ կոռուպցիոն սխեմայի մեջ: Ես ինքս էլ, որպես ֆեդերացիայի խորհրդի անդամ, 25 տարի Սմբատ Լպուտյանին ճանաչելով՝ բացառում եմ նրա մասնակցությունը որեւէ կոռուպցիայի մեջ: Հասկանալի է, որ որեւէ մեկս անսխալական չէ, չեմ բացառում, որ գուցե ինչ-որ փաստաթղթի տակ լինի ստորագրություն, ինչն անզգուշության հետեւանք է:Ճանաչելով իրեն թե՛ ես, թե՛ շախմատային հանրությունն ուղղակի բացառում ենք միտումնավոր միջամտություն որեւէ կոռուպցիոն սխեմայի մեջ:Մենք սովոր ենք եւ գիտենք, որ Սմբատ Լպուտյան անունը հայկական եւ համաշխարհային սպորտում մշտապես ներկայացվել եւ ներկայացվում է, որպես հայկական շախմատի խորհրդանիշներից մեկը: Այսօր, որ հայկական շախմատն ունի այսքան ճանաչելիություն կրթական, գիտական ոլորտում, դրանում անգնահատելի է  նրա դերը»,- ասաց Աղասի Ինանցը:Լուսինե ՇահբազյանՀետևեք NEWS.am SPORT-ին Facebook-ում, Twitter և Telegram-ում",Sport,https://sport.news.am/arm/news/165851/
RAF 08. Արման Ծառուկյանի եւ Յուրայ Ֆայբերի «հայացքների մենամարտը» (տեսանյութ)," Arman Tsarukyan and Urijah Faber started teasing each other at the face-offs:Faber: ""MMA saved him."" Arman: ""Brother, the press conference is over. You don't talk for this, let's just take pictures."" @ArmanUfc Telegram pic.twitter.com/XT6lRmxznmԽառը մենամարտերի թեթեւ քաշային կարգում UFC դասակարգման երկրորդ համար Արման Ծառուկյանը (Հայաստան) եւ թեթեւ քաշային կարգում UFC տիտղոսի նախկին հավակնորդ, 46-ամյա ամերիկացի Յուրայ Ֆայբեր «հայացքների մենամարտ» են ունեցել Ֆիլադելֆիայում, RAF 08 մրցաշարից առաջ։Արման Ծառուկյանը ազատ ոճի ըմբշամարտի կանոններով գոտեմարտ կանցկացնի Յուրայ Ֆայբերի հետ ապրիլի 19-ին RAF 08 մրցաշարում: Յուրայ Ֆայբերը MMA-ում հանդես է եկել 2003-2019-ին՝ տանելով 35 հաղթանակ, կրելով 11 պարտություն։29-ամյա Ծառուկյանը MMA-ում ունի 23 հաղթանակ, 3 պարտություն։Հետևեք NEWS.am SPORT-ին Facebook-ում, Twitter և Telegram-ում",Sport,https://sport.news.am/arm/news/165852/
АТР-500. Զվերեւի անսպասելի պարտությունը կիսաեզրափակիչում,"Աշխարհի երրորդ ռակետ, 2020թ. օլիմպիական չեմպիոն Ալեքսանդր Զվերեւն անսպասելի պարտություն կրեց Մյունխենի АТР-500 մրցաշարի կիսաեզրափակիչում։Գերմանիայի ներկայացուցիչը մրցեց աշխարհի 16-րդ ռակետ, իտալացի Ֆլավիո Կոբոլիի հետ, որն առավելության հասավ 6։3, 6։3 հաշվով։ Մրցախաղը տեւեց 1 ժամ եւ 10 րոպե։Եզրափակիչում Կոբոլիի մրցակիցը կլինի աշխարհի 6-րդ ռակետ, ամերիկացի Բեն Շելթոնի եւ աշխարհի 166-րդ ռակետ, սլովակ Ալեքս Մոլչանի դիմակայության հաղթողը։Զվերեւն անցած տարի նվաճել էր այս մրցաշարի հաղթողի կոչումը։Հետևեք NEWS.am SPORT-ին Facebook-ում, Twitter և Telegram-ում",Sport,https://sport.news.am/arm/news/165853/
«Ռեալը» դիտարկում է Մոուրինյոյի թեկնածությունը,"Իսպանիայի փոխչեմպիոն Մադրիդի «Ռեալի» ղեկավարությունը փոխարինող է փնտրում իսպանացի Ալվարո Արբելոային գլխավոր մարզիչի պաշտոնում։Արքայական ակումբում դիտարկում են նաեւ թիմի նախկին գլխավոր մարզիչ, այժմ պորտուգալական «Բենֆիկան» գլխավորող պորտուգալացի Ժոզե Մոուրինյոյի թեկնածությունը, հաղորդում է պորտուգալական Record–ը։«Ռեալը» ամռանը կհեռացնի Արբելոային, եթե նա չկարողանա թիմի հետ նվաճել Լա Լիգայի տիտղոսը։Մոուրինյոն «Ռեալը» գլխավորել է 2010–2013 թվականներին՝ նվաճելով Իսպանիայի չեմպիոնի, գավաթակրի եւ սուպերգավաթակրի տիտղոսները։Լա Լիգայի ընթացիկ մրցաշրջանում «Ռեալը» 31 տուրից հետո 70 միավորով երկրորդն է եւ առաջատար «Բարսելոնայից» հետ է 9 միավոր։ Չեմպիոնների լիգայի քառորդ եզրափակիչում «Ռեալը» երկու պարտություն (1։2, 3։4) կրեց Գերմանիայի չեմպիոն Մյունխենի «Բավարիայից»։Հետևեք NEWS.am SPORT-ին Facebook-ում, Twitter և Telegram-ում",Sport,https://sport.news.am/arm/news/165854/
«Բորուսիան» պարտվեց եւ արդեն 12 միավոր հետ է առաջատար «Բավարիայից» (տեսանյութ),"Գերմանիայի առաջնության 30-րդ տուրում Դորտմունդի «Բորուսիան» հյուրընկալվեց «Հոֆենհայմին» եւ պարտվեց 1։2 հաշվով։42-րդ րոպեին հանդիպման հաշիվը 11-մետրանոցից բացեց խորվաթ կիսապաշտպան Անդրեյ Կրամարիչը։ 87-րդ րոպեին պատասխան գոլը խփեց գվինեացի հարձակվող Սերու Գիրասին։ Ավելացված 8–րդ րոպեին 11–մետրանոցն դարձյալ արդյունավետ իրացրեց Կրամարիչը։«Բորուսիան» 64 միավորով երկրորդն է եւ արդեն 12 միավոր հետ է առաջատար «Բավարիայից», որը մեկ հանդիպում քիչ է անցկացրել։ «Հոֆենհայմը» 5-րդն է՝ 54 միավոր։Գերմանիայի առաջնություն, 30-րդ տուր«Հոֆենհայմ» - «Բորուսիա Դորտմունդ» 2։1 (տեսանյութ)Անդրեյ Կրամարիչ, 42, 11մ, 90+8, 11մ, - Սերու Գիրասի, 87Հետևեք NEWS.am SPORT-ին Facebook-ում, Twitter և Telegram-ում",Sport,https://sport.news.am/arm/news/165855/
«Արարատը» պարտության մատնեց «Փյունիկին» (տեսանյութ),"Ֆուտբոլի Հայաստանի Պրեմիեր լիգայի առաջնության 22–րդ տուրում «Արարատն» ընդունեց «Փյունիկին» եւ հաղթեց 1։0 հաշվով։Ավելացված չորրորդ րոպեին աչքի ընկավ Մալին ներկայացնող հարձակվող Կալիֆալա Դումբիան։«Արարատն» ընթացիկ առաջնությունում տարավ երկրորդ հաղթանակը եւ 9 միավորով վերջինն է։ «Փյունիկն» ունի 41 միավոր եւ երրորդն է։Հետևեք NEWS.am SPORT-ին Facebook-ում, Twitter և Telegram-ում",Sport,https://sport.news.am/arm/news/165856/
«Նապոլին» պարտվեց «Լացիոյին» (տեսանյութ),"Իտալիայի առաջնության 33-րդ տուրում չեմպիոն «Նապոլին» տանը մրցեց Հռոմի «Լացիոյի» հետ եւ պարտվեց 0:2 հաշվով (տեսանյութ)։6-րդ րոպեին հանդիպման հաշիվը բացեց իտալացի հարձակվող Մատեո Կանչելիերին։ 57-րդ րոպեին հյուրերի առավելությունը կրկնապատկեց խորվաթ կիսապաշտպան Թոմա Բաշիչը։«Նապոլին» 66 միավորով երկրորդն է, «Լացիոն» 9-րդն է՝ 47 միավոր։Հետևեք NEWS.am SPORT-ին Facebook-ում, Twitter և Telegram-ում",Sport,https://sport.news.am/arm/news/165857/
"Armat Fight Show. Միհրան Հարությունյանի եւ Մագոմեդռասուլ Հասանովի կշռման 
արարողությունն ու «հայացքների մենամարտը» (ֆոտո, վիդեո)","Dalma Garden Mall-ում տեղի ունեցավ խառը մենամարտերի AFS Armat Fight Show մրցաշարի գլխավոր մենամարտերի մասնակիցների կշռման արարողությունն ու «հայացքների մենամարտը»։Ռիոյի Օլիմպիական խաղերի փոխչեմպիոն, Եվրոպական խաղերի փոխչեմպիոն, հունահռոմեական ոճի ըմբշամարտի Հայաստանի հավաքականի նախկին անդամ Միհրան Հարությունյանը խառը մենամարտերում առաջին անգամ հանդես կգա Երեւանում։Ապրիլի 19-ին «Տաշիր Արենայում» անցկացվելիք խառը մենամարտերի (MMA) AFS-1 մրցաշարում Միհրան Հարությունյանի մրցակիցը կլինի MMA-ի Ռուսաստանի եւ Տաջիկստանի չեմպիոն Մուհամեդռասուլ Հասանովը։Նրանք կշռվելուց հետո անցկացրին «հայացքների մենամարտը», որն ավարտվեց ջերմ ձեռքսեղմումով։Միհրան Հարությունյանի քաշը 68,5 կգ էր, Հասանովինը՝ 71, 350 կգ։Մրցաշարը տեղի կունենա ապրիլի 19-ին երեկոյան «Տաշիր Արենայում»։Նախորդ մենամարտում Միհրան Հարությունյանը փետրվարին Լոս Անջելեսում անցկացված UpNextFighting 30 մրցաշարում,  66,5 կգ քաշային կարգում մրցավարների միաձայն որոշմամբ հաղթել էր ամերիկացի Շեյն Տորեսին։Աստղիկ ԱդամյանԼուսանկարները՝ Էմմա ԱսատրյանիՀետևեք NEWS.am SPORT-ին Facebook-ում, Twitter և Telegram-ում",Sport,https://sport.news.am/arm/news/165858/
Միհրան Հարությունյան․ Շատ երջանիկ եմ այսպիսի հնարավորության համար (տեսանյութ),"Շատ երջանիկ եմ այսպիսի հնարավորության համար՝ հայրենիքում առաջին անգամ MMA-ի մենամարտ կունենամ։ Այս մասին NEWS.am Sport-ի թղթակցի հետ զրույցում ասել է Ռիոյի Օլիմպիական խաղերի փոխչեմպիոն, Եվրոպական խաղերի փոխչեմպիոն, հունահռոմեական ոճի ըմբշամարտի Հայաստանի հավաքականի նախկին անդամ Միհրան Հարությունյանը։ Նա  AFS Armat Fight Show մրցաշարում կմրցի MMA-ի Ռուսաստանի եւ Տաջիկստանի չեմպիոն Մագոմեդռասուլ Հասանովի հետ։«Ես պատրաստ եմ ամեն ինչի։ Արել եմ հնարավոր ամեն ինչ, որպեսզի հաղթեմ առաջիկա մենամարտում։ Մրցակցիս հետ կմտնենք վանդակ եւ կկռվենք։ Ես դրան մոտենում եմ տղամարդավարի եւ ջենտլմենավարի։Հիմա ես պետք է կենտրոնանամ, որպեսզի չվառվեմ, շատ չլարվեմ, շնչեմ, որպեսզի ամեն ինչ լավ լինի։ Կարծում եմ՝ կկարողանամ դիմանալ այդ ճնշմանը։ Ես շատ երջանիկ եմ, որ ինձ այսպիսի հնարավորություն են տվել։Ես սիրում եմ համեստ լինել, բայց այստեղ բարդ է լինել համեստ, երբ զգում ես, որ լավագույնն ես։ Ինձ գովելու համար չեմ ասում։ Այստեղ լինելը մեծ պատիվ է ինձ համար եւ պատմական իրադարձություն։ Սա ներդրում կլինի Հայաստանում MMA-ի զարգացման գործում։Մրցակիցս խոշոր է։ Նրա դիմաց կանգնած ինձ փոքր էի զգում, բայց դա նշանակություն չունի։ Ամբողջ կյանքումս գոտեմարտել եմ, եւ ես ամենափոքրն էի։ Պետք է գտնեմ բանալին՝ նրան հաղթելու համար։Երկրպագուներին կոչ կանեմ չամաչել, բղավել, երկրպագել, վայելել»,- նշեց Միհրան Հարությունյանը։Խառը մենամարտերի AFS Armat Fight Show-ն տեղի կունենա ապրիլի 19-ի երեկոյան Երեւանի «Տաշիր Արենայում»։Կազմակերպիչը «Առյուծասիրտ» ակումբն է։ Պրոմոուշենի զարգացմանը նպաստում են MMA-ի հայտնի ներկայացուցիչներ Արմեն Ղուլյանն ու Էդուարդ Վարդանյանը։Հեռարձակումը կլինի Armenia TV-ի եթերում նաեւ YouTube-ում։Աստղիկ ԱդամյանՀետևեք NEWS.am SPORT-ին Facebook-ում, Twitter և Telegram-ում",Sport,https://sport.news.am/arm/news/165859/
"Armat Fight Show լիգայի նախագահ․ Շուտով Հայաստանը կդառնա խառը մենամարտերի 
կենտրոն","Շուտով Հայաստանը կդառնա խառը մենամարտերի կենտրոն, NEWS.am Sport-ի թղթակցի հետ զրույցում ասաց խառը մենամարտերի (MMA) «Առյուծասիրտ» ակադեմիայի նախագահ, Armat Fight Show լիգայի նախագահ Արմեն Ղուլյանը։«Ավելի քան 8 տարի առաջ մենք Մոսկվայում կազմակերպեցինք «Առյուծասիրտ» ակումբը, որտեղ հայ մարտիները կարող էին մարզվել այլ ազգերի մարզիկների հետո եւ ինչ-որ ընդհանրություն ստեղծել։ Այդ ամենի արդյունքում ստեղծվեց «Առյուծասիրտ» ուժեղագույն թիմը, եւ շատերը Հայաստանից գալիս էին Մոսկվա, որպեսզի մարզվեն այդ ակումբում։Իմ ընկերներ Էդուարդ Վարդանյանի եւ Սարգիս Կարապետյանի մոտ միտք ծագեց բացել ակադեմիա Հայաստանում եւ ունեցանք բազա, որտեղ տղաները կարող են պրոֆեսիոնալ զարգանալ եւ մարզվել։ Սարգիս Կարապետյանն այդ ամենի գաղափարական ներշնչողն է։Մարզիկների հետագա պրոֆեսիոնալ աճի համար պետք են մրցաշարեր։ Այդ ամենի տրամաբանական շարունակությունն էր մենամարտեր անցկացնելը, լիգա ստեղծելը։Մասնակցության 300 հայտ էինք ստացել, ընտրական փուլին մասնակցել է 150 մարտիկ։ Եզրափակիչ դուրս եկածները ապրիլի 19-ին «Տաշիր արենայում» կպայքարեն հաղթողի կոչման համար։ Հաղթողը կստանա 1 միլիոն դրամ, երկրորդ տեղը գրաված մարզիկը՝ 500 հազար դրամ։ Հայաստանում առաջին անգամ են այսպիսի հոնորարներ։Մեծ հետաքրքրություն կա մրցաշարի նկատմամբ։ Ուրախ ենք, որ այն պահանջարկված է եւ մարզական արդյունքներից բացի, կարող ենք կերտել հերոսների, մարդկանց, որոնց կձգտեն նմանվել երիտասարդները։ Այդ իմաստով Հայաստանը հետ է Մոսկվայից, Հյուսիսային Կովկասի հանրապետություններից, նաեւ Բրազիլիայից, որտեղ սպորտն ու ուժը պաշտամունք են։ Մենք պետք է ստեղծենք ճիշտ հերոսների։ Հիմա հենց դրանով էլ զբաղվում ենք։  Շուտով Հայաստանը կդառնա խառը մենամարտերի կենտրոն ոչ միայն տարածաշրջանում, այլեւ աշխարհում»,- նշեց Արմեն Ղուլյանը։Առաջիկա մրցաշարից իր սպասելիքների մասին պատմեց հայ մարտիկ Գենադի Մակարյանը, որի մրցակիցը կլինի բրազիլացի Դիեգո Դիասը։«Ես մեկ տարի առաջ մենամարտել եմ Հայաստանում, հետո դեկտեմբերին եմ ունեցել մենամարտ։ Հիմա դարձյալ Երեւանում եմ։Լավ մրցակից է, լավ մարզավիճակում է։ Ես սիրում եմ միշտ ընտրել ուժեղ եւ լավ մրցակիցների։ Նա այդպիսի մրցակիցներից մեկն է։ Ինքս գերազանց մարզավիճակում եմ։ Տա Աստված, ամեն ինչ կանենք»,- նշեց Մակարյանը։Խառը մենամարտերի AFS Armat Fight Show-ն տեղի կունենա ապրիլի 19-ի երեկոյան Երեւանի «Տաշիր Արենայում»։ Կազմակերպիչը «Առյուծասիրտ» ակումբն է։  Հեռարձակումը կլինի Armenia TV-ի եթերում նաեւ YouTube-ում։Աստղիկ ԱդամյանՀետևեք NEWS.am SPORT-ին Facebook-ում, Twitter և Telegram-ում",Sport,https://sport.news.am/arm/news/165860/
Ծանրամարտի ԵԱ․ Հայաստանի ներկայացուցիչների մրցելույթների ժամանակացույցը,"Ապրիլի 19-26-ը Վրաստանի Բաթումի քաղաքում կանցկացվի ծանրամարտի մեծահասակների Եվրոպայի առաջնությունը:Հայասստանի հավաքականները Եվրոպայի առաջնությանը կմասնակցեն 16 ծանրորդով՝ 8 տղամարդ, 8 կին:Հակոբ Փիլոսյանի գլխավորած հավաքականի կազմում Բաթումիի մրցահարթակում տղամարդկանց հավաքականից կմասնակցեն Գառնիկ Չոլակյանը (60 կգ), Գոռ Սահակյանը (71 կգ), Մարտին Պողոսյանը (79 կգ), Ռաֆիկ Հարությունյանը (88 կգ), Արա Աղանյանը (94 կգ), Սիմոն Մարտիրոսյանը եւ Գարիկ Կարապետյանը (երկուսն էլ՝ 110 կգ) եւ Վարազդատ Լալայանը (+110 կգ):Արտաշես Ներսիսյանի գլխավորած հավաքականի կազմում Բաթումիի մրցահարթակում կանանց  թիմից կմասնակցեն Տանզելա Գրիգորյանը եւ Իզաբելլա Յայլյան (53 կգ), Ալեքսանդրա Գրիգորյանը (58 կգ), Աննա Ամրոյանը եւ Ալինա Սուքիասյանը (77 կգ), Էմմա Պողոսյանը եւ Լիանա Գյուրջյանը (86 կգ) եւ Տաթեւ Հակոբյանը (+86 կգ):Հայաստանի ներկայացուցիչները պայքարը կսկսեն ապրիլի 19-ին:  ԵԱ, Հայաստանի ծանրորդների մրցելույթների ժամանակացույցը Ապրիլի 19, 19:00 (Երեւանի ժամանակ)Իզաբելա Յայլյան, 53 կգ (երկամարտի նախնական հայտ՝ 190 կգ)Տանզելա Գրիգորյան, 53 կգ (նախնական հայտ՝ 190 կգ)Ապրիլի 20, 12:00Գառնիկ Չոլակյան, 60 կգ, (նախնական հայտ՝ 280 կգ)18:00Ալեքսանդրա Գրիգորյան, 58 կգ (նախնական հայտ՝ 215 կգ)Ապրիլի 21, 19:00Գոռ Սահակյան, 71 կգ (նախնական հայտ՝ 340 կգ)Ապրիլի 22, 19:00Մարտին Պողոսյան, 79 կգ (նախնական հայտ՝ 345 կգ,)Ապրիլի 23, 16:00Ռաֆիկ Հարությունյան, 88 կգ (նախնական հայտ՝ 370 կգ)19:00Աննա Ամրոյան, 77 կգ (նախնական հայտ՝ 245 կգ)Ալինա Սուքիասյան, 77 կգ (նախնական հայտ՝ 236 կգ)Ապրիլի 24, 16:00Արա Աղանյան, 94 կգ (նախնական հայտ՝ 380 կգ)19:00Լիանա Գյուրջյան, 86 կգ (նախնական հայտ՝ 245 կգ)Էմմա Պողոսյան, 86 կգ (նախնական հայտ՝ 245 կգ)Ապրիլի 25, 19:00Գարիկ Կարապետյան, 110 կգ (նախնական հայտ՝ 410 կգ)Սիմոն Մարտիրոսյան, 110 կգ (նախնական հայտ՝ 410 կգ)Ապրիլի 26, 13:00Տաթեւ Հակոբյան, +86 կգ (նախնական հայտ՝ 245 կգ)16:00Վարազդատ Լալայան, +110 կգ (նախնական հայտ՝ 450 կգ)NEWS.am Sport-ը Եվրոպայի առաջնությունը կլուսաբանի մրցավայրից։Հետևեք NEWS.am SPORT-ին Facebook-ում, Twitter և Telegram-ում",Sport,https://sport.news.am/arm/news/165861/
Ծառուկյան - Ֆայբեր մենամարտը՝ RAF 08-ի գլխավոր իրադարձություն,"ԱՄՆ-ի Ֆիլադելֆիա քաղաքում այս գիշեր անցկացվելիք ազատ ոճի ըմբշամարտի կանոններով RAF 08 մրցաշարի գլխավոր իրադարձությունը ամերիկացի Հենրի Սեխուդոյի եւ վրացի Մերաբ Դվալիշվիլիի մասնակցությամբ չեղարկվել է, հաղորդում է մրցաշարի մամուլի ծառայությունը։ Սեխուդոն վնասվածք է ստացել։Մրցաշարի նոր գլխավոր իրադարձությունը կլինի խառը մենամարտերի թեթեւ քաշային կարգում UFC դասակարգման երկրորդ համար Արման Ծառուկյանի (Հայաստան) եւ թեթեւ քաշային կարգում UFC տիտղոսի նախկին հավակնորդ, 46-ամյա ամերիկացի Յուրայ Ֆայբերի գոտեմարտը։Յուրայ Ֆայբերը MMA-ում հանդես է եկել 2003-2019-ին՝ տանելով 35 հաղթանակ, կրելով 11 պարտություն։29-ամյա Ծառուկյանը MMA-ում ունի 23 հաղթանակ, 3 պարտություն։Հետևեք NEWS.am SPORT-ին Facebook-ում, Twitter և Telegram-ում",Sport,https://sport.news.am/arm/news/165862/
«Ռոման» ու «Ատալանտան» հաղթողին չպարզեցին (տեսանյութ),"Իտալիայի առաջնության 33-րդ տուրում «Ռոման» հյուրընկալեց Բերգամոյի «Ատալանտային»։ Գրանցվեց ոչ ոքի՝ 1:1:12-րդ րոպեին հանդիպման հաշիվը բացեց հյուրերի չեռնոգորիացի հարձակվող Նիկոլա Կրստովիչը։Առաջին խաղակեսի ավելացված առաջին րոպեին պատասխան գոլը խփեց «Ռոմայի» իսպանացի պաշտպան Մարիո Էրմոսոն։«Ռոման» 58 միավորով 6-րդն է, «Ատալանտան» 7-րդ տեղում է՝ 54 միավոր։Իտալիայի առաջնություն, 33-րդ տուր«Ռոմա» - «Ատալանտա»՝ 1:1 (տեսանյութ)Մարիո Էրմոսո, 45+1 - Նիկոլա Կրստովիչ, 12Հետևեք NEWS.am SPORT-ին Facebook-ում, Twitter և Telegram-ում",Sport,https://sport.news.am/arm/news/165863/
«Մանչեսթեր Յունայթեդը» հաղթեց «Չելսիին» (տեսանյութ),"Անգլիայի առաջնության 33-րդ տուրում «Մանչեսթեր Յունայթեդը» Լոնդոնում հյուրընկալվեց «Չելսիին» եւ հաղթեց 1:0 հաշվով։43-րդ րոպեին աչքի ընկավ բրազիլացի հարձակվող Մատեուս Կունյան (տեսանյութ)։«Մանչեսթեր Յունայթեդը» 58 միավորով երրորդն է, «Չելսին» 6-րդ տեղում է՝ 48 միավոր։Հետևեք NEWS.am SPORT-ին Facebook-ում, Twitter և Telegram-ում",Sport,https://sport.news.am/arm/news/165864/
Օրվա հանդիպումների անոնս,"Ֆուտբոլի Հայաստանի, Անգլիայի, Իտալիայի, Գերմանիայի եւ Ֆրանսիայի առաջնություններում ապրիլի 19-ին տեղի կունենան հերթական տուրերի հանդիպումները։Հայաստանի առաջնություն, 22-րդ տուրԲԿՄԱ - «Գանձասար»՝ 16:00«Ուրարտու» - «Ալաշկերտ»՝ 19:00Անգլիայի առաջնություն, 33-րդ տուր«Աստոն Վիլա» - «Սանդերլենդ»՝ 17:00 (Երեւանի ժամանակ)«Էվերտոն» - «Լիվերպուլ»՝ 17:00«Նոթինգեմ Ֆորեսթ» - «Բարնլի»՝ 17:00«Մանչեսթեր Սիթի» - «Արսենալ»՝ 19:30Իտալիայի առաջնություն, 33-րդ տուր«Կրեմոնեզե» - «Տորինո»՝ 14:30«Վերոնա» - «Միլան»՝ 17:00«Պիզա» - «Ջենոա»՝ 20:00«Յուվենտուս» - «Բոլոնիա»՝ 22:45Գերմանիայի առաջնություն, 30-րդ տուր«Ֆրայբուրգ» - «Հայդենհայմ»՝ 17:30«Բավարիա» - «Շտուտգարտ»՝ 19:30«Բորուսիա Մյոնխենգլադբախ» - «Մայնց»՝ 21:30Ֆրանսիայի առաջնություն, 30-րդ տուր«Մոնակո» - «Օսեր»՝ 17:00«Մեց» - «Փարիզ»՝ 19:15«Նանտ» - «Բրեստ»՝ 19:15«Ստրասբուրգ» - «Ռեն»՝ 19:15ՊՍԺ - «Լիոն»՝ 22:45Հետևեք NEWS.am SPORT-ին Facebook-ում, Twitter և Telegram-ում",Sport,https://sport.news.am/arm/news/165865/
«Ռեալ Սոսիեդադը»՝ Իսպանիայի գավաթակիր (տեսանյութ),"Իսպանիայի գավաթի խաղարկության եզրափակիչում Մադրիդի «Աթլետիկոն» Սեւիլիայում մրցեց «Ռեալ Սոսիեդադի» հետ։Հիմնական ժամանակն ավարտվեց ոչ ոքի՝ 2:2:Լրացուցիչ ժամանակում գոլ չգրանցվեց։11-մետրանոցներն ավելի հաջող իրացրին «Ռեալ Սոսիեդադի» ֆուտբոլիստները՝ 4:3։«Ռեալ Սոսիեդադ» չորրորդ անգամ նվաճեց Իսպանիայի գավաթը։ Նախորդ անգամ «Ռեալ Սոսիեդադը» 2020-ին էր դարձել երկրի գավաթակիր։Իսպանիայի գավաթ, եզրափակիչ«Աթլետիկո Մադրիդ» - «Ռեալ Սոսիեդադ»՝ 2:2, 11մ՝ 3:4  (լրացուցիչ ժամանակ՝ 0:0), (տեսանյութ)Ադեմոլա Լուկման, 19, Խուլիան Ալվարես, 83 - Անդեր Բարենեչեա, 1, Միկել Օյարսաբալ, 45+1, 11մՀետևեք NEWS.am SPORT-ին Facebook-ում, Twitter և Telegram-ում",Sport,https://sport.news.am/arm/news/165866/
RAF 08. Արման Ծառուկյանի տպավորիչ հաղթանակը (տեսանյութ),"Խառը մենամարտերի թեթեւ քաշային կարգում UFC դասակարգման երկրորդ համար Արման Ծառուկյանը (Հայաստան) չորրորդ անընդմեջ հաղթանակը տարավ RAF լիգայում։ԱՄՆ-ի Ֆիլադելֆիա քաղաքում անցկացված ազատ ոճի ըմբշամարտի կանոններով RAF 08 մրցաշարի գլխավոր իրադարձությունում Արման Ծառուկյանը գոտեմարտեց թեթեւ քաշային կարգում UFC տիտղոսի նախկին հավակնորդ, 46-ամյա ամերիկացի Յուրայ Ֆայբերի հետ եւ հաղթեց 13:1 հաշվով։Յուրայ Ֆայբերը MMA-ում հանդես է եկել 2003-2019-ին՝ տանելով 35 հաղթանակ, կրելով 11 պարտություն։29-ամյա Ծառուկյանը MMA-ում ունի 23 հաղթանակ, 3 պարտություն։Հետևեք NEWS.am SPORT-ին Facebook-ում, Twitter և Telegram-ում",Sport,https://sport.news.am/arm/news/165867/
"Մեսիի դուբլը, «Ինտեր Մայամիի» հաղթանակը (տեսանյութ)","ՄԼՍ-ի կանոնավոր առաջնությունում չեմպիոն «Ինտեր Մայամին» Դենվերում հյուրընկալվեց «Կոլորադո Ռեփիդզին» եւ առավելության հասավ 3:2 հաշվով։Հյուրերի կազմում դուբլի հեղինակ դարձավ աշխարհի չեմպիոն Արգենտինայի հավաքականի հարձակվող Լիոնել Մեսին։«Ինտեր Մայամին» 8 խաղից հետո 15 միավորով 7-րդն է։ՄԼՍ, կանոնավոր առաջնություն«Կոլորադո Ռեփիդզ» - «Ինտեր Մայամի»՝ 2:3 Ռաֆայել Նավարո, 58, Դարեն Յապի, 62 – Լիոնել Մեսի, 18, 11մ, 79, Խերման Բերտերամե, 45+5Հետևեք NEWS.am SPORT-ին Facebook-ում, Twitter և Telegram-ում",Sport,https://sport.news.am/arm/news/165868/
"Բաթումի-2026. Հայ ծանրորդները սկսում են պայքարը ԵԱ-ում

","Վրաստանի Բաթումի քաղաքում այսօր մեկնարկում է ծանրամարտի Եվրոպայի առաջնությունը: Առաջին մրցումային օրը պայքարի մեջ են մտնում հայ ծանրորդները:Հայաստանի հավաքականից առաջինը մրցահարթակ դուրս կգան Տոկիոյի Օլիմպիական խաղերի մասնակից, Եվրոպայի բրոնզե մեդալակիր Իզաբելա Յայլյանը եւ Տանզելա Գրիգորյանը: Երկուսն էլ հանդես կգան 53 կգ քաշային կարգի A խմբում:Այս քաշային կարգում մեդալի համար կպայքարի 10 ծանրորդ: Իզաբելա Յայլյանի նախնական հայտը երկամարտում 190 կգ է: Նույնքան է պատվիրել նաեւ Հայաստանի երկրորդ ներկայացուցիչ Տանզելա Գրիգորյանը: Գլխավոր ֆավորիտը թուրք Օզկան Կանսելն է, որի նախնական հայտը երկամարտում 202 կգ է:2023 թվականին Երեւանում անցկացված Եվրոպայի առաջնությունում Իզաբելա Յայլյանը երկամարտի 196 կգ արդյունքով նվաճեց բրոնզե մեդալ (87+109), Ալեքսանդրա Գրիգորյանը 179 կգ արդյունքով 6-րդն էր:Սեպտեմբերին Սաուդյան Արաբիայի մայրաքաղաք Էր Ռիյադում անցկացված աշխարհի առաջնությունում Յայլյանը վնասվածք ստացավ եւ լքեց պայքարը, Ալեքսանդրա Գրիգորյանը երկամարտի 190 կգ արդյունքով պայքարն ավարտեց 6-րդ տեղով:2024 թ. Բուլղարիայում անցկացված Եվրոպայի առաջնությունում Իզաբելա Յայլյանը 55 կգ քաշայինների պայքարում զբաղեցրեց 7-րդ տեղը: Երկամարտում գրանցեց 180 կգ արդյունք (80+100):2025 թ. Մոլդովայում անցկացված Եվրոպայի առաջնությունում Յայլյանը երկամարտի 193 կգ արդյունքով 6-րդն էր (90+103):2026 թ. 53 կգ քաշային կարգում Հայաստանի չեմպիոնն է:Այս քաշային կարգում Հայաստանի երկրորդ ներկայացուցիչ Տանզելա Գրիգրոյանն առաջին անգամ է մասնակցում մեծահասակների Եվրոպայի առաջնությանը: 2018 թ. պատանիների եւ երիտասարդների Հայաստանի չեմպիոնն է, 2025 թ. մեծահասակների Հայաստանի չեմպիոնն է 55 կգ քաշային կարգում:53 կգ քաշային կարգի А խմբի պայքարը կմեկնարկի Երեւանի ժամանակով 19:00-ին:Հայասստանի հավաքականները Եվրոպայի առաջնությանը կմասնակցեն 16 ծանրորդով՝ 8 տղամարդ, 8 կին:Հակոբ Փիլոսյանի գլխավորած հավաքականի կազմում Բաթումիի մրցահարթակում տղամարդկանց հավաքականից կմասնակցեն Գառնիկ Չոլակյանը (60 կգ), Գոռ Սահակյանը (71 կգ), Մարտին Պողոսյանը (79 կգ), Ռաֆիկ Հարությունյանը (88 կգ), Արա Աղանյանը (94 կգ), Սիմոն Մարտիրոսյանը եւ Գարիկ Կարապետյանը (երկուսն էլ՝ 110 կգ) եւ Վարազդատ Լալայանը (+110 կգ):Արտաշես Ներսիսյանի գլխավորած հավաքականի կազմում Բաթումիի մրցահարթակում կանանց թիմից կմասնակցեն Տանզելա Գրիգորյանը եւ Իզաբելլա Յայլյան (53 կգ), Ալեքսանդրա Գրիգորյանը (58 կգ), Աննա Ամրոյանը եւ Ալինա Սուքիասյանը (77 կգ), Էմմա Պողոսյանը եւ Լիանա Գյուրջյանը (86 կգ) եւ Տաթեւ Հակոբյանը (+86 կգ):NEWS.am Sport-ը Եվրոպայի առաջնությունը լուսաբանում է մրցավայրից։Հետևեք NEWS.am SPORT-ին Facebook-ում, Twitter և Telegram-ում",Sport,https://sport.news.am/arm/news/165869/
Յուրի Սաքունցը՝ WBO վարկածով Եվրոպայի չեմպիոն (տեսանյութ),"Ուժային եռամարտի աշխարհի եւ Եվրոպայի չեմպիոն, պրոֆեսիոնալ բռնցքամարտի WBF վարկածով Եվրոպայի չեմպիոն, Գինեսի ռեկորդակիր Յուրի Սաքունցը նվաճել է պրոֆեսիոնալ բռնցքամարտի WBՕ վարկածով եվրոպական գոտու մրցաշարի տիտղոսը։Ապրիլի 18-ին Ավստրիայում տեղի ունեն տեղի ունեցած մենամարտում Յուրի Սաքունցը հաղթել է Գերմանիան նեկայացնող Ռոբերտ Տլատլիկին՝ դառնալով WBՕ վարկածով Եվրոպայի չեմպիոն 69 կգ քաշային կարգում։«Ավստրիայում նվաճեցի WBO Եվրոպայի չեմպիոնական գոտին՝ հավատով, ուժով ու անսահման պայքարով։ Սա երկար ճանապարհի արդյունք է՝ լի քրտինքով, ցավով ու երբեք չնահանջելու կամքով։ Ես ռինգ դուրս եկա ոչ միայն իմ համար, այլ՝ մեր ժողովրդի, մեր երկրի արժանապատվության համար։ Ձեր աջակցությունը, ձեր խոսքերը ու ձեր հավատը ինձ հետ էին ամեն վայրկյան։ Այս հաղթանակը ապացույց է՝ երբ հավատում ես, աշխատում ես ու չես հանձնվում՝ անհնարին ոչինչ չկա։ Սա դեռ սկիզբն է… Առջևում նոր բարձունքներ կան։ Փառք Աստծուն ամեն ինչի համար: Եվ շնորհակալ եմ բոլորից՝ ովքեր իմ կողքին են եղել։ Մենք հաղթում ենք միասին», - սոցիալական ցանցերում գրել է Յուրի Սաքունցը։Հայ մարզիկին Ավտսրիա են ուղեկցել եւ մենամարտի ընթացքում աջակցել Հայաստանի ուժային եռամարտի ֆեդերացիայի նախագահ Լեւոն Քոչարյանը եւ ուժային եռամարտի Հայաստանի հավաքականի գլխավոր մարզիչ Սերգեյ Ասատուրովը: Յուրի Սաքունցը պրոֆեսիոնալ ռինգում նախորդ մենամարտն անցկացրել էր 2023 թ. դեկտեմբերին: Չեխիայի Ուստի Նադ Լաբեմ քաղաքում տեղի ունեցած մենամարտում Յուրի Սաքունցը հաղթել էր Մոնղոլիայի ներկայացուցիչ Բազարգուր Յուդգերին՝ դառնալով WBF վարկածով Եվրոպայի չեմպիոն։Հետևեք NEWS.am SPORT-ին Facebook-ում, Twitter և Telegram-ում",Sport,https://sport.news.am/arm/news/165870/
Մալխաս Ամոյանը՝ Եվրոպայի լավագույն հունահռոմեական ոճի ըմբիշ,"Փարիզի Օլիմպիական խաղերի բրոնզե մեդալակիր, աշխարհի կրկնակի չեմպիոն, Եվրոպայի քառակի չեմպիոն Մալխաս Ամոյանը Ալբանիայի մայրաքաղաք Տիրանայում անցկացված ըմբշամարտի եվրոպական կոնգրեսի ընթացքում պաշտոնապես ճանաչվել է 2025 թ. Եվրոպայի հունահռոմեական ոճի ըմբշամարտի լավագույն ըմբիշ: Այս մասին հայտնում է Հայաստանի ըմբշամարտի ֆեդերացիան:Կոնգրեսի ընթացքում տարվա լավագույն մարզիչ է ճանաչվել հունահռոմեական ոճի ըմբշամարտի Հայաստանի հավաքականի գլխավոր մարզիչ Արմեն Բաբալարյանը:Հիշեցնենք, որ ապրիլի 20-ին Տիրանայում մեկնարկում է ըմբշամարտի Եվրոպայի առաջնությունը: Առաջինը պայքարի մեջ կմտնեն հունահռոմեականները: Արմեն Բաբալարյանի գլխավորած թիմն արդեն մրցավայրում է:Հայաստանի հավաքականի կազմում Տիրանայի մրցագորգ դուրս կգան՝ Մանվել Խաչատրյանը (55 կգ), Սուրեն Աղաջանյանը (60 կգ), Կարեն Ասլանյանը (63 կգ), Սլավիկ Գալստյանը (67 կգ), Գասպար Տերտերյանը (72 կգ), Մալխաս Ամոյանը (82 կգ), Սամվել Գրիգորյանը (77 կգ), Գեւորգ Թադեւոսյանը (87 կգ), Հայկ Խլոյանը (97 կգ) եւ Ալբերտ Վարդանյանը (130 կգ):Եվրոպայի լավագույն հունահռոմեական ոճի ըմբիշ Մալխաս Ամոյանը Տիրանայում կպայքարի Եվրոպայի 5-րդ տիտղոսի համար: Եվրոպայի 7-ակի չեմպիոն Արթուր Ալեքսանյանի փոխարեն առաջին անգամ մեծահասակների պայքարում ուժերը կփորձի աշխարհի Մ23 չեմպիոն Հայկ Խլոյանը:Հետևեք NEWS.am SPORT-ին Facebook-ում, Twitter և Telegram-ում",Sport,https://sport.news.am/arm/news/165872/
ԲԿՄԱ-ն ու «Գանձասարը» խաղացին ոչ ոքի (տեսանյութ),"Ֆուտբոլի Հայաստանի Պրեմիեր լիգայի առաջնության 22-րդ տուրում ԲԿՄԱ-ն ընդունեց «Գանձասարին»։ Գրանցվեց ոչ ոքի՝ 1։1։12-րդ րոպեին հանդիպման հաշիվը բացեց ԲԿՄԱ-ի հարձակվող Նարեկ Հովհաննիսյանը։16-րդ րոպեին հեռացվեց ԲԿՄԱ–ի պաշտպան Պողոս Քրմզյանը։44-րդ րոպեին հավասարությունը վերականգնեց «Գանձասարի» լյուքսեմբուրգցի կիսապաշտպան Լուկա Անդրիոլի Ռոդրիգեսը։«Գանձասարը» 21 խաղից հետո 18 միավորով 7-րդն է, ԲԿՄԱ-ն 22 խաղից հետո ունի 18 միավոր եւ 8-րդն է։Հետևեք NEWS.am SPORT-ին Facebook-ում, Twitter և Telegram-ում",Sport,https://sport.news.am/arm/news/165873/
MMA-ի Armat Fight Show «Տաշիր Արենայում»՝ ուղիղ,"Երեւանի «Տաշիր Արենայում» ընթանում է խառը մենամարտերի (MMA) Armat Fight Show լիգայի AFS1 մրցաշարը։Նախնական հատվածում մենամարտում են.56,7 կգ՝ Ռոբերտ Կարապետյան – Ռուսլան Ասոյան61,2 կգ՝ Նարեկ Արուսխանյան – Գրիշա Հովասափյան65,8 կգ՝ Դավիթ Խաչատրյան – Սերգո Ալեքսանյան70,3 կգ՝ Տիգրան Նազարյան – Արսեն Ավեդիսյան77,1 կգ՝ Արթուր Մալխասյան – Նարեկ Գաբրիելյան83,9 կգ՝ Թաթուլ Ավագյան – Արթուր Աղաջանյան93 կգ՝ Վասակ Բարսեղյան – Լեոնիդ Մելիքյան93+ կգ՝ Նարեկ Պողոսյան – Մարտուն ԱլավերդյանԳլխավոր իրադարձություններՌոնիսոն «Ռատինյո» Էնրիկե – Աղասի ՀակոբյանԱնսար Կասիմժանով – Սուրեն ՊետրոսյանՄուհամադռասուլ Հասանով – Միհրան «Մաեստրո» ՀարությունյանԴիեգո «The Villain» Դիազ – Գենադի «Մոտիվատոր» Մակարյան։Գլխավոր մենամարտերը կմեկնարկեն 21։00–ին։Հետևեք NEWS.am SPORT-ին Facebook-ում, Twitter և Telegram-ում",Sport,https://sport.news.am/arm/news/165874/
«Աստոն Վիլայի» եւ «Լիվերպուլի» հաղթանակները (տեսանյութ),"Անգլիայի Պրեմիեր լիգայի առաջնության 33–րդ տուրում «Աստոն Վիլան» հյուրընկալեց «Սանդերլենդին» եւ առավելության հասավ 4։3 հաշվով։«Աստոն Վիլան» 58 միավորով հավասարվեց երրորդ տեղում գտնվող «Մանչեսթեր Յունայթեդին» եւ երրորդն է։5–րդ տեղում է 52 միավոր վաստակած «Լիվերպուլը», որը 2։1 հաշվով պարտության մատնեց «Էվերտոնին»։Անգլիայի առաջնություն, 33-րդ տուր«Աստոն Վիլա» - «Սանդերլենդ»՝ 4։3Օլի Ուոթքինս, 2, 36, Մորգան Ռոջերս, 46, Թեմի Աբրահամ, 90+3 - Քրիստոֆեր Ռիգ, 9, Թրայ Համ, 86, Ուիլսոն Իզիդոր, 87«Էվերտոն» - «Լիվերպուլ»՝ 1։2Բետու, 54 - Մոհամեդ Սալահ, 29, Վիրջիլ վան Դեյք, 90+11Հետևեք NEWS.am SPORT-ին Facebook-ում, Twitter և Telegram-ում",Sport,https://sport.news.am/arm/news/165875/
«Միլանը» պարտության մատնեց «Վերոնային» (տեսանյութ),"Իտալիայի Ա Սերիայի առաջնության 33–րդ տուրում «Միլանը» հյուրընկալվեց «Վերոնային» եւ պարտության մատնեց 1։0 հաշվով։41–րդ րոպեին աչքի ընկավ ֆրանսիացի կիսապաշտպան Ադրիեն Ռաբյոն (տեսանյութ)։«Միլանը» 66 միավորով երկրորդն է, «Վերոնան» վերջինն է՝ 18 միավոր։Հետևեք NEWS.am SPORT-ին Facebook-ում, Twitter և Telegram-ում",Sport,https://sport.news.am/arm/news/165876/
Ծանրամարտի ԵԱ․ Տանզելա Գրիգորյանի եւ Իզաբելա Յայլյանի արդյունքները (ֆոտո),"Վրաստանի Բաթումի քաղաքի «Sport Palace Arena»-ում մեկնարկած ծանրամարտի Եվրոպայի առաջնությունում Հայաստանի ներկայացուցիչներից առաջինը պայքարի մեջ մտան Իզաբելա Յայլյանը եւ Տանզելա Գրիգորյանը, երկուսն էլ 53 կգ քաշային կարգի А խմբում: Տանզելա Գրիգորյանը երկամարտում գրանցեց 179 կգ արդյունք (78+101) եւ 6-րդն է: Իզաբելա Յայլյանը 175 կգ արդյունքով (80+95) 9-րդն է։Տոկիոյի Օլիմպիական խաղերի մասնակից, Եվրոպայի բրոնզե մեդալակիր Իզաբելա Յայլյանը առաջին մոտեցմամբ հաջող բարձրացնելով 76 կգ-ը, երկրորդ մոտեցմամբ ծանրաձողի հետ համառ պայքարի արդյունքում գլխավերեւում ֆիքսեց 80 կգ-ոց ծանրաձողը: Երրորդ մոտեցման համար պատվիրված 82 կգ-ը Յայլյանը ձախողեց: Այս վարժությունում նա 5-րդն էր:Հայաստանի բոլոր տարիքային խմբերի չեմպիոն, Եվրոպայի չեմպիոն Ալեքսանդրա Գրիգորյանի կրտսեր քույր Տանզելա Գրիգորյանը պոկում վարժությունում հաջող բարձրացրեց 74 կգ, ապա՝ 78 կգ: Երրորդ մոտեցման համար պատվիրված 80 կգ-ը ձախողեց: Այս վարժությունում նա գրավեց 9-րդ տեղը:Հրում վարժությունում Իզաբելա Յայլյանը հաջողեց միայն մեկ մոտեցում՝ բարձրացնելով 95 կգ: Տանզելա Գրիգորյանն առաջին մոտեցմամբ հրեց 96 կգ: Երկրորդ մոտեցմամբ ձախողեց 101 կգ-ն, սակայն երրորդ մոտեցմանը նրան հաջողվեց ֆիքսել ծանրաձողը գլխավերեւում:Չեմպիոնի տիտղոսը նվաճեց բելգիացի Նինա Ստերքսը՝ 210 կգ (94+116):Լուսինե Շահբազյան՝ ԲաթումիիցՀետևեք NEWS.am SPORT-ին Facebook-ում, Twitter և Telegram-ում",Sport,https://sport.news.am/arm/news/165877/
«Ալաշկերտը» հաղթեց «Ուրարտուին» եւ առաջատարն է (տեսանյութ),"Ֆուտբոլի Հայաստանի Պրեմիեր լիգայի առաջնության 22-րդ տուրում «Ալաշկերտը» հյուրընկալվեց «Ուրարտուին» եւ առավելության հասավ 3:1 հաշվով։«Ալաշկերտը» (22 խաղ) 42 միավորով գլխավորեց մրցաշարային աղյուսակը, «Ուրարտուն» (21 խաղ) երրորդն է՝ 42 միավոր։Հայաստանի առաջնություն, 22-րդ տուր«Ուրարտու» - «Ալաշկերտ»՝ 1:3Միգել Վելոս, 45+2 - Կարեն Նալբանդյան, 10, 11մ, 59, Ջեֆերսոն Գրանադո, 90+9Հեռացում՝ Ալեքսանդր Միշիեւ («Ուրարտու»), 43, Նարեկ Աղասարյան («Ուրարտու»), 90+4, երկրորդ դեղին քարտՀետևեք NEWS.am SPORT-ին Facebook-ում, Twitter և Telegram-ում",Sport,https://sport.news.am/arm/news/165878/
«Մանչեսթեր Սիթին» պարտության մատնեց «Արսենալին» (տեսանյութ),"Անգլիայի Պրեմիեր լիգայի առաջնության 33-րդ տուրում փոխչեմպիոն եւ առաջատար «Արսենալը» հյուրընկալվեց «Մանչեսթեր Սիթիին» եւ պարտվեց 1:2 հաշվով։16-րդ րոպեին հանդիպման հաշիվը բացեց մանչեսթերյան թիմի ֆրանսիացի հարձակվող Ռայան Շերկին։ Երկու րոպե անց հավասարությունը վերականգնեց «Արսենալի» գերմանացի հարձակվող Կայ Հավերցը։Կատալոնացի Խոսեպ Գվարդիոլայի գլխավորած թիմի հաղթական գոլը 65-րդ րոպեին խփեց նորվեգացի հարձակվող Էրլինգ Հոլանդը։«Արսենալը» (33 խաղ) 70 միավորով գլխավորում է մրցաշարային աղյուսակը։ «Մանչեսթեր Սիթին» (32 խաղ) երկրորդն է՝ 67 միավոր։Անգլիայի առաջնություն, 33-րդ տուր«Մանչեսթեր Սիթի» - «Արսենալ»՝ 2:1 (տեսանյութ)Ռայան Շերկի, 16, Էրլինգ Հոլանդ, 65 - Կայ Հավերց, 18Հետևեք NEWS.am SPORT-ին Facebook-ում, Twitter և Telegram-ում",Sport,https://sport.news.am/arm/news/165879/
«Բավարիան» հաղթեց «Շտուտգարտին» եւ նվաճեց տիտղոսը (տեսանյութ),". Not by chance but absolute dominance. What a !  pic.twitter.com/1CFyEnxSTwԳերմանիայի առաջնության 30-րդ տուրում չեմպիոն «Բավարիան» Մյունխենում մրցեց «Շտուտգարտի» եւ առավելության հասավ 4:2 հաշվով։«Բավարիան» 79 միավորով գլխավորում է մրցաշարային աղյուսակը եւ առաջնության ավարտից 4 տուր առաջ ապահովեց 35-րդ չեմպիոնական տիտղոսը։ For this badge, for these colours! pic.twitter.com/J5Xcn9gkFh

Գերմանիայի առաջնություն, 30-րդ տուր«Բավարիա» - «Շտուգարտ»՝ 4:2 Ռաֆայել Գերեյրու, 31, Նիկոլաս Ջեքսոն, 33, Ալֆոնսո Դեւիս, 37, Հարի Քեյն, 52 - Քրիս Ֆյուրիխ, 21, Չեմա Անդրես, 88Հետևեք NEWS.am SPORT-ին Facebook-ում, Twitter և Telegram-ում",Sport,https://sport.news.am/arm/news/165880/
"Իզաբելա Յայլյան․ Տխուր եմ, որ վնասվածքս ինձ խանգարեց","Տխուր եմ, որ վնասվածքս ինձ խանգարեց: Տանզելայի համար շատ ուրախ եմ, բայց նաեւ տխուր եմ նրանով, որ կարող էր անել ավելին: Բաթումիում անցկացվող ծանրամարտի Եվրոպայի առաջնությունում անհաջող մրցելույթից հետո այսպես մենկաբանեց իր մասնակցությունը Տոկիոյի Օլիմպիական խաղերի մասնակից, Եվրոպայի բրոնզե մեդալակիր Իզաբելա Յայլյանը:Յայլյանը երկամարտում գրանցեց 175 կգ արդյունք (80+95) եւ զբաղեցրեց 9-րդ տեղը:«Մտածում էի, որ մինչեւ Եվրոպայի առաջնությունը կվերականգնվեմ, սակայն այդքան էլ լավ մարզավիճակում չմասնակցեցի: Մրցելույթս միջին եմ գնահատում: Հրում վարժությունում վնասվածքս զգացնել տվեց: Հուսամ՝ լավ կլինի: Ձեռքի վնասվածք ունեի, որն արդեն ապաքինվել է: Այս պահին մեջքի փոքր վնասվածք ունեմ, որը լիարժեք չէր ապաքինվել:Տանզելան այսօր ինձ գերազանցեց մի քանի կիլոգրամով: Նրա համար շատ ուրախ եմ, բայց նաեւ տխուր եմ նրանով, որ կարող էր անել ավելին, ավելին բարձրացնել: Մեր պայքարը միասին շատ հետաքրքիր է: Իրար դեմ չենք մրցում, սա պայքար է մրցահարթակում, դրանից դուրս՝ լավ ընկերություն: Արդեն դուրս եմ եկել այն լարվածությունից, որ իմ քաշային կարգում ունեմ թիմակից մրցակից:Տանզելան առաջին անգամ էր մասնակցում Եվրոպայի առաջնությանը: Նրան մշտապես խորհուրդ եմ տալիս, որ չհիասթափվի, քանի որ սա սպորտ է եւ այսպես լինելու է, երբ դու պատրաստ ես ավելիին, բայց մրցահարթակում ինչ-որ բան չի հերիքում՝ լարվածությունը, մրցակցությունը կամ գուցե հենց փորձի պակասը:Իսկապես տխուր եմ մրցումից հետո, քանի որ վնասվածքս ինձ խանգարեց, հակառակ  դեպքում՝ արդյունքս նորմալ էր: Այնպես չէր, որ 10-20 կգ ավել էի արել, այն էլ չստացվեց»,- ասաց Իզաբելա Յայլյանը:Տանզելա Գրիգորյանը երկամարտում գրանցեց 179 կգ արդյունք (78+101) եւ 6-րդն էԼուսինե Շահբազյան՝ ԲաթումիիցՀետևեք NEWS.am SPORT-ին Facebook-ում, Twitter և Telegram-ում",Sport,https://sport.news.am/arm/news/165881/
"Armat Fight Show «Տաշիր Արենայում». Հարությունյան - Հասանով՝ ուղիղ
","Երեւանի «Տաշիր Արենայում» ընթանում է խառը մենամարտերի (MMA) Armat Fight Show լիգայի AFS1 մրցաշարը։Երեկոյի գլխավոր մենամարտում Ռիոյի Օլիմպիական խաղերի փոխչեմպիոն, Եվրոպական խաղերի փոխչեմպիոն, հունահռոմեական ոճի ըմբշամարտի Հայաստանի հավաքականի նախկին անդամ Միհրան Հարությունյանը մցրում է MMA-ի Ռուսաստանի եւ Տաջիկստանի չեմպիոն Մագոմեդռասուլ Հասանովի հետ։Հետևեք NEWS.am SPORT-ին Facebook-ում, Twitter և Telegram-ում",Sport,https://sport.news.am/arm/news/165882/
"Armat Fight Show․ Միհրան Հարությունյանի գեղեցիկ հաղթանակն ու մյուս արդյունքները (ֆոտո, 
վիդեո)","Ռիոյի Օլիմպիական խաղերի փոխչեմպիոն, Եվրոպական խաղերի փոխչեմպիոն, հունահռոմեական ոճի ըմբշամարտի Հայաստանի հավաքականի նախկին անդամ Միհրան Հարությունյանը տպավորիչ հաղթանակ տարավ MMA-ի Ռուսաստանի եւ Տաջիկստանի չեմպիոն Մագոմեդռասուլ Հասանովին առաջին անգամ անցկացված Armat Fight Show մրցաշարում։Երեւանի «Տաշիր Արենայում» անցկացված մենամարտում Միհրան Հարությունյանն առավելության հասավ երկրորդ ռաունդում տեխնիկական նոկաուտով։Նա առաջին անգամ հայրենիքում խառը մենամարտերի մրցաշարի մասնակցեց։Երեկոյի գլխավոր իրադարձություններից Աղասի Հակոբյանը հաղթեց բրազիլացի Ռոնինսոն «Ռատինյո» Էնրիկեին։Սուրեն Պետրոսյանը պարտության մատնեց ղազախ Անսար Կասիմժանովին։Բրազիլացի Դիեգո «The Villain» Դիազը խեղդող հնարքով հաղթեց Գենադի «Մոտիվատոր» Մակարյանին։Գրան պրիի եզրափակիչներում հաղթել էին․56,7 կգ՝ Ռուսլան Ասոյան61,2 կգ՝ Նարեկ Արուսխանյան65,8 կգ՝ Սերգո Ալեքսանյան70,3 կգ՝ Արսեն Ավեդիսյան77,1 կգ՝ Նարեկ Գաբրիելյան83,9 կգ՝ Թաթուլ Ավագյան93 կգ՝ Վասակ Բարսեղյան93+ կգ՝ Մարտուն ԱլավերդյանՀետևեք NEWS.am SPORT-ին Facebook-ում, Twitter և Telegram-ում",Sport,https://sport.news.am/arm/news/165883/
Ռոնալդուի 969-րդ գոլը (տեսանյութ),"Պորտուգալիայի հավաքականի եւ սաուդյան «Ալ Նասրի» 41-ամյա հարձակվող Կրիշտիանու Ռոնալդուն 969-րդ գոլն է խփել կարիերայում (տեսանյութ)։Ասիական երկրորդ Չեմպիոնների լիգայի քառորդ եզրափակիչում «Ալ Նասրը» Դուբայում 4:0 հաշվով հաղթել է «Ալ Վասրին»։«Ալ Նասրը» դուրս է եկել կիսաեզրափակիչ։Հետևեք NEWS.am SPORT-ին Facebook-ում, Twitter և Telegram-ում",Sport,https://sport.news.am/arm/news/165884/
«Ուրարտու»․ Ականատես եղանք մրցավարության անընդունելի որակի,"Երեւանի «Ուրարտու» ֆուտբոլային ակումբը հանդես է եկել պաշտոնական հայտարարությամբ․«Դավիթ Շախբագյան «Ուրարտու» ակումբի գլխավոր տնօրենՄենք չենք ընդունում Հայաստանի Պրեմիեր լիգայի 22-րդ տուրի «Ուրարտու» – «Ալաշկերտ» հանդիպման արդյունքը՝ այն համարելով ոչ արդար և ձևավորված մրցավարական լուրջ սխալների պայմաններում։Մրցավարության օբյեկտիվության և որակի վերաբերյալ ստիպված ենք հրապարակավ արտահայտել մեր  դժգոհությունը։Մրցավարությունը եղել և մնում է հայկական ֆուտբոլի ամենացավոտ և խնդրահարույց օղակներից մեկը՝ ուղղակիորեն ազդելով առաջնության մակարդակի, արդարության և վստահության վրա։ Այս հանդիպումը հերթական անգամ դարձավ դրա վառ ապացույցը․ մենք ականատես եղանք մրցավարության անընդունելի որակի, որը խաթարեց խաղի բնական ընթացքը և մրցակցության արդար սկզբունքները։Անընդունելի է, որ Հայաստանի ֆուտբոլի ֆեդերացիան չի ցուցաբերում բավարար հետևողականություն նմանատիպ մրցավարական համակարգի բարելավման հարցում։ Ակնհայտ սխալները մնում են անպատիժ, ինչը ձևավորում է անվստահության և անարդարության խորացող մթնոլորտ։Հաշվի առնելով, որ մրցաշրջանի ավարտը մոտենում է, առկա են լուրջ հիմքեր կարծելու, որ նմանատիպ խայտառակ մրցավարական սխալները կարող են ազդել մրցաշարային աղյուսակի ձևավորման վրա՝ վտանգելով առաջնության արդարությունն ու թափանցիկությունը։Մենք պահանջում ենք՝մրցավարության որակի անհապաղ բարելավում,պատասխանատվության հստակ մեխանիզմներ,և հավասար, անկողմնակալ մոտեցում բոլոր թիմերի նկատմամբ։Արդարությունը չի կարող լինել ընտրովի։Հաղթողը պետք է որոշվի խաղադաշտում, ոչ թե մրցավարական սխալներով»։«Ուրարտուն» «Ալաշկերտին» պարտվել էր 1:3 հաշվով։Հետևեք NEWS.am SPORT-ին Facebook-ում, Twitter և Telegram-ում",Sport,https://sport.news.am/arm/news/165885/
«Յուվենտուսի» հաղթանակը (տեսանյութ),"Իտալիայի առաջնության 33-րդ տուրում Թուրինի «Յուվենտուսն» ընդունեց «Բոլոնիային» եւ հաղթեց 2:0 հաշվով։«Յուվենտուսը» 63 միավորով չորրորդն է, «Բոլոնիան» 8-րդ տեղում է՝ 48 միավոր։Իտալիայի առաջնություն, 33-րդ տուր«Յուվենտուս» - «Բոլոնիա»՝ 2:0 (տեսանյութ)Ջոնաթան Դեւիդ, 2, Կեֆրեն Տյուրամ-Յուլիեն, 57Հետևեք NEWS.am SPORT-ին Facebook-ում, Twitter և Telegram-ում",Sport,https://sport.news.am/arm/news/165886/
ՊՍԺ-ն պարտվեց «Լիոնին» (տեսանյութ),"Ֆրանսիայի առաջնության 30-րդ տուրում չեմպիոն ՊՍԺ-ն տանը մրցեց «Լիոնի» հետ եւ պարտություն կրեց 1:2 հաշվով։Հյուրերը սկզբնամասում առաջ անցան հաշվի մեջ բրազիլացի հարձակվող Էնդրիկի եւ պորտուգալացի հարձակվող Աֆոնսու Մորեյրայի գոլերի շնորհիվ։Փարիզյան թիմից ավելացված ժամանակում աչքի ընկավ վրացի հարձակվող Խվիչա Կվարացխելիան։ՊՍԺ-ն 63 միավորով գլխավորում է մրցաշարային աղյուսակը, «Լիոնը» չորրորդն է՝ 54 միավոր։Ֆրանսիայի առաջնություն, 30-րդ տուրՊՍԺ - «Լիոն»՝ 1:2 (տեսանյութ)Խվիչա Կվարացխելիա, 90+4 - Էնդրիկ, 7, Աֆոնսու Մորեյրա, 18Չիրացրած 11մ՝ Գոնսալու Ռամուշ (ՊՍԺ), 34Հետևեք NEWS.am SPORT-ին Facebook-ում, Twitter և Telegram-ում",Sport,https://sport.news.am/arm/news/165887/
"Լեմպարդը՝ Չեմպիոնշիփի լավագույն մարզիչ․ «Քովենթրին» 25 տարի անց վերադարձավ 
Պրեմիեր լիգա","47-ամյա Ֆրենկ Լեմպարդը ճանաչվել է անգլիական Չեմպիոնշիփի լավագույն մարզիչ ավարտվող մրցաշրջանի արդյունքում։«Չելսիի» եւ Անգլիայի հավաքականի նախկին խաղացողի գլխավորությամբ «Քովենթրին» ապահովել է առնվազն երկրորդ տեղը եւ 25 տարի անց դարձյալ կխաղա Պրեմիեր լիգայում։2001 թվականին Պրեմիեր լիգայից դուրս մնալուց հետո «Քովենթրին» հանդես է եկել նաեւ երրորդ եւ չորրորդ լիգաներում։Հետևեք NEWS.am SPORT-ին Facebook-ում, Twitter և Telegram-ում",Sport,https://sport.news.am/arm/news/165888/
Սուպերհամակարգիչը կանխատեսել է Պրեմիեր լիգայի չեմպիոնին,"Opta վիճակագրական հաթակի սուպերհամակարգիչը կանխատեսել է անգլիական Պրեմիեր լիգայի չեմպիոնին։73 տոկոս հավանականությամբ չեմպիոնը կլինի Լոնդոնի «Արսենալը», որն այժմ 70 միավորով գլխավորում է մրցաշարային աղյուսակը։67 միավորով երկրորդ տեղում գտնվող «Մանչեսթեր Սիթիի» չեմպիոնության հավանականությունը 27 տոկոս է։Անգլիայի առաջնության 33-րդ տուրում «Մանչեսթեր Սիթին» 2:1 հաշվով հաղթել էր «Արսենալին»։Հետևեք NEWS.am SPORT-ին Facebook-ում, Twitter և Telegram-ում",Sport,https://sport.news.am/arm/news/165889/
Բունդեսլիգա․ 30-րդ տուրի արդյունքներն ու մրցաշարային դրությունը,"Ֆուտբոլի Գերմանիայի Բունդեսլիգայի առաջնությունում ավարտվել է 30-րդ տուրի հանդիպումները։Չեմպիոնի տիղտոսն ապահովել է Մյունխենի «Բավարիան», որը վաստակել է 79 միավոր։Գերմանիայի առաջնություն, 30-րդ տուր«Սանկտ Պաուլի» - «Քյոլն»՝ 1:1«Բայեր» - «Աուգսբուրգ»՝ 1:2«Հոֆենհայմ» - «Բորուսիա Դորտմունդ»՝ 2:1«Ունիոն Բեռլին» - «Վոլֆսբուրգ»՝ 1:2«Վերդեր» - «Համբուրգ»՝ 3:1«Այնտրախտ» - «ՌԲ Լայպցիգ»՝ 1:3«Ֆրայբուրգ» - «Հայդենհայմ»՝ 2:1«Բավարիա» - «Շտուտգարտ»՝ 4:2«Բորուսիա Մյոնխենգլադբախ» - «Մայնց»՝ 1:1Հետևեք NEWS.am SPORT-ին Facebook-ում, Twitter և Telegram-ում",Sport,https://sport.news.am/arm/news/165890/
Ֆրանսիայի առաջնություն․ 29-րդ տուրի արդյունքներն ու մրցաշարային դրությունը,"Ֆուտբոլի Ֆրանսիայի առաջնությունում ավարտվել են 29-րդ տուրի հանդիպումները։Մրցաշարային աղյուսակը գլխավորում է չեմպիոն ՊՍԺ-ն, որը 28 խաղից հետո ունի 63 միավոր։ Երկրորդ տեղում գտնվող «Լանսը» հետ է 1 միավոր։Ֆրանսիայի առաջնություն, 30-րդ տուր«Լանս» - «Թուլուզ»՝ 3:2«Լորիան» - «Մարսել»՝ 2:0«Անժե» - «Հավր»՝ 1:1«Լիլ» - «Նիցա»՝ 0:0«Մոնակո» - «Օսեր»՝ 2:2«Մեց» - «Փարիզ»՝ 1:3«Նանտ» - «Բրեստ»՝ 1:1«Ստրասբուրգ» - «Ռեն»՝ 0:3ՊՍԺ - «Լիոն»՝ 1:2Հետևեք NEWS.am SPORT-ին Facebook-ում, Twitter և Telegram-ում",Sport,https://sport.news.am/arm/news/165891/
ATP. Լավագույն տասնյակ,"Պրոֆեսիոնալ թենիսիստների ասոցիացիան (ATP) հրապարակել է համաշխարհային դասակարգման ամենշաբաթյա աղյուսակը։Առաջատարը իտալացի Յանիկ Սիներն է։Ռուսաստանցի Կարեն Խաչանովը նահանջել է 2 աստիճան եւ 16-րդն է։ATP, ապրիլի 20 1 (1). Յանիկ Սիներ (Իտալիա)՝ 13350 միավոր2 (2). Կառլոս Ալկարաս (Իսպանիա)՝ 129603 (3). Ալեքսանդր Զվերեւ (Գերմանիա)՝ 52554 (4). Նովակ Ջոկովիչ (Սերբիա)՝ 47105 (5). Ֆելիքս Օժե-Ալյասիմ (Կանադա)՝ 39506 (6). Բեն Շելթոն (ԱՄՆ)՝ 40707 (8). Թեյլոր Ֆրից (ԱՄՆ)՝ 38708 (7). Ալեքս դե Մինոր (Ավստրալիա)՝ 38459 (9). Լորենցո Մուզետի (Իտալիա)՝ 371510 (10) Դանիիլ Մեդվեդեւ (ԱՄՆ)՝ 3560Հետևեք NEWS.am SPORT-ին Facebook-ում, Twitter և Telegram-ում",Sport,https://sport.news.am/arm/news/165892/
Գեորգի Մամարդաշվիլին վնասվածք ստանալուց հետո տեղափոխվել է հիվանդանոց,"Անգլիայի չեմպիոն «Լիվերպուլի» եւ Վրաստանի հավաքականի դարպասապահ Գեորգի Մամարդաշվիլին «Էվերտոնի» դեմ խաղում ծնկի վնասվածք եւ պատռվածք ստանալուց հետո տեղափոխվել է հիվանդանոց։«Նրա տեղափոխեցին հիվանդանոց, քանի որ բաց վնասվածք էր, բայց չեմ կարծում, որ երկարատեւ վերականգնում պահանջող վնասվածք է։ Տեսնենք՝ կկարողանա՞ Մամարդաշվիլին խաղալ հաջող շաբաթ»,- «Լիվերպուլի» գլխավոր մարզիչ Առնե Սլոտի խոսքը մեջբերում է BBC-ն։Մամարդաշվիլին փոխարինվել է հանդիպման 58-րդ րոպեին։ Նա չէր կարողացել ինքնուրույն լքել խաղադաշտը։«Լիվերպուլը» «Էվերտոնին» հաղթել էր 2:1 հաշվով։Հետևեք NEWS.am SPORT-ին Facebook-ում, Twitter և Telegram-ում",Sport,https://sport.news.am/arm/news/165893/
WTA․ Լավագույն տասնյակ,"Կանանց թենիսի ասոցիացիան (WTA) հրապարակել է համաշխարհային դասակարգման ամենշաբաթյա աղյուսակը։Առաջատարը Բելառուսի ներկայացուցիչ Արինա Սաբալենկան է։Հայաստանի ներկայացուցիչ Էլինա Ավանեսյանը 324-րդ տեղում է։WTA, ապրիլի 20 1 (1). Արինա Սաբալենկա (Բելառուս)՝ 10 8952 (2). Ելենա Ռիբակինա (Ղազախստան)՝ 85003 (3). Կորի Գաուֆ (ԱՄՆ)՝ 72794 (4). Իգա Շվյոնտեկ (Լեհաստան)՝ 72735 (5). Ջեսիկա Պեգուլա (ԱՄՆ)՝ 61366 (6). Ամանդա Անիսիմովա (ԱՄՆ)՝ 59957 (7). Էլինա Սվիտոլինա (Ուկրաինա)՝ 39108 (9). Միրա Անդրեեւա (Ռուսաստան)՝ 37469 (8). Ժասմին Պաոլինի (Իտալիա)՝ 372210 (10). Վիկտորյա Մբոկո (Կանադա)՝ 3531Հետևեք NEWS.am SPORT-ին Facebook-ում, Twitter և Telegram-ում",Sport,https://sport.news.am/arm/news/165894/
Թիերի Անրի․ Շատ հիասթափեցնող տեսարան էր,"Լոնդոնի «Արսենալի» եւ Ֆրանսիայի հավաքականի լեգենդար հարձակվող Թիերի Անրին քննադատել է իսպանացի Միկել Արտետայի գլխավորած թիմին Անգլիայի առաջնության 33-րդ տուրում «Մանչեսթեր Սիթիից» կրած 1:2 հաշվով պարտության համար։«Շատ հիասթափեցնող տեսարան էր։ Այդպիսի կարեւոր մրցախաղում ակնկալում ես էներգիա, կենտրոնացում եւ բնավորություն, բայց «Արսենալը» դրանցից ոչ մեկը չցուցադրեց։ Հանդիպման հենց սկզբից «Արսենալի» գործողությունները նյարդային էին, բազմաթիվ հասարակ սխալներով։ «Մանչեսթեր Սիթին» ամբողջովին վերահսկում էր դրությունը։Պաշտպանությունում «Արսենալն» անկազմակերպ էր, կենտրոնում տանուլ տվեցին անհատական մրցապայքարում, իսկ գրոհելիս ոչ մի իրական վտանգավոր պահ չստեղծեցին։Կիսապաշտպանությունը ամբողջովին բացակայում էր, վերահսկողություն, ներկայություն, հեղինակություն չկար։ Մարտին Սուբիմենդին գրեթե աննկատ էր։Սա այն «Արսենալը» չէր, որին գիտեինք։ Ի՞նչ է փոխվել։ Այս ակումբը միշտ հիմնվել է վստահության, պայքարի եւ հպարտության վրա, հատկապես, այսպիսի մեծ հանդիպումներում։ Հիմա այդ ամենը չկա։ Եթե ցանկանում ես նվաճել տիտղոսը, պետք է առաջատարների հետ մրցախաղերում դրսեւորվես։ «Արսենալը» ոչինչ չարեց եւ պարտվեց»,- Անրիի խոսքը մեջբերում է Sky Sports-ը։«Արսենալը» 2004 թվականից չի նվաճել Պրեմիեր լիգայի տիտղոսը։Հետևեք NEWS.am SPORT-ին Facebook-ում, Twitter և Telegram-ում",Sport,https://sport.news.am/arm/news/165895/
NBA-ի փլեյ-օֆֆ․ Օրվա արդյունքներն ու լավագույն դրվագները (տեսանյութ),"Բասկետբոլի ազգային ասոցիացիայի (NBA) առաջնությունում տեղի են ունեցել փլեյ-օֆֆի առաջին շրջանի հանդիպումները։NBA, փլեյ-օֆֆ«Բոստոն Սելթիքս» - «Ֆիլադելֆիա Սիքսերս»՝ 123:91 (շարքի հաշիվը՝ 1:0)«Օկլահոմա Սիթի Թանդեր» - «Ֆինիքս Սանզ»՝ 119:84 (1:0)«Դետրոյթ Փիսթոնս» - «Օռլանդո Մեջիք»՝ 101:112 (0:1)«Սան Անտոնիո Սփյորս» - «Պորտլենդ Թրեյլ Բլեյզերս»՝ 111:98 (1:0)Հետևեք NEWS.am SPORT-ին Facebook-ում, Twitter և Telegram-ում",Sport,https://sport.news.am/arm/news/165896/
«Լիվերպուլի» ռեկորդը,"Անգլիայի առաջնության 33-րդ տուրի արտագնա խաղում «Էվերտոնին» 2։1 հաշվով հաղթելու շնորհիվ «Լիվերպուլը» ռեկորդ է գրանցել։Պրեմիեր լիգայի պատմության մեջ «Լիվերպուլը» միակ թիմն է, որը հաղթանակ է տարել 60 տարբեր ակումբների ստադիոններում, հաղորդում է Squawka-ն։Անգլիայի առաջնությունում «Լիվերպուլը» 55 միավորով 5-րդ տեղում է, «Էվերտոնն» ունի 47 միավոր եւ 10-րդն է։ Հետևեք NEWS.am SPORT-ին Facebook-ում, Twitter և Telegram-ում",Sport,https://sport.news.am/arm/news/165897/
"Գառնիկ Չոլակյանը՝ Եվրոպայի փոխչեմպիոն (ֆոտո, վիդեո)","Գառնիկ Չոլակյանը նվաճեց ծանրամարտի Եվրոպայի փոխչեմպիոնի կոչումը Բաթումիում անցկացվող առաջնությունում։60 կգ քաշային կարգում Հայաստանի ներկայացուցիչը երկամարտում հավաքեց 274 կգ (124+150) եւ 1 կգ հետ մնաց չեմպիոնի տիտղոսը նվաճած բուլղարաց Անգել Ռուսեւից (120+155)։Երեկոյան մրցահերթում Հայաստանի թիմից պայքարի մեջ կմտնի Ալեքսանդրա Գրիգորյանը (58 կգ քաշային կարգ, նախնական հայտ՝ 215 կգ)։Հետևեք NEWS.am SPORT-ին Facebook-ում, Twitter և Telegram-ում",Sport,https://sport.news.am/arm/news/165898/
Շախմատի ԵԱ. Հայաստանի ներկայացուցիչների վերջնական արդյունքները,"Լեհաստանի Կատովիցե քաղաքում ավարտվեց շախմատի Եվրոպայի անհատական առաջնությունը:Չեմպիոն դարձավ 18-ամյա ուկրաինացի միջազգային վարպետ Ռոման Դեխտյարովը, որը 11 հնարավորից վաստակեց 9 միավոր:Հայ շախմատիստներից 2027 թվականի աշխարհի գավաթի ուղեգրեր նվաճեցին գրոսմայստերներ Ռոբերտ Հովհաննիսյանը և Հայկ Մարտիրոսյանը, որոնք 8–ական միավորով բաժանեցին 5-23-րդ տեղերը՝ լրացուցիչ ցուցանիշներով զբաղեցնելով համապատասխանաբար 9-րդ և 13-րդ տեղերը:Միջազգային վարպետ Արսեն Դավթյանը նույնպես 8 միավորով գրավեց 23-րդ տեղը:Արսեն Դավթյանը լրացրեց իր գրոսմայստերի առաջին նորման, իսկ Տիգրան Համբրաձումյանը՝ իր միջազգային վարպետի երկրորդ նորման, հաղորդում է ՀՇՖ–ի մամուլի ծառայությունը:Հայաստանի ներկայացուցիչների արդյունքները.ՄԳ Հայկ Մարտիրոսյան՝ 8 միավորՄԳ Ռոբերտ Հովհաննիսյան՝ 8 միավորՄՎ Արսեն Դավթյան՝ 8 միավորՄԳ Էմին Օհանյան՝ 7.5 միավորՄԳ Շանթ Սարգսյան՝ 7.5 միավորՄԳ Գաբրիել Սարգսյան՝ 7.5 միավորՄԳ Արթուր Դավթյան՝ 7.5 միավորՄԳ Մանուէլ Պետրոսյան՝ 7 միավորՄՎ Վահե Սուքիասյան՝ 6.5 միավորՄԳ Մամիկոն Ղարիբյան՝ 6.5 միավորՖՎ Տիգրան Համբարձումյան՝ 6.5 միավորՄՎ Ռոբերտ Փիլիպոսյան՝ 6.5 միավորԿՄԳ Մարիամ Մկրտչյան՝ 6.5 միավորՖՎ Հայկ Երիցյան՝ 5 միավորՐաֆֆի Ղազարյան՝ 4.5 միավորՀետևեք NEWS.am SPORT-ին Facebook-ում, Twitter և Telegram-ում",Sport,https://sport.news.am/arm/news/165899/
ՀՖՖ-ի արձագանքը «Ուրարտուի» հայտարարությանը,"Հայաստանի ֆուտբոլի ֆեդերացիայի գլխավոր քարտուղար Էդգար Պետրոսյանն արձագանքել է «Ուրարտու» ՖԱ գլխավոր տնօրեն Դավիթ Շախբագյանի հայտարարությանը․«Ի պատասխան  «Ուրարտու» ՖԱ գլխավոր տնօրեն Դավիթ Շախբագյանի՝ Fastex Պրեմիեր լիգայի 22-րդ տուրի՝ «Ուրարտու» - «Ալաշկերտ» հանդիպման վերաբերյալ հայտարարությանը՝ նշում եմ, որ ՀՖՖ-ն կարևորում է ակումբների բարձրաձայնած հարցերը, բայցև ընդգծում՝ նման թեմաները պետք է քննարկվեն մասնագիտական և կառուցողական դաշտում։Մրցավարության որակի բարելավումը մշտապես մեր ուշադրության կենտրոնում է։ Բոլոր հանդիպումները ենթարկվում են մանրամասն վերլուծության, և անհրաժեշտության դեպքում ձեռնարկվում են համապատասխան քայլեր։ՀՖՖ-ն առաջնորդվում է բացառապես հավասարության, անկողմնակալության և արդար մրցակցության սկզբունքներով։ Ես հրավիրում եմ «Ուրարտուի» ներկայացուցիչներին ՀՖՖ՝ մեր մասնագետների հետ միասին քննարկելու վերոնշյալ հանդիպման յուրաքանչյուր վիճահարույց դրվագ, որը կասկածի առիթ կարող է լինել։ՀՖՖ-ն շարունակելու է հետևողական աշխատանքը՝ ապահովելով առաջնության թափանցիկությունն ու արդար մրցակցային միջավայրը։Մենք հասկանում ենք, որ առաջնության վերջնամասում չեմպիոնության համար պայքարը չափազանց լարված է։ Հայաստանի ֆուտբոլի ֆեդերացիան պատրաստ է բոլոր ակումբների հետ կառուցողական և պրոֆեսիոնալ քննարկման՝ մրցավարական ցանկացած վիճելի հարցի վերաբերյալ։Համոզված ենք, որ փոխադարձ հարգանքի և երկխոսության միջոցով հնարավոր է ապահովել հայկական ֆուտբոլի կայուն զարգացումն ու առաջնության բարձր մրցակցային մակարդակը»։Հետևեք NEWS.am SPORT-ին Facebook-ում, Twitter և Telegram-ում",Sport,https://sport.news.am/arm/news/165900/
"Գառնիկ Չոլակյան. Այս մեդալները վստահություն են ներշնչում եւ ուժ տալիս, որ ավելին անեմ","Գոհ չեմ: Փոխչեմպիոնությունն այն չէր, ինչ սպասում էի ինձանից: Կարող էի ավելին, բայց ունենք մեդալներ: Այսպես մեծահասակների Եվրոպայի առաջնությունում իր փոխչեմպիոնությունը մեկնաբանեց Գառնիկ Չոլակյանը: Բաթումիում անցկացվող ծանրրամարտի Եվրոպայի առաջնության երկրորդ մրցումային օրը Հայաստանի առաջին մեդալը նվաճած Գառնիկ Չոլակյանը 60 կգ քաշային կարգում երկամարտում հավաքեց 274 կգ (124+150):Տղամարդկանց պայքարում Հայաստանի առաջին ներկայացուցիչը 1 կգ հետ մնաց չեմպիոնի տիտղոսը նվաճած բուլղարացի Անգել Ռուսեւից (120+155) եւ 5 կգ-ով շրջանցեց թուրք Յիգիթ Էրդողանին (121+148): «Մրցումային դրությունը շատ լավ էր դասավորված ինձ համար, որ մեդալներ ապահովեմ: Կախված էր ինձանից, թե ես ինչ մարզավիճակում էի մոտեցել մրցաշարին: Լավ մարզավիճակում էի, կարող էի ավելին անել: Բոլորը տեսան, թե ինչպես եկա, փորձեցի, ստացվեց: Կփորձեմ մյուս մրցաշարերում ավելի լավ հանդես գալ, որ Հայաստանի հիմնը հնչի: Լարվածությունն այդքան մեծ չէր, ինչպես նախորդ մրցումներին: Ավելի հանգիստ էի: Եղավ այն, ինչ եղավ: Շրջանցեցի թուրք ծանրորդին, ինչը հայ լինելով հպարտություն է ինձ համար:Ծանրամարտում այնպես է, որ մրցահարթակում դու պայքարում ես ծանրաձողի հետ, այլ ոչ մարզիկների հետ: Ես այսօր պատրաստ էի ավելիին: Փոխչեմպիոնությունն այն չէր, ինչ սպասում էի ինքս ինձնից: Գոհ չեմ արդյունքիցս:Այս մեդալները վստահություն են ներշնչում եւ ուժ տալիս, որ ավելին անեմ: Այսօրվա մրցահարթակում վստահությունս քիչ չէր, լարվածությունն էլ շատ չէր: Կարող էի ավելին անել, բայց ունենք մեդալներ»,- ասաց Գառնիկ Չոլակյանը: Եվրոպայի կրկնակի փոխչեմպիոնը Բաթումիի մրցահարթակում պարգեւատրվեց երկամարտի արծաթե եւ եւս երկու փոքր մեդալով: Գառնիկ Չոլակյանը պոկում վարժությունում արժանացավ փոքր արծաթե մեդալի, հրումում՝ փոքր բրոնզե մեդալի:Լուսինե Շահբազյան՝ ԲաթումիիցՀետևեք NEWS.am SPORT-ին Facebook-ում, Twitter և Telegram-ում",Sport,https://sport.news.am/arm/news/165901/
"Բաթումի-2026. Մրցահարթակ դուրս կգա Եվրոպայի չեմպիոն Ալեքսանդրա Գրիգորյանը
","Վրաստանի Բաթումի քաղաքում անցկացվող ծանրամարտի Եվրոպայի առաջնությունում այսօր մրցահարթակ դուրս կգա Եվրոպայի չեմպիոն Ալեքսանդրա Գրիգորյանը: Այս քաշային կարգում մեդալի համար կպայքարի 11 մարզուհի:Ալեքսանրդա Գրիգորյանի նախնական հայտը 215 կգ է: Նույնքան են պատվիրել նաեւ ուկրաինացիներ Կամիլա Կոնոտոպը, Օլգա Իվժենկոն եւ իտալացի Նոեմի Ֆիլիպացոն:2024 թ. Բուլղարիայի մայրաքաղաք Սոֆիայում անցկացված ծանրամարտի Եվրոպայի առաջնությունում Ալեքսանդրա Գրիգորյանը նվաճեց չեմպիոնի կոչումը: Երկամարտում հայ ծանրորդը գրանցեց 196 կգ արդյունք (81+115):2024 թ. Բահրեյնի մայրաքաղաք Մանամայում անցկացված աշխարհի առաջնությունում 55 կգ քաշայինների պայքարում Ալեքսանդրա Գրիգորյանը երկամարտի 205 կգ արդյունքով նվաճեց բրոնզե մեդալ։ Պոկում վարժությունում նա 85կգ-ով գրավեց 12-րդ տեղը, հրում վարժությունում բարձրացրեց 120 կգ՝ նվաճելով նաեւ փոքր արծաթե մեդալ։ 2024 թվականին ճանաչվեց Եվրոպայի լավագույն երիտասարդ ծանրորդ:2025 թ. ապրիլին Ալբանիայի Դուրես քաղաքում անցկացված Եվրոպայի երիտասարդների եւ մինչև 23 տարեկանների առաջնություններում նաճեց տիտղոսը՝ 214 կգ (91+123):Մեկ ամիս անց Պերուի մայրաքաղաք Լիմայում դարձավ երիտասարդների աշխարհի առաջնության բրոնզե մեդալակիր՝ 204 կգ (88+116):2025 թ. Եվրոպայի առաջնությունում Քիշնեւում Ալեքսանդրա Գրիգորյանը արծաթե մեդալ նվաճեց: 20-ամյա գյումրեցի ծանրորդը կանանց 55 կգ քաշայինների պայքարում երկամարտում գրանցեց 202 կգ արդյունք (85+117):58 կգ քաշային կարգի А խմբի պայքարը կմեկնարկի Երեւանի ժամանակով 18:00-ին:Հայաստանի առաջին մեդալը Եվրոպայի առաջնությունում նվաճել է Գառնիկ Չոլակյանը: 60 կգ քաշայինների պայքարում Չոլակյանը դարձավ Եվրոպայի փոխչեմպիոն: Երկամարտում նա հավաքեց 274 կգ (124+150):Հայաստանի հավաքականները Եվրոպայի առաջնությանը մասնակցում են 16 ծանրորդով՝ 8 տղամարդ, 8 կին:Հակոբ Փիլոսյանի գլխավորած հավաքականի կազմում Բաթումիի մրցահարթակում մասնակցում են նաեւ Գոռ Սահակյանը (71 կգ), Մարտին Պողոսյանը (79 կգ), Ռաֆիկ Հարությունյանը (88 կգ), Արա Աղանյանը (94 կգ), Սիմոն Մարտիրոսյանը եւ Գարիկ Կարապետյանը (երկուսն էլ՝ 110 կգ) եւ Վարազդատ Լալայանը (+110 կգ):Արտաշես Ներսիսյանի գլխավորած հավաքականի կազմում Բաթումիի մրցահարթակում կանանց մասնակցում են նաեւ Ալեքսանդրա Գրիգորյանը (58 կգ), Աննա Ամրոյանը եւ Ալինա Սուքիասյանը (77 կգ), Էմմա Պողոսյանը եւ Լիանա Գյուրջյանը (86 կգ) եւ Տաթեւ Հակոբյանը (+86 կգ):Հետևեք NEWS.am SPORT-ին Facebook-ում, Twitter և Telegram-ում",Sport,https://sport.news.am/arm/news/165902/
ԵԱ. Մալխաս Ամոյանն ու Մանվել Խաչատրյանը կիսաեզրափակիչում են,"Ալբանիայի մայրաքաղաք Տիրանայում անցկացվող հունահռոմեական ըմբշամարտի Եվրոպայի առաջնությունում Հայաստանի ներկայացուցիչներ Մանվել Խաչատրյանն ու Մալխաս Ամոյանը դուրս եկան կիսաեզրափակիչ։55 կգ քաշային կարգում Մանվել Խաչատրյանը պայքարը սկսեց քառորդ եզրափակիչից եւ 7։3 հաշվով պարտության մատնեց ուկրաինացի Իվան Ստեֆանսկիին։77 կգ քաշային կարգում Եվրոպայի քառակի չեմպիոն Մալխաս Ամոյանը պայքարը սկսեց 1/8 եզրափակիչից եւ 4։0 հաշվով պարտության մատնեց շվեդ Կառլ Բաֆին։Քառորդ եզրափակիչում Մալխաս Ամոյանը պայքարից դուրս թողեց Ուկրաինայի ներկայացուցիչ Իրֆան Միրզոեւին՝ 10։0։Հետևեք NEWS.am SPORT-ին Facebook-ում, Twitter և Telegram-ում",Sport,https://sport.news.am/arm/news/165903/
Ջոկովիչը գերազանցեց Ֆեդերերի ռեկորդը,"«Մեծ սաղավարտի» մրցաշարերի 24–ակի չեմպիոն, աշխարհի չորրորդ ռակետ, սերբ թենիսիստ Նովակ Ջոկովիչը 860–րդ շաբաթն է ընդգրկվում է Պրոֆեսիոնալ թենիսիստների ասոցիացիայի (ATP) համաշխարհային դասակարգման լավագույն հնգյակում։ Նա գերազանցեց կարիերան ավարտած շվեյցարացի Ռոջեր Ֆեդերերի ռեկորդը՝ 859 շաբաթ։Ջոկովիչը 428 շաբաթ եղել է աշխարհի առաջին ռակետ, 171 շաբաթ՝ երկրորդ ռակետ, 167 շաբաթ՝ երրորդ ռակետ, 59 շաբաթ՝ չորրորդ ռակետ, 35 շաբաթ՝ 5–րդ ռակետ։Այս մրցաշրջանում Նովակ Ջոկովիչը Ինդիան Ուելսի «Մասթերսի» չորրորդ շրջանում Ջեք Դրեյփերին պարտվելուց հետո կորտ դուրս չի եկել՝ բաց թողնելով Մայամիի, Մոնտե Կառլոյի եւ Մադրիդի մրցաշարերը։Հետևեք NEWS.am SPORT-ին Facebook-ում, Twitter և Telegram-ում",Sport,https://sport.news.am/arm/news/165904/
«Նոան» պարտության մատնեց «Վանին» (տեսանյութ),"Ֆուտբոլի Հայաստանի Պրեմիեր լիգայի առաջնության 22-րդ տուրում չեմպիոն, գավաթակիր եւ սուպերգավաթակիր «Նոան» ընդունեց Չարենցավանի «Վանին» եւ հաղթեց 2։0 հաշվով։Աչքի ընկան պորտուգալացի պաշտպան Գոնսալո Սիլվան ու ճապոնացի կիսապաշտպան Տակուտո Օշիման։«Նոան» 20 խաղից հետո 41 միավորով չորրորդն է, «Վանը» 21 խաղում վաստակել է 25 միավոր եւ 6–րդն է։Հայաստանի առաջնություն, 22-րդ տուր«Նոա» - «Վան»՝ 2։0Գոնսալո Սիլվա, 45, Տակուտո Օշիմա, 67Հետևեք NEWS.am SPORT-ին Facebook-ում, Twitter և Telegram-ում",Sport,https://sport.news.am/arm/news/165905/
Իսպանիայի Լա Լիգա. Մեկնարկում է 33-րդ տուրը,"Ֆուտբոլի Իսպանիայի Լա Լիգայի առաջնությունում ապրիլի 21-23-ին տեղի կունենան 33-րդ տուրի հանդիպումները։Առաջատարը չեմպիոն «Բարսելոնան»` 79 միավոր։Իսպանիայի առաջնություն, 33-րդ տուր«Աթլետիկ Բիլբաո» - «Օսասունա»՝ 21։00 (Երեւանի ժամանակ)«Մալյորկա» - «Վալենսիա»՝ 21։00«Ժիրոնա» - «Բետիս»՝ 23։30«Ռեալ Մադրիդ» - «Ալավես»՝ 23։30Ապրիլի 22«Էլչե» - «Աթլետիկո Մադրիդ»՝ 21։00«Ռեալ Սոսիեդադ» - «Խետաֆե»՝ 22։00«Բարսելոնա» - «Սելտա»՝ 23։30Ապրիլի 23«Լեւանտե» - «Սեւիլիա»՝ 21։00«Ռայո Վալիեկանո» - «Էսպանյոլ»՝ 22։00«Ռեալ Օվիեդո» - «Վիլյառեալ»՝ 23։30Հետևեք NEWS.am SPORT-ին Facebook-ում, Twitter և Telegram-ում",Sport,https://sport.news.am/arm/news/165906/
Ալեքսանդրա Գրիգորյանը՝ Եվրոպայի փոխչեմպիոն,"Ծանրամարտի Եվրոպայի չեմպիոն, աշխարհի առաջնության բրոնզե մեդալակիր Ալեքսանդրա Գրիգորյանը Բաթումիում անցկացվող Եվրոպայի առաջնությունում նվաճեց երկամարտի արծաթե մեդալ 58 կգ քաշային կարգում։Պոկում վարժությունում Ալեքսանդրա Գրիգորյանը 91 կգ արդյունքով գրավեց չորրորդ տեղը, հրում վարժությունում նա բարձրացրեց 119 կգ։Երկամարտում Ալեքսանդրա Գրիգորյանը հավաքեց 210 կգ։Չեմպիոնի տիտղոսը նվաճած ուկրաինացի Կամիլա Կոնոտոպի արդյունքն է 221 կգ (100+121):Ալեքսանդրա Գրիգորյանը 2025 թ. Եվրոպայի փոխչեմպիոն է, Եվրոպայի երիտասարդների չեմպիոն, աշխարհի երիտասարդական առաջնության բրոնզե մեդալակիր, 2025 թ.-ին ճանաչվել է Եվրոպայի լավագույն երիտասարդ ծանրորդ:Հետևեք NEWS.am SPORT-ին Facebook-ում, Twitter և Telegram-ում",Sport,https://sport.news.am/arm/news/165907/
«Արարատ-Արմենիան» հաղթեց «Շիրակին» 4:0 (տեսանյութ),"Ֆուտբոլի Հայաստանի Պրեմիեր լիգայի առաջնության 22-րդ տուրում Երեւանի «Արարատ-Արմենիան» հյուրընկալվեց Գյումրիի «Շիրակին» եւ առավելության հասավ 4:0 հաշվով։Դուբլի հեղինակ դարձավ 22-ամյա հարձակվող Արայիկ Էլոյանը։ Աչքի ընկան նաեւ 29-ամյա կոլումբացի կիսապաշտպան Խուան Անդրես Բալանտան եւ 25-ամյա հարձակվող Ժիրայր Շաղոյանը։«Արարատ-Արմենիան» 21 խաղից հետո 45 միավորով գլխավորում է մրցաշարային աղյուսակը, «Շիրակը» նախավերջինն է՝ 12 միավոր։Հայաստանի առաջնություն, 22-րդ տուր«Շիրակ» - «Արարատ-Արմենիա»՝ 0:4Արայիկ Էլոյան, 5, 45, Խուան Անդրես Բալանտա, 70, Ժիրայր Շաղոյան, 83Հետևեք NEWS.am SPORT-ին Facebook-ում, Twitter և Telegram-ում",Sport,https://sport.news.am/arm/news/165908/
"Ալեքսանդրա Գրիգորյան․ Մրցակցությունը շատ մեծ էր, բայց ես կռիվ տվեցի եւ մեդալ նվաճեցի"," Անձնական քաշս դեռ չի հասել 58 կգ-ի, այդ պատճառով արդյունքներս բարձր չեն: Արդյունքիցս գոհ չեմ, քանի որ կարող էի ավելին: Մրցակիցներս լուրջ մրցակցություն ապահովեցին, բայց ես կռիվ տվեցի եւ մեդալ նվաճեցի:Այս մասին լրագրողների հետ զրույցում ասաց Եվրոպայի չեմպիոն, Եվրոպայի կրկնակի փոխչեմպիոն, աշխարհի առաջնության բրոնզե մեդալակիր, գյումրեցի Ալեքսանդրա Գրիգորյանը:Բաթումիում անցկացվող ծանրամարտի Եվրոպայի առաջնությունում Ալեքսանդրա Գրիգորյանը մարզական կարիերայում երկրորդ անգամ նվաճեց արծաթե մեդալ: 2024 թ. Եվրոպայի չեմպիոնը գոհ չի իր արդյունքից, բայց մրցահարթակի ետնաբեմում բարձր տրամադրությամբ ընդունում էր թիմակիցների եւ մարզիչների շնորհավորանքները:«Գոհ չեմ իմ արդյունքից: Կարող էի ավելին, բայց քանի որ կա մեդալ, արդեն ուրախացնում է: Կարեւորն այն է, որ առանց վնասվածքի ավարտեցի մրցելույթս: Մրցակցությունը շատ մեծ էր, մասնավորապես ուկրաինացի ծանրորդները լուրջ մրցակիցներ էին ինձ համար: Ես գիտեի եւ տեսել էի նրանց կարողությունները, հաղթահարեցի լարվածությունս, կռիվ տվեցի եւ կարողացա մեդալ նվաճել:Նշում եմ՝ գոհ չեմ արդյունքիցս, քանի որ ավելիին էի պատրաստվել: Ինձ խանգարեց այն, որ ես հանդես էի գալիս 58 կգ քաշային կարգում, բայց դեռ չեմ հասել 58 կգ, դրա համար արդյունքներս ավելի քիչ են: Ամեն դեպքում, եթե 6 մոտեցում լիարժեք աշխատեի, հնարավոր է՝ եւ չեմպիոն լինեի: Կարեւորը՝ արծաթե մեդալն ունեմ: Պետք է աշխատեմ անձնական քաշս ավելացնել, որ արդյունքներս ավելի բարձր լինեն»- ասաց Ալեքսանդրա Գրիգորյանը:Ալեքսանդրա Գրիգորյանը Բաթումիի մրցահարթակում պարգեւատրվեց Եվրոպայի առաջնության երկու մեդալով՝ երկամարտի արծաթե եւ հրում վարժության փոքր բրոնզե մեդալով:Լուսինե Շահբազյան՝ ԲաթումիիցՀետևեք NEWS.am SPORT-ին Facebook-ում, Twitter և Telegram-ում",Sport,https://sport.news.am/arm/news/165909/
Միհրան Հարությունյան․ Հպարտ կլինեմ դարձյալ ներկայացնել մեր երկիրը (տեսանյութ),"Ռիոյի Օլիմպիական խաղերի փոխչեմպիոն, Եվրոպական խաղերի փոխչեմպիոն, հունահռոմեական ոճի ըմբշամարտի Հայաստանի հավաքականի նախկին անդամ Միհրան Հարությունյանը NEWS.am Sport-ի թղթակցի հետ զրույցում մեկնաբանել է հաղթանակը MMA-ի Ռուսաստանի եւ Տաջիկստանի չեմպիոն Մագոմեդռասուլ Հասանովին առաջին անգամ անցկացված Armat Fight Show մրցաշարում։Երեւանի «Տաշիր Արենայում» անցկացված մենամարտում Միհրան Հարությունյանն առավելության էր հասել երկրորդ ռաունդում տեխնիկական նոկաուտով։Նա առաջին անգամ հայրենիքում մասնակցեց խառը մենամարտերի մրցաշարի։Հետևեք NEWS.am SPORT-ին Facebook-ում, Twitter և Telegram-ում",Sport,https://sport.news.am/arm/news/165910/
ԵԱ․ Մալխաս Ամոյանը եզրափակիչում է,"Փարիզի Օլիմպիական խաղերի բրոնզե մեդալակիր, աշխարհի կրկնակի չեմպիոն, Եվրոպայի քառակի չեմպիոն Մալխաս Ամոյանը դուրս եկավ Ալբանիայի մայրաքաղաք Տիրանայում անցկացվող հունահռոմեական ըմբշամարտի Եվրոպայի առաջնության եզրափակիչ 77 կգ քաշային կարգում։Մալխաս Ամոյանը կիսաեզրափակիչում 3:1 հաշվով հաղթեց Մոլդովայի ներկայացուցիչ Ալեքսանդր Գուտուին։55 կգ քաշային Մանվել Խաչատրյանը կիսաեզրափակիչում 1:3 հաշվով պարտվեց վրացի Վախթանգ Լոլուային եւ բրոնզե մեդալի համար կգոտեմարտի բուլղարացի Ստեֆան Գրիգորովի հետ։63 կգ քաշային Կարեն Ասլանյանը բրոնզե մեդալի համար կգոտեմարտի Լեհաստանը ներկայացնող Մայիրբեկ Սալիմովի հետ։Հետևեք NEWS.am SPORT-ին Facebook-ում, Twitter և Telegram-ում",Sport,https://sport.news.am/arm/news/165911/
Պրեմիեր լիգա․ Մեկնարկում է 34-րդ տուրը,"Ֆուտբոլի Անգլիայի Պրեմիեր լիգայի առաջնությունում ապրիլի 21-ին «Բրայթոն» - «Չելսի» մրցախաղով կմեկնարկի 34-րդ տուրը։Առաջատարը փոխչեմպիոն «Արսենալն» է, որը վաստակել է 70 միավոր։Անգլիայի առաջնություն, 34-րդ տուր«Բրայթոն» - «Չելսի»՝ 23:00 (Երեւանի ժամանակ)Ապրիլի 22«Բորնմուտ» - «Լիդս Յունայթեդ»՝ 23:00«Բարնլի» - «Մանչեսթեր Սիթի»՝ 23:00Ապրիլի 24«Սանդերլենդ» - «Նոթինգեմ Ֆորեսթ»՝ 23:00Ապրիլի 25«Ֆուլհեմ» - «Աստոն Վիլա»՝ 15:30«Լիվերպուլ» - «Քրիսթալ Փելաս»՝ 18:00«Վեստ Հեմ» - «Էվերտոն»՝ 18:00«Վուլվերհեմփթոն» - «Տոտենհեմ»՝ 18:00«Արսենալ» - «Նյուքասլ Յունայթեդ»՝ 20:30Ապրիլի 27«Մանչեսթեր Յունայթեդ» - «Բրենթֆորդ»՝ 23:00Հետևեք NEWS.am SPORT-ին Facebook-ում, Twitter և Telegram-ում",Sport,https://sport.news.am/arm/news/165912/
"Աշխարհի գավաթ․ Արթուր Բազեյանի եւ Նարեկ Մանասյանի հաղթական մեկնարկը 
(տեսանյութ)","Հայաստանի հավաքականի բռնցամարտիկները մեկնարկել են Բրազիլիայում անցկացվող աշխարհի գավաթի խաղարկությունում։60 կգ քաշային Արթուր Բազեյանը մրցավարների միաձայն որոշմամբ հաղթել է Արգենտինայի ներկայացուցիչ Սանտիագո Սելեսին:90 կգ քաշային Նարեկ Մանասյանը նույնպես հաղթանակով է մեկնարկել աշխարհի գավաթում: Նա պայքարից դուրս է թողել վենեսուելացի Վիլմեր Ռոային։Հետևեք NEWS.am SPORT-ին Facebook-ում, Twitter և Telegram-ում",Sport,https://sport.news.am/arm/news/165913/
Ծանրամարտի ԵԱ․ Մրցահարթակ դուրս կգա Եվրոպայի կրկնակի չեմպիոն Գոռ Սահակյանը,"Վրաստանի Բաթումի քաղաքում անցկացվող ծանրամարտի Եվրոպայի առաջնությունում ապրիլի 21-ին Հայաստանը կունենա մեկ ներկայացուցիչ: Մրցահարթակ դուրս կգա Եվրոպայի կրկնակի չեմպիոն, փոխչեմպիոն, աշխարհի առաջնության բրոնզե մեդալակիր, 22-ամյա Գոռ Սահակյանը 71 կգ քաշային կարգում:Այս քաշային կարգում մեդալի համար կպայքարի 10 ծանրորդ: Գոռ Սահակյանի  նախնական հայտը երկամարտում 340 կգ է, որն ամենաբարձրն է: 335 կգ են պատվիրել թուրք Յուսուֆ Գենչը եւ ռուս Յիգոր Պապովը:A խմբի մրցումը կմեկնարկի Երեւանի ժամանակով 19:00-ին։Գոռ Սահակյանը 2018 թ. պատանիների Եվրոպայի չեմպիոն է, 2021 թ. Եվրոպայի Մ20 չեմպիոն, 2022 թ. աշխարհի երիտասարդական առաջնության բրոնզե մեդալակիր, 2022 թ. Եվրոպայի Մ20 չեմպիոն:Մեծահասակներում նորամուտը նշել է 2023 թ. ապրիլին Երեւանում անցկացված Եվրոպայի առաջնությունում, որտեղ 67 կգ քաշայինների պայքարում երկամարտի 370 կգ արդյունքով հռչակվեց չեմպիոն (145+175):2023 թ. սեպտեմբերին Սահակյանն առաջին անգամ մասնակցեց նաեւ մեծահասակների աշխարհի առաջնությանը: Սաուդյան Արաբիայի մայրաքաղաք Էր Ռիյադում տեղի ունեցած առաջնությունում երկամարտի 312 կգ արդյունքով նվաճեց բրոնզե մեդալ (142 +170):2024 թ. Բուլղարիայի մայրաքաղաք Սոֆիայում անցկացված Եվրոպայի առաջնությունում Գոռ Սահակյանը երկրորդ անգամ նվաճեց չեմպիոնի տիտղոսը։ 67 կգ քաշային կարգում Սահակյանը երկամարտում հավաքեց 311 կգ (140+171)։Հոկտեմբերին Լեհաստանում անցկացված Եվրոպայի մինչեւ 23 տարեկանների առաջնությունում երկամարտի 320 կգ արդյունքով (140+180 կգ) նվաճեց ոսկե մեդալ:2024 թ. Բահրեյնում անցկացված աշխարհի առաջնությունում 73 կգ քաշայինների պայքարում Սահակյանը երկամարտում գրանցեց 331 կգ արդյունք (146+185) եւ պայքարն ավարտեց 8-րդ տեղում:2025 թ. ապրիլին Մոլդովայի մայրաքաղաք Քիշնեւում անցկացված Եվրոպայի առաջնությունում 73 կգ քաշայինների պայքարում Գոռ Սահակյանը երկամարտի  338 կգ արդյունքով նվաճեց փոխչեմպիոնի կոչումը (153+185):2025 թ. հոկտեմբերին Նորվեգիայի Ֆյորդե քաղաքում անցկացված աշխարհի առաջնությունում Գոռ Սահակյանը պոկում վարժությունում 154 կգ արդյունքով նվաճեց փոքր արծաթե մեդալ, սակայն հրում վարժությունում չկարողացավ բարձրացնել պատվիրած քաշը՝ 182 կգ եւ երկամարտում արդյունք չգրանցեց։Հայաստանի առաջին մեդալը Բաթումիում անցկացվող Եվրոպայի առաջնությունում նվաճել է Գառնիկ Չոլակյանը: 60 կգ քաշայինների պայքարում Չոլակյանը դարձավ Եվրոպայի փոխչեմպիոն: Երկամարտում նա հավաքեց 274 կգ (124+150): Կանանց հավաքականից Ալեքսանդրա Գրիգորյանը (58 կգ) երկամարտի 210 կգ արդյունքով նվաճեց արծաթե մեդալ (91+119):Հայասստանի հավաքականները Եվրոպայի առաջնությանը մասնակցում են 16 ծանրորդով՝ 8 տղամարդ, 8 կին:Հակոբ Փիլոսյանի գլխավորած հավաքականի կազմում Բաթումիի մրցահարթակում մասնակցում են նաեւ  Մարտին Պողոսյանը (79 կգ), Ռաֆիկ Հարությունյանը (88 կգ), Արա Աղանյանը (94 կգ), Սիմոն Մարտիրոսյանը եւ Գարիկ Կարապետյանը (երկուսն էլ՝ 110 կգ) եւ Վարազդատ Լալայանը (+110 կգ):Արտաշես Ներսիսյանի գլխավորած հավաքականի կազմում Բաթումիի մրցահարթակում կանանց մասնակցում են նաեւ Աննա Ամրոյանը եւ Ալինա Սուքիասյանը (77 կգ), Էմմա Պողոսյանը եւ Լիանա Գյուրջյանը (86 կգ) եւ Տաթեւ Հակոբյանը (+86 կգ):Հետևեք NEWS.am SPORT-ին Facebook-ում, Twitter և Telegram-ում",Sport,https://sport.news.am/arm/news/165914/
Ալկարասն ու Սաբալենկան՝ Laureus World Sports Awards-ի դափնեկիրներ,"Աշխարհի երկրորդ ռակետ, իսպանացի թենիսիստ Կառլոս Ալկարասն արժանացավ Laureus World Sports Awards-ի վարկածով աշխարհի լավագույն մարզիկի մրցանակին։ Մադրիդում անցկացված մրցանակաբաշխությունում նրան պարգեւատրել են «Ռեալի» նախկին խաղացողներ Իկեր Կասիլյասն ու Լուիշ Ֆիգուն։Աշխարհի լավագույն մարզիկի մրցանակին հավակնում էին նաեւ աշխարհի առաջին ռակետ, իտալացի թենիսիստ Յանիկ Սիները, Ֆրանսիայի չեմպիոն եւ Չեմպիոնների լիգայի գավաթակիր ՊՍԺ-ի ֆրանսիացի հարձակվող Ուսման Դեմբելեն, ձողացատկի աշխարհի ռեկորդակիր, շվեդ Արման Դյուպլանտիսը, MotoGP-ի վեցակի չեմպիոն, իսպանացի մոտոարշավորդ Մարկ Մարկեսը, «Տուր դը Ֆրանսի» քառակի հաղթող, սլովենացի հեծանվորդ Տադեյ Պոգաչարը։Լավագույն մարզուհու մրցանակին արժանացավ աշխարհի առաջին ռակետ, Բելառուսը ներկայացնող թենիսիստուհի Արինա Սաբալենկան։Laureus World Sports Awards-ի քվեարկությանը մասնակցում են ավելի քան 70 երկրների մոտ 1000 մարզական լրատվամիջոցների ներկայացուցիչներ։Հետևեք NEWS.am SPORT-ին Facebook-ում, Twitter և Telegram-ում",Sport,https://sport.news.am/arm/news/165915/
Իտալիայի գավաթ․ Մեկնարկում են կիսաեզրափակիչի պատասխան հանդիպումները,"Ֆուտբոլի Իտալիայի գավաթի խաղարկությունում ապրիլի 21-22-ին տեղի կունենան կիսաեզրափակիչի պատասխան հանդիպումները։Ապրիլի 21-ին փոխչեմպիոն Միլանի «Ինտերը» կընդունի «Կոմոյին»։ Առաջին խաղում գրանցվել էր ոչ ոքի՝ 0:0:Ապրիլի 22-ին Բերգամոյի «Ատալանտան» տանը կմրցի Հռոմի «Լացիոյի» հետ։ Առաջին հանդիպումն ավարտվել էր 2:2 հաշվով։Պատասխան հանդիպումները կմեկնարկեն Երեւանի ժամանակով 23:00-ին։Հետևեք NEWS.am SPORT-ին Facebook-ում, Twitter և Telegram-ում",Sport,https://sport.news.am/arm/news/165916/
Իտալիայի Ա Սերիա․ 33-րդ տուրի արդյունքներն ու մրցաշարային դրությունը,"Ֆուտբոլի Իտալիայի Ա Սերիայի առաջնությունում ավարտվել են 33-րդ տուրի հանդիպումները։Առաջատարը «Ինտերն» է, որը վաստակել է 78 միավոր։ Իտալիայի առաջնություն, 33-րդ տուր«Սասուոլո» - «Կոմո»՝ 2:1«Ինտեր» - «Կալյարի»՝ 3:0«Ուդինեզե» - «Պարմա»՝ 0:1«Նապոլի» - «Լացիո»՝ 2:0«Ռոմա» - «Ատալանտա»՝ 1:1«Կրեմոնեզե» - «Տորինո»՝ 0:0«Վերոնա» - «Միլան»՝ 0:1«Պիզա» - «Ջենոա»՝ 1:2«Յուվենտուս» - «Բոլոնիա»՝ 2:0«Լեչե» - «Ֆիորենտինա»՝ 1:1Հետևեք NEWS.am SPORT-ին Facebook-ում, Twitter և Telegram-ում",Sport,https://sport.news.am/arm/news/165919/
Ծառուկյանը պատրաստ է փոխել քաշային կարգը եւ մենամարտել Վոլկանովսկու հետ,"Խառը մենամարտերի թեթեւ քաշային կարգում (70 կգ) UFC դասակարգման երկրորդ համար Արման Ծառուկյանը պատրաստ է փոխել քաշային կարգը եւ մենամարտել կիսաթեթեւ քաշային կարգում (66 կգ) UFC չեմպիոն, Ավստրալիան ներկայացնող մակեդոնացի Ալեքսանդր Վոլկանովսկու հետ։«Հաջորդ մենամրատը կլինի հունիսին։ Հիմա որոշվում է, թե ում հետ կմենամարտեմ։ Հնարավոր է՝ իջնեմ 66 կգ եւ մենամարտեմ տիտղոսի համար։Կցանկանայի մնալ իմ քաշային կարգում, բայց կմենամարտեմ Վոլկանովսկու հետ, եթե չառաջարկեն իմ քաշային կարգում»,- Ծառուկյանի խոսքը մեջբերում է Home of Fight-ը։29-ամյա Ծառուկյանը MMA-ում ունի 23 հաղթանակ, 3 պարտություն։Հետևեք NEWS.am SPORT-ին Facebook-ում, Twitter և Telegram-ում",Sport,https://sport.news.am/arm/news/165920/
ՊՍԺ-ն՝ Laureus World Sports Awards-ի դափնեկիր,"Ֆուտբոլի Ֆրանսիայի չեմպիոն եւ Չեմպիոնների լիգայի գավաթակիր ՊՍԺ-ն ճանաչվել է տարվա լավագույն թիմ Laureus World Sports Awards-ի վարկածով։2025 թվականին իսպանացի Լուիս Էնրիկեի գլխավորած թիմը նվաճեց 6 տիտղոս։ Թիմն առաջին անգամ հաղթեց Չեմպոնների լիգայում։Մրցանակին հավակնում էին նաեւ ֆուտբոլի կանանց Եվրոպայի չեմպիոն Անգլիայի հավաքականը, Բասկետբոլի ազգային ասոցիացիայի (NBA) չեմպիոն «Օկլահոմա Սիթի Թանդերը», Ֆորմուլա-1-ի կոնստրուկտորների գավաթը նվաճած «Մաքլարենը», կրիկետի կանանց Հնդկաստանի հավաքականը եւ գոլֆի Եվրոպայի հավաքականը։Laureus World Sports Awards-ի վարկածով տարվա լավագույն մարզիկ էր ճանաչվել աշխարհի առաջին ռակետ, իսպանացի թենիսիստ Կառլոս Ալկարասը, լավագույն մարզուհի՝ աշխարհի առաջին ռակետ, Բելառուսը ներկայացնող թենիսիստուհի Արինա Սաբալենկան։Հետևեք NEWS.am SPORT-ին Facebook-ում, Twitter և Telegram-ում",Sport,https://sport.news.am/arm/news/165921/
«Վուլվերհեմփթոնը» կլքի Պրեմիեր լիգան,"«Վուլվերհեմփթոնն» առաջին թիմն է, որն այս մրցաշրջանի արդյունքում կլքի անգլիական Պրեմիեր լիգան եւ հաջորդ մրցաշրջանում հանդես կգա Չեմպիոնշիփում։Պրեմիեր լիգայի առաջնության ավարտից 5 տուր առաջ «Վուլվերհեմփթոնն» ունի 17 միավոր եւ կորցրել է բարձրագույն դիվիզիոնում մնալու տեսական հնարավորությունը։2018-ից հետո «Վուլվերհեմփթոնն» առաջին անգամ կնահանջի Չեմպիոնշիփ։Վտանգավոր գոտում են նաեւ «Տոտենհենհեմն» (31 միավոր) ու «Բարնլին» (20 միավոր)։Պրեմիեր լիգայի ուղեգիր է նվաճել Չեմպիոնշիփի առաջատար «Քովենթրի Սիթին», որի գլխավոր մարզիչն է Անգլիայի հավաքականի եւ «Չելսիի» լեգենդար խաղացող Ֆրենկ Լեմպարդը։Հետևեք NEWS.am SPORT-ին Facebook-ում, Twitter և Telegram-ում",Sport,https://sport.news.am/arm/news/165922/
NBA-ի փլեյ-օֆֆ․ Օրվա արդյունքներն ու լավագույն դրվագները (տեսանյութ),"Բասկետբոլի ազգային ասոցիացիայի առաջնությունում շարունակվում են փլեյ-օֆֆի առաջին շրջանի հանդիպումները․«Քլիվլենդ Քավալիերս» - «Տորոնտո Ռեփթորս»՝ 115:105 (շարքի հաշիվը՝ 2-0)«Նյու Յորք Նիքս» - «Ատլանտա Հոուքս»՝ 106:107 (1-1)«Դենվեր Նագեթս» - «Մինեստոա Թիմբերվուլվզ»՝ 114:119 (1-1)Հետևեք NEWS.am SPORT-ին Facebook-ում, Twitter և Telegram-ում",Sport,https://sport.news.am/arm/news/165923/
Մոդրիչը 14-րդ անգամ ճանաչվեց Խորվաթիայի լավագույն ֆուտբոլիստ,"Իտալական «Միլանի» կիսապաշտպան Լուկա Մոդրիչը ճանաչվել է 2025թ. Խորվաթիայի լավագույն ֆուտբոլիստ։40-ամյա ֆուտբոլիստն այս մրցանակին արժանացավ 14-րդ անգամ եւ 10-րդ անգամ անընդմեջ։Իտալիայի ընթացիկ առաջնությունում Մոդրիչը մասնակցել է 32 հանդիպման, խփել է 2 գոլ, կատարել 3 գոլային փոխանցում։Հետևեք NEWS.am SPORT-ին Facebook-ում, Twitter և Telegram-ում",Sport,https://sport.news.am/arm/news/165924/
ԵԱ. Գասպար Տերտերյանը հաղթեց ադրբեջանցուն եւ կիսաեզրափակիչում է,"Ալբանիայի մայրաքաղաք Տիրանայում անցկացվող հունահռոմեական ըմբշամարտի Եվրոպայի առաջնությունում 72 կգ քաշային Գասպար Տերտերյանը քառորդ եզրափակիչում գերլարված գոտեմարտում 1։1 հաշվով հաղթեց Ադրբեջանի ներկայացուցիչ Ռուսլան Նուռուլաևին ու նվաճեց կիսաեզրափակչի ուղեգիր։Գասպար Տերտերյանի հաջորդ մրցակիցը կլինի Ֆրանսիայի ներկայացուցիչ Իբրահիմ Մահմուդ Գանեմը։60 կգ քաշային Սուրեն Աղաջանյանը 1 րոպեում 8։0 հաշվով հաղթեց ռուսաստանցի Սուներ Կոնունովին եւ նույնպես դուրս եկավ կիսաեզրափակիչ։Սուրեն Աղաջանյանը եզրափակիչի ուղեգրի համար կգոտեմարտի ադրբեջանցի Նիհատ Մամադլիի հետ։67 կգ քաշային Սլավիկ Գալստյանը քառորդ եզրափակիչում 0։5 հաշվով պարտվեց թուրք Մուրատ Ֆիրատին։82 կգ քաշային Սամվել Գրիգորյանը քառորդ եզրափակչում 5:8 հաշվով պարտվեց խորվաթ Կառլո Կոդրիչին։Հետևեք NEWS.am SPORT-ին Facebook-ում, Twitter և Telegram-ում",Sport,https://sport.news.am/arm/news/165926/
Ֆլիկ. «Բարսելոնան» վերջին քայլն է իմ կարիերայում,"Իսպանիայի չեմպիոն «Բարսելոնայի» 61-ամյա գերմանացի գլխավոր մարզիչ Հանս-Դիտեր Ֆլիկը խոսել է իր պրոֆեսիոնալ ապագայի մասին։«Այս ակումբը կլինի վերջին քայլն իմ կարիերայում։ Այո, ես կցանկանայի երկարաձգել պայմանագիրը «Բարսելոնայի» հետ, բայց հիմա դրա մասին խոսելու ժամանակը չէ։ Բոլորը գիտեն, որ ես շատ գոհ եմ այս աշխատանքից, բայց ես պետք է ամեն ինչ քննարկեմ ընտանիքիս հետ։ Հիմա դա քննարկելու հարմար պահ չէ»,– Ֆլիկի խոսքը մեջբերում է Mundo Deportivo-ն։Ֆլիկի գործող պայմանագիրը «Բարսելոնայի» հետ նախատեսված է մինչեւ 2027թ. հունիս, եւս մեկ տարով երկարաձգելու հնարավորությամբ։ Ֆլիկը 2024թ. մայիսից է գլխավորում «Բարսելոնան»։Հետևեք NEWS.am SPORT-ին Facebook-ում, Twitter և Telegram-ում",Sport,https://sport.news.am/arm/news/165927/
"Ռուբեն Նազարեթյանը հեռացավ ֆուտզալի Հայաստանի հավաքականի գլխավոր մարզիչի 
պաշտոնից","ՀՖՖ Տեխնիկական կենտրոն/Ֆուտբոլի ակադեմիայում ՀՖՖ Նախագահ Արմեն Մելիքբեկյանը ներկայացրել է ֆուտզալի ազգային հավաքականի փոփոխությունները:Հանդիպմանը ներկա են եղել ՀՖՖ բոլոր բաժինների ղեկավարները և ֆուտզալի Հայաստանի ազգային հավաքականի անդամները։Ռուբեն Նազարեթյանն այսուհետեւ կզբաղեցնի ՀՖՖ նախագահի գլխավոր խորհրդականի պաշտոնը: Հայաստանի հավաքականը կգլխավորի իսպանացի մասնագետ Անտոնիո Ֆերնանդեսը, որը ազգային թիմում աշխատում է տևական ժամանակ, հաղորդում է ՀՖՖ–ի կայքը։ՀՖՖ նախագահ Արմեն Մելիքբեկյանը շնորհակալություն է հայտնել Ռուբեն Նազարեթյանին կատարած ահռելի աշխատանքի համար։«24 տարի անց Ռուբեն Նազարեթյանը որոշել է անցնել այլ աշխատանքի ՀՖՖ-ում։ Սա նոր էջ է, որը կնպաստի հայկական ֆուտզալի ու ֆուտբոլի զարգացմանը։ Շնորհակալական խոսքերը քիչ են, քանի որ այս ընթացքում բազմաթիվ դժվարություններ են հաղթահարվել։ Թե՛ նախորդ, թե՛ այս տարի ունեցանք նաև մի շարք երջանիկ պահեր։ Չեխիայի և Ուկրաինայի դեմ խաղերից հետո բոլորիս էմոցիաներն անմոռանալի էին։ Դրա համար ևս մեկ անգամ շնորհակալություն եմ հայտնում։ Այսուհետ Ռուբեն Նազարեթյանը լինելու է ՀՖՖ նախագահի գլխավոր խորհրդական։ Մենք միասին փորձում ենք մեծ միջազգային նախագիծ բերել Հայաստան, այս պահին բանակցություններ են ընթանում են, հուսով եմ՝ կստացվի և Ռուբեն Նազարեթյանի երազանքը կկատարվի՝ բրազիլական համակարգով ֆուտբոլի-ֆուտզալի դպրոց կունենանք։Վերջին տարիներին Ռուբեն Նազարեթյանը ՈՒԵՖԱ-ի ֆուտզալի կոմիտեի անդամ է, և այնտեղ նրա աշխատանքը մեծ դեր ունի։ Ես՝ որպես ՈՒԵՖԱ-ի Գործադիր կոմիտեի անդամ և Ռուբեն Նազարեթյանը փորձելու ենք նախագծեր իրականացնել, որը մեծապես կնպաստի միջազգային ասպարեզում ֆուտզալի զարգացմանը։ Կարծում եմ՝ գալիք 1-2 տարվա ընթացքում մեր միջազգային նախագծերը կյանքի կկոչվեն։Նազարեթյանին ֆուտզալի աշխարհը գիտի, մշտապես լսում է, կարծիք է հարցնում և ֆուտզալի կոմիտեում նա առանցքային դեր ունի։Հիմա ճիշտ ժամանակն է փորձել ավելի մեծ մասսայականություն տալ մարզաձևին և ավելի լայն ներկայացվածություն ունենալ եվրոպական ասպարեզում։ Անտոնիոյին մաղթում եմ բարի երթ։ ՀՖՖ-ն ֆուտզալում պետք է ունենա ամենաբարձր նպատակները, պետք է առաջնորդվենք այդ նպատակներով։ Բոլորս տեսել ենք՝ ինչ է նշանակում խաղալ ամենաբարձր մակարդակով և ցանկանում ենք կրկնել այն։ Կարծում եմ՝ միասնական լինելով կկարողանանք անել դա և բոլորիս ջանքերով ամեն ինչ ստացվելու է։ Հայկական ֆուտզալը շարունակելու է ուրախացնել բոլորիս»։Ռուբեն Նազարեթյանը նշեց՝ եկել էր ժամանակը գլխավոր մարզչի պաշտոնից հեռանալու համար։«Շնորհակալ եմ բոլորին, որոնք 2002թ-ից եղել են մեզ հետ՝ աջակցել ու հավատացել են այս ծրագրին։ Շնորհակալ եմ բոլոր խաղացողներին, որոնց հետ բոլոր դժվարությունները հաղթահարելով հասել ենք Եվրոպայի առաջնություն։ Շնորհակալ եմ ՀՖՖ ներկայիս ղեկավարությանը՝ ծրագրին հավատալու, մեր կողքին կանգնելու համար։ Հրաժեշտ եմ տալիս այն մտքով, որ իմ առաքելությունը որպես գլխավոր մարզիչ ավարտված է։ Ինձ սպասում է շատ ավելի բարդ աշխատանք, քանի որ բոլոր ծրագրերը, որոնք ունենք, շատ ավելի ջանք ու եռանդ է պահանջելու։ Նոր գլխավոր մարզիչն արդեն 1,5-2 տարի պրոցեսի մեջ է։ Արդեն հասկացել է՝ ինչ է Հայաստանի հավաքականն ու ընտանիք հասկացողությունը։ Անտոնիոյի համար բարդ է լինելու, քանի որ հասել ենք մի կետի, որից ցածր չենք կարող մրցել։ Մշտապես լինելու եմ Անտոնիոյի կողքին։ Հավատում ենք նրան ու մարզչական շտաբին։ Գիտեմ, որ թիմը մշտապես լինելու է բարձունքում։ Հեռանալու որոշումը նոր չեմ կայացրել։ Այն ընդունել եմ Եվրոպայի առաջնության մրցափուլից առաջ»։  Նորանշանակ գլխավոր մարզիչ Անտոնիո Ֆերնանդեսը շեշտեց՝ առաջին օրվանից իրեն ընդունել են որպես ընտանիքի անդամ։«Մինչև իմ այստեղ գալը ֆուտզալի ոլորտում հսկայական աշխատանք է կատարվել։ Մեր առաքելությունը հստակ է՝ պետք է շարունակել կերտել պատմություն, անել այն, ինչ կարող ենք։ Մեր առջև կա մի բարդ մարտահրավեր՝ նվաճել Աշխարհի առաջնության ուղեգիր։ Եվրոպայից հիմնական փուլ են դուրս գալիս միայն մեծ թիմերը։ Առավելագույն ջանքերը պետք է գործադրենք այդ մարտահրավերին դիմակայելու, մեր նպատակին հասնելու համար։ Ակնհայտ է՝ Հայաստանի հավաքականի բոլոր մրցակիցներն արդեն ավելի լուրջ են վերաբերվում մեզ, դա շատ կարևոր է։ Կշարունակեմ անել այն, ինչ արել եմ այս ընթացքում ու կրկին հաճույք կստանամ մեր ֆուտբոլիստների հետ աշխատանքից»։ Անտոնիո Ֆերնանդեսի գլխավորությամբ հավաքականը սկսել է ուսումնամարզական հավաքը։ Այն կշարունակվի մինչև ապրիլի 25-ը։Հետևեք NEWS.am SPORT-ին Facebook-ում, Twitter և Telegram-ում",Sport,https://sport.news.am/arm/news/165928/
ԵԱ. Սուրեն Աղաջանյանը հաղթեց ադրբեջանցուն եւ կպայքարի ոսկե մեդալի համար,"Հունահռոմեական ըմբշամարտի 2026թ .Եվրոպայի Մ23 չեմպիոն Սուրեն Աղաջանյանը դուրս եկավ Ալբանիայի մայրաքաղաք Տիրանայում անցկացվող Եվրոպայի առաջնության եզրափակիչ։60 կգ քաշային կարգի կիսաեզրափակիչում Հայաստանի ներկայացուցիչը տուշեով 8:1 հաշվով հաղթեց աշխարհի ու Եվրոպայի չեմպիոն, ադրբեջանցի Նիհատ Մամադլիին։Քառորդ եզրափակիչում Սուրեն Աղաջանյանը 1 րոպեում 8։0 հաշվով հաղթել էր ռուսաստանցի Սուներ Կոնունովին։Հետևեք NEWS.am SPORT-ին Facebook-ում, Twitter և Telegram-ում",Sport,https://sport.news.am/arm/news/165929/
ԵԱ. Գասպար Տերտերյանը պարտվեց կիսաեզրափակիչում,"Ալբանիայի մայրաքաղաք Տիրանայում անցկացվող հունահռոմեական ըմբշամարտի Եվրոպայի առաջնությունում 72 կգ քաշային Գասպար Տերտերյանը չկարողացավ դուրս գալ եզրափակիչ։Հայաստանի ներկայացուցիչը կիսաեզրափակիչում 1։6 հաշվով պարտվեց Ֆրանսիայի ներկայացուցիչ Իբրահիմ Մահմուդ Գանեմին։Գասպար Տերտերյանը կգոտեմարտի բրոնզե մեդալի համար։Քառորդ եզրափակիչում Գասպար Տերտերյանը գերլարված գոտեմարտում 1։1 հաշվով հաղթել էր Ադրբեջանի ներկայացուցիչ Ռուսլան Նուռուլաևին։Հետևեք NEWS.am SPORT-ին Facebook-ում, Twitter և Telegram-ում",Sport,https://sport.news.am/arm/news/165930/
Գոռ Սահակյանն առաջինն է պոկում վարժությունից հետո (ֆոտո),"Եվրոպայի կրկնակի չեմպիոն Գոռ Սահակյանն պոկում վարժության փոքր ոսկե մեդալ նվաճեց Վրաստանի Բաթումի քաղաքում անցկացվող Եվրոպայի առաջնությունում: Աշխարհի բրոնզե մեդալակիրը առաջին մոտեցմամբ պոկեց 146 կգ: Երկրորդ մոտեցման համար Հայաստանի հավաքականի մարզիչները պատվիրեցին 151 կգ, որը նույնպես հաջողությամբ պոկեց եւ ապահովեց առաջին տեղը պայքարում: Երրորդ մոտեցման համար Սահակյանը ցանկանում էր Եվրոպայի ռեկորդ սահմանել պոկում վարժությունում՝ բարձրացնելով 155 կգ, բայց ձախողեց: Պոկում վարժությունում 147 կգ արդյունք ցույց տվեց ադրբեջանցի Իսա Ռուստամովը, նույնքան արդյունքով երրորդ տեղում թուրք Յուսուֆ Գենչն է: Քիչ անց կմեկնարկի հրում վարժությունը: Ընդմիջում է:Հետևեք NEWS.am SPORT-ին Facebook-ում, Twitter և Telegram-ում",Sport,https://sport.news.am/arm/news/165931/
ԵԱ․ Կարեն Ասլանյանը՝ բրոնզե մեդալակիր,"Կարեն Ասլանյանը բրոնզե մեդալ նվաճեց Ալբանիայի մայրաքաղաք Տիրանայում անցկացվող հունահռոմեական ըմբշամարտի Եվրոպայի առաջնությունում։63 կգ քաշային կարգում բրոնզե մեդալի համար գոտեմարտում Կարեն Ասլանյանի մրցակիցը Լեհաստանի ներկայացուցիչ Մայիրբեկ Սալիմովն էր։Հայաստանի ներկայացուցիչն առավելության հասավ 11:0 հաշվով։55 կգ քաշային Մանվել Խաչատրյանը բրոնզե մեդալի համար գոտեմարտում 1:3 հաշվով պարտվեց բուլղարացի Ստեֆան Գրիգորովին։Հետևեք NEWS.am SPORT-ին Facebook-ում, Twitter և Telegram-ում",Sport,https://sport.news.am/arm/news/165932/
Գոռ Սահակյանը՝ Եվրոպայի կրկնակի փոխչեմպիոն (ֆոտո),"Վրաստանի Բաթումի քաղաքում անցկացվող ծանրամարտի Եվրոպայի առաջնությունում 71 կգ քաշայինների պայքարում Գոռ Սահակյանը երկամարտի 330 կգ արդյունքով նվաճեց արծաթե մեդալ (150+180):Աշխարհի բրոնզե մեդալակիրը առաջին մոտեցմամբ պոկեց 146 կգ: Երկրորդ մոտեցման համար Հայաստանի հավաքականի մարզիչները պատվիրեցին 151 կգ, որը նույնպես հաջողությամբ պոկեց եւ ապահովեց առաջին տեղը պայքարում: Երրորդ մոտեցման համար Սահակյանը155 կգ-ով ցանկանում էր սահմանել Եվրոպայի ռեկորդ պոկում վարժությունում, բայց ձախողեց: Այս վարժությունում Սահակյանը նվաճեց փոքր ոսկե մեդալ:Հրում վարժությունում Սահակյանը պայքարը սկսեց 180 կգ-ով եւ հաջողությամբ բարձրացրեց: Երկրորդ մոտեցման համար պատվիրված 185 կգ-ը ձախողեց: Այս վարժությունում Սահակյանը նվաճեց փոքր բրոնզե մեդալ:Եվրոպայի չեմպիոնի տիտղոսը 332 կգ արդյունքով նվաճեց  թուրք Յուսուֆ Գենչը: Բրոնզե մեդալակիր դարձավ ռուս Յեգոր Պոպովը՝ 328 կգ:Գոռ Սահակյանը Եվրոպայի փոխչեմպիոն էր դարձել նաեւ 2025-ին Մոլդովայի մայրաքաղաք Քիշնեւում անցկացված առաջնությունում:  73 կգ քաշայինների պայքարում Սահակյանը երկամարտում գրանցել էր  338 կգ արդյունք:Հետևեք NEWS.am SPORT-ին Facebook-ում, Twitter և Telegram-ում",Sport,https://sport.news.am/arm/news/165933/
Մալխաս Ամոյանը՝ Եվրոպայի հնգակի չեմպիոն,"Փարիզի Օլիմպիական խաղերի բրոնզե մեդալակիր, աշխարհի կրկնակի չեմպիոն Մալխաս Ամոյանը նվաճեց Եվրոպայի առաջնության 5-րդ ոսկե մեդալը։Ալբանիայի մայրաքաղաք Տիրանայում անցկացվող հունահռոմեական ըմբշամարտի Եվրոպայի առաջնության եզրափակիչում 77 կգ քաշային ըմբիշը հաղթեց վրացի Ռամազ Զոիձեին։Մալխաս Ամոյանը կիսաեզրափակիչում 3:1 հաշվով հաղթել էր Մոլդովայի ներկայացուցիչ Ալեքսանդր Գուտուին։Հետևեք NEWS.am SPORT-ին Facebook-ում, Twitter և Telegram-ում",Sport,https://sport.news.am/arm/news/165934/
Գոռ Սահակյան. Արդեն քանի տարի ինչ-որ բան ինձ խանգարում է,"Արդեն որերորդ տարին ինչ-որ բան ինձ խանգարում է եւ դա քաշային փոփոխությունն է: Ես վերջին 2-3 տարում երկու անգամ քաշ եմ փոխել, այս առաջնությունից հետո էլ եմ փոխելու եւ հանդես եմ գալում 75-ում: Ուրախ եմ, որ այս մեդալը եւս ունեմ:Այսպես իր արծաթե մեդալը մեկնաբանեց Եվրոպայի կրկնակի չեմպիոն, փոխչեմպիոն Գոռ Սահակյանը:Վրաստանի Բաթումի քաղաքում անցկացվող ծանրամարտի Եվրոպայի առաջնությունում 71 կգ քաշայինների պայքարում Սահակյանը երկամարտի 330 կգ արդյունքով նվաճեց արծաթե մեդալ (150+180):«Այս առաջնությանը լիարժեք պատրաստ էի, ամեն ինչ արել էի, որ լավագույնս  հանդես գայի: Ինչ-ինչ պատճառներով ինչ-որ բան ինձ խանգարեց լավ մասնակցել: Մարզումներին բարձրացրել էի բոլոր այն կիլոգրամները, որոնք այսօր ձախողեցի: Քաշային կարգս փոխելու եմ: Կփորձեմ այնպես անել, որ բոլոր սխալներս շտկվեն, լավ հանդես գամ:Օլիմպիական խաղերի համար տեղափոխվեցի 73 կգ քաշային կարգ: Խաղերից հետո քաշերը փոխվեցին եւ տեղափոխվեցի 71 կգ: Եվրոպայի առաջնությունից հետո նորից փոխվելու է քաշային կարգս՝ 75 կգ: Երեւի դա կլինի վերջին փոփոխությունը եւ այդ քաշում կպատրաստվեմ Լոս Անջելես-2028-ի Օլիմպիական խաղերին:Այսօր մրցում էի իմ հիմնական մրցակիցների հետ, որոնց հետ պայքարում եմ շուրջ 2-3 տարի: Պոկում վարժությունում չստացվեց այն, ինչ պատրաստել էի մարզումներին:  Եթե երրորդ մոտեցումն ինձ մոտ ստացվեր, արդեն ուրիշ պայքար կգնար: Հրում վարժության մասին կասեմ՝ այն կիլոգրամը չէր, որը պետք է բարձրացնեի:Ուրախ եմ, որ այս մեդալը եւս ունեմ, որի համար շնորհակալ եմ իմ մարզիչներին, ընկերներին իմ կողքը լիելու համար:Արդեն որերրորդ տարին է, ինչ-որ բան ինձ խանգարում է, պարբերաբար քաշային կարգ փոխելն է ինձ խանգարում: Ծանրամարտում մի քիչ դժվար է այսքան հաճախակի քաշ փոխել, անգամ 1 կգ-ն ազգում է: Ես 2-3 տարի անդադար քաշեր եմ փոխում: Անելու եմ ամեն ինչ, որ 75 կգ քաշային կարգում լավագույնս լինեմ»,- ասաց Գոռ Սահակյանը:Գոռ Սահակյանը Բաթումիում պարգեւատրվեց երկամարտի արծաթե, պոկում վարժության փոքր ոսկե եւ հրում վարժության փոքր բրոնզե մեդալներով:Եվրոպայի կրկնակի չեմպիոնին առանձին շնորհավորեց եռակի Օլիմպիական չեմպիոն, 7-ակի աշխարհի եւ Եվրոպայի չեմպիոն Լաշա Տալախաձեն:Լուսինե Շահբազյան՝ ԲաթումիիցՀետևեք NEWS.am SPORT-ին Facebook-ում, Twitter և Telegram-ում",Sport,https://sport.news.am/arm/news/165935/
«Ինտերի» մեկնարկային կազմը,"I nostri  per #InterComo Forza ragazzi @play_eFootball pic.twitter.com/ifKfNUe6JiՖուտբոլի Իտալիայի գավաթի խաղարկության կիսաեզրափակիչի պատասխան խաղում «Ինտերը» կընդունի «Կոմոյին»։Միլանյան թիմի ռումինացի գլխավոր մարզիչ Կրիստիան Կիվուն հրապարակել է մեկնարկային կազմը՝ Հայաստանի հավաքականի նախկին ավագ, կիսապաշտպան Հենրիխ Մխիթարյանին թողնելով պահեստայինների թվում։«Ինտեր»․ Մարտինես, Ականջի, Աչերբի, Աուգուստո, Լուիս Էնրիկե, Բարելա, Չալհանօղլու, Զելինսկի, Դիմարկո, Բոնի, Տյուրամ։«Ինտեր» - «Կոմո» հանդիպումը կմեկնարկի Երեւանի ժամանակով 23:00-ին։Առաջին խաղում գրանցվել էր ոչ ոքի՝ 0:0:Հետևեք NEWS.am SPORT-ին Facebook-ում, Twitter և Telegram-ում",Sport,https://sport.news.am/arm/news/165936/
Օրվա հանդիպումների անոնս,"Ֆուտբոլի Անգլիայի, Իսպանիայի եւ Ֆրանսիայի առաջնություններում ապրիլի 22-ին կշարունակվեն հերթական տուրերի հանդիպումները։Իտալիայում, Գերմանիայում եւ Ֆրանսիայում տեղի կունենան գավաթային հանդիպումներ։Անգլիայի առաջնություն, 34-րդ տուր«Բորնմուտ» - «Լիդս Յունայթեդ»՝ 23:00 (Երեւանի ժամանակ)«Բարնլի» - «Մանչեսթեր Սիթի»՝ 23:00Իսպանիայի առաջնություն, 33-րդ տուր«Էլչե» - «Աթլետիկո Մադրիդ»՝ 21։00«Ռեալ Սոսիեդադ» - «Խետաֆե»՝ 22։00«Բարսելոնա» - «Սելտա»՝ 23։30Ֆրանսիայի առաջնություն, 26-րդ տուրՊՍԺ - «Նանտ»՝ 21:00Իտալիայի գավաթ, կիսաեզրափակիչ, պատասխան հանդիպում«Ատալանտա» - «Լացիո»՝ 23:00 (առաջին հանդիպում՝ 2:2)Գերմանիայի գավաթ, կիսաեզրափակիչ«Բայեր» - «Բավարիա»՝ 22:45Ֆրանսիայի գավաթ, կիսաեզրափակիչ«Ստրասբուրգ» - «Նիցա»՝ 23:00Հետևեք NEWS.am SPORT-ին Facebook-ում, Twitter և Telegram-ում",Sport,https://sport.news.am/arm/news/165937/
«Չելսին» պարտվեց «Բրայթոնին» (տեսանյութ),"Անգլիայի Պրեմիեր լիգայի առաջնության 34-րդ տուրում աշխարհի ակումբային չեմպիոն Լոնդոնի «Չելսին» հյուրընկալվեց «Բրայթոնին» եւ պարտություն կրեց 0:3 հաշվով։Դաշտի տերերից աչքի ընկան թուրք պաշտպան Ֆերդի Կադիօղլուն, անգլիացի կիսապաշտպան Ջեք Հինշելվուդը եւ անգլիացի հարձակվող Դենի Ուելբեքը։«Բրայթոնը» 50 միավորով 6-րդն է, «Չելսին» 7-րդ տեղում է՝ 48 միավոր։Անգլիայի առաջնություն, 34-րդ տուր«Բրայթոն» - «Չելսի»՝ 3:0 (տեսանյութ)Ֆերդի Կադիօղլու, 3, Ջեք Հինշելվուդ, 56, Դենի Ուելբեք, 90+1Հետևեք NEWS.am SPORT-ին Facebook-ում, Twitter և Telegram-ում",Sport,https://sport.news.am/arm/news/165938/
«Ինտերը» հասավ կամային հաղթանակի եւ եզրափակիչում է (տեսանյութ),"Միլանի «Ինտերը» դուրս եկավ Իտալիայի գավաթի խաղարկության եզրափակիչ։Ռումինացի Կրիստիան Կիվուի գլխավորած թիմը կիսաեզրափակիչի պատասխան խաղում ընդունեց «Կոմոյին» եւ հասավ կամային հաղթանակի՝ 3:2 հաշվով։«Կոմոյին» հաշվի մեջ առաջ մղեցին խորվաթ կիսապաշտպան Մարտին Բատուրինան եւ Ֆրանսիան ներկայացնող պորտուգալացի կիսապաշտպան Լուկաշ Դա Կունյան՝ 2:0:«Ինտերից» դուբլի հեղինակ դարձավ թուրք կիսապաշտպան Հական Չալհանօղլուն։ Հաղթական գոլը խփեց խորվաթ կիսապաշտպան Պետար Սուչիչը։Հայաստանի հավաքականի նախկին ավագ, կիսապաշտպան Հենրիխ Մխիթարյանը մնաց պահեստայինների նստարանին։Թիմերի առաջին խաղում գրանցվել էր ոչ ոքի՝ 0:0Իտալիայի գավաթի, կիսաեզրափակիչ, պատասխան հանդիպում«Ինտեր» - «Կոմո»՝ 3:2 (տեսանյութ)Հական Չալհանօղլու, 69, 86, Պետար Սուչիչ, 89 – Մարտին Բատուրինա, 32, Լուկաշ Դա Կունյա, 48Հետևեք NEWS.am SPORT-ին Facebook-ում, Twitter և Telegram-ում",Sport,https://sport.news.am/arm/news/165939/
Սեբաստիան Հյոնեսը՝ «Ռեալի» գլխավոր մարզիչի հիմնական թեկնածու,"Գերմանական «Շտուտգարտի» գլխավոր մարզիչ Սեբաստիան Հյոնեսը դարձել է Մադրիդի «Ռեալի» գլխավոր մարզիչի հիմնական թեկնածուն, հաղորդում է գերմանական Bild-ը։Այս մրցաշրջանի ավարտին 43-ամյա գերմանացի մասնագետը կարող է փոխարինել իսպանացի Ալվարո Արբելոային։ Արքայական ակումբի ղեկավարությունը բարձր է գնահատում Սեբաստիան Հյոնեսի ոճն ու հաջողությունները։Սեբաստիան Հյոնեսի գործող պայմանագիրը «Շտուտգարտի» հետ նախատեսված է մինչեւ 2028թ․ հունիս։ Նա 2023 թվականից է գլխավորում «Շտուտգարտը», որն անցած տարի նվաճել է Գերմանիայի գավաթը։Հետևեք NEWS.am SPORT-ին Facebook-ում, Twitter և Telegram-ում",Sport,https://sport.news.am/arm/news/165940/
Ֆրանսիայի գավաթ․ «Լանսը» դուրս եկավ եզրափակիչ (տեսանյութ),"«Լանսը» դուրս եկավ ֆուտբոլի Ֆրանսիայի գավաթի խաղարկության եզրափակիչ։Կիսաեզրափակիչում «Լանսը» տանը  4:1 հաշվով հաղթեց «Թուլուզին»:Եզրափակիչի մյուս ուղեգիրն ապրիլի 22-ին կվիճարկեն «Ստրասբուրգն» ու «Նիցան»։Ֆրանսիայի գավաթ, կիսաեզրափակիչ«Լանս» - «Թուլուզ»՝ 4:1 (տեսանյութ)Ֆլորիան Տովեն, 9, 11մ, Ալան Սենթ-Մաքսիմեն, 18, Մաթյո Յուդոլ, 35, Ադրիեն Թոմասոն, 75 - Սանտիագո Մասա, 21Հետևեք NEWS.am SPORT-ին Facebook-ում, Twitter և Telegram-ում",Sport,https://sport.news.am/arm/news/165941/
«Լեսթեր Սիթին» նահանջեց երրորդ դիվիզիոն,"2016թ․ Անգլիայի չեմպիոն «Լեսթեր Սիթին» նահանջեց երրորդ դիվիզիոն։ Չեմպիոնշիփի 44 տուրից հետո «Լեսթեր Սիթին» 42 միավորով նախավերջին տեղում է եւ կորցրել է երկրորդ տեղում մնալու տեսական հնարավորությունը։ Առաջնության ավարտին մնացել է երկու տուր։Անցած մրցաշրջանում «Լեսթեր Սիթին» հանդես էր գալիս Պրեմիեր լիգայում եւ 25 միավորով գրավել էր 18-րդ տեղը՝ նահանջելով Չեմպիոնշիփ։2015-2016 թվականների մրցաշրջանում «Լեսթեր Սիթին» իտալացի Կլաուդիո Ռանիերիի գլխավորությամբ Պրեմիեր լիգայում վաստակել էր 81 միավոր եւ 10 միավոր գերազանցել երկրորդ տեղը գրաված Լոնդոնի «Արսենալին»։Հետևեք NEWS.am SPORT-ին Facebook-ում, Twitter և Telegram-ում",Sport,https://sport.news.am/arm/news/165942/
«Ռեալը» հաղթեց Մբապեի եւ Վինիսիուսի գոլերի շնորհիվ (տեսանյութ),"Իսպանիայի Լա Լիգայի առաջնության 33-րդ տուրում փոխչեմպիոն «Ռեալը» Մադրիդում ընդունեց «Ալավեսին» եւ հաղթեց 2:1 հաշվով։Իսպանացի Ալվարո Արբելոայի գլխավորած թիմից աչքի ընկան ֆրանսիացի հարձակվող Կիլիան Մբապեն եւ բրազիլացի հարձակվող Վինիսիուս Ժունիորը։«Ռեալը» 73 միավորով երկրորդն է, «Ալավեսն» ունի 33 միավոր եւ 17-րդն է։Իսպանիայի առաջնություն, 33-րդ տուր«Ռեալ Մադրիդ» - «Ալավես»՝ 2:1 (տեսանյութ)Կիլիան Մբապե, 30, Վինիսիուս Ժունիոր, 50 - Տոնի Մարտինես, 90+3Հետևեք NEWS.am SPORT-ին Facebook-ում, Twitter և Telegram-ում",Sport,https://sport.news.am/arm/news/165943/
Կիվու․ Այսպես կարող է միայն խելահեղ «Ինտերը»,"Իտալիայի փոխչեմպիոն Միլանի «Ինտերի» ռումինացի գլխավոր մարզիչ Կրիստիան Կիվուն մեկնաբանել է կամային հաղթանակը «Կոմոյի» նկատմամբ Իտալիայի գավաթի խաղարկության կիսաեզրափակիչում։«Մենք հաղթեցինք ամբողջ թիմի միասնական ջանքերի շնորհիվ։ Տղաները հրաշալի են իրենց դրսեւորում մրցաշրջանի մեկնարկից։ Մեր թիմը միահամուռ է ամենաբարձր տեղերի համար մինչեւ վերջ պայքարելու ձգտման մեջ։Պահեստայինները մեծ օգնություն ցույց տվեցին այս խաղում եւ ունեցան վճռական դեր։ 10 օրում երկու անգամ «Կոմոյին» հաղթելը՝ այսպես կարող է միայն խելահեղ «Ինտերը»։Մենք առավելագույն խնդիր ենք դնում՝ նվաճել Սկուդետոն եւ Իտալիայի գավաթը»,- Կիվուի խոսքը մեջբերում է Football Italia-ն։«Ինտերը» «Կոմոյին» հաղթել է 3:2 հաշվով եւ դուրս է եկել եզրափակիչ։ Երկրորդ ուղեգիրն ապրիլի 22-ին կվիճարկեն «Ատալանտան» եւ «Լացիոն»։ Այս թիմերի առաջին խաղում գրանցվել էր ոչ ոքի՝ 2:2:Հետևեք NEWS.am SPORT-ին Facebook-ում, Twitter և Telegram-ում",Sport,https://sport.news.am/arm/news/165944/
Արբելոա․ Չեմպիոնական մրցավազքը Լա Լիգայում դեռ չի ավարտվել,"Իսպանիայի փոխչեմպիոն Մադրիդի «Ռեալի» իսպանացի գլխավոր մարզիչ Ալվարո Արբելոան մեկնաբանել է 2:1 հաշվով հաղթանակը «Ալավեսի» նկատմամբ Լա Լիգայի 33-րդ տուրում։«Առաջին խաղակեսում մենք գերիշխում էինք։ Պետք է ավելի շատ գոլեր խփեինք եւ ամրապնդեինք հաղթանակը։Չեմպիոնական մրցավազքը Լա Լիգայում դեռ չի ավարտվել։ Մեր նպատակն է հաղթել մնացած 7 հանդիպումներում։ Մեկ հաղթանակ ունենք, մնաց վեցը»,- Արբելոայի խոսքը մեջբերում է «Ռեալի» կայքը։Արքայական թիմը 73 միավորով երկրորդն է եւ 6 միավոր հետ է առաջատար «Բարսելոնայից», որը մեկ խաղ քիչ է անցկացրել։Հետևեք NEWS.am SPORT-ին Facebook-ում, Twitter և Telegram-ում",Sport,https://sport.news.am/arm/news/165945/
Ծանրամարտի ԵԱ․ Մրցահարթակ դուրս կգա Մարտին Պողոսյանը,"Վրաստանի Բաթումի քաղաքում անցկացվող ծանրամարտի Եվրոպայի առաջնությունում ապրիլի 22-ին Հայաստանը կունենա մեկ ներկայացուցիչ: Մրցահարթակ դուրս կգա Մարտին Պողոսյանը 79 քաշայինների А խմբի պայքարում:Այս քաշային կարգում մեդալի համար կպայքարի 11 ծանրորդ: Մարտին Պողոսյանի նախնական հայտը երկամարտում 345 կգ է: Նույն քաշն են պատվիրել եւս 3 ծանրորդ: Ֆավորիտը ադրբեջանցի Ռավին Ալմամադովն է, որը պատվիրել է 350 կգ:Մարտին Պողոսյանը Հայաստանի չեմպիոն է, երիտասարդական աշխարհի առաջնության փոքր բրոնզե մեդալակիր:A խմբի մրցումը կմեկնարկի Երեւանի ժամանակով 19:00-ին։Հայաստանի առաջին մեդալը Բաթումիում անցկացվող Եվրոպայի առաջնությունում նվաճել է Գառնիկ Չոլակյանը: 60 կգ քաշայինների պայքարում Չոլակյանը դարձավ Եվրոպայի փոխչեմպիոն: Երկամարտում նա հավաքեց 274 կգ (124+150) եւ 71 կգ քաշային Գոռ Սահակյանը, որը երկամարտի 330 կգ արդյունքով փոխչեմպիոն է(15+180) Կանանց հավաքականից Ալեքսանդրա Գրիգորյանը (58 կգ) երկամարտի 210 կգ արդյունքով նվաճեց արծաթե մեդալ (91+119):Հայաստանի հավաքականները Եվրոպայի առաջնությանը մասնակցում են 16 ծանրորդով՝ 8 տղամարդ, 8 կին:Հակոբ Փիլոսյանի գլխավորած հավաքականի կազմում Բաթումիի մրցահարթակում մասնակցում են նաեւ  Ռաֆիկ Հարությունյանը (88 կգ), Արա Աղանյանը (94 կգ), Սիմոն Մարտիրոսյանը եւ Գարիկ Կարապետյանը (երկուսն էլ՝ 110 կգ) եւ Վարազդատ Լալայանը (+110 կգ):Արտաշես Ներսիսյանի գլխավորած հավաքականի կազմում Բաթումիի մրցահարթակում կանանց մասնակցում են նաեւ Աննա Ամրոյանը եւ Ալինա Սուքիասյանը (77 կգ), Էմմա Պողոսյանը եւ Լիանա Գյուրջյանը (86 կգ) եւ Տաթեւ Հակոբյանը (+86 կգ):Հետևեք NEWS.am SPORT-ին Facebook-ում, Twitter և Telegram-ում",Sport,https://sport.news.am/arm/news/165946/
NBA-ի փլեյ-օֆֆ․ Օրվա արդյունքներն ու լավագույն դրվագները (տեսանյութ),"Բասկետբոլի ազգային ասոցիացիայի առաջնությունում տեղի են ունեցել փլեյ-օֆֆի առաջին շրջանի հերթական հանդիպումները․«Բոստոն Սելթիքս» - «Ֆիլադելֆիա Սիքսերս»՝ 97:111 (շարքի հաշիվը՝ 1-1)«Սան Անտոնիո Սփյորս» - «Պորտլենդ Թրեյլ Բլեյզերս»՝ 103:106 (1-1)«Լոս Անջելես Լեյքերս» - «Հյուսթոն Ռոքեթս»՝ 101:94 (2-0)Հետևեք NEWS.am SPORT-ին Facebook-ում, Twitter և Telegram-ում",Sport,https://sport.news.am/arm/news/165947/
«Մանչեսթեր Յունայթեդը» պատրաստ է 40 միլիոն եվրո վճարել 16-ամյա խաղացողի համար,"Անգլիական «Մանչեսթեր Յունայթեդը» ցանկանում է ձեռք բերել բրազիլական «Պալմեյրասի» 16-ամյա եզրային հարձակվող Էդուարդու Կոնսեյսաուին եւ պատրաստ է տրանսֆերի համար վճարել 40 միլիոն եվրո, հաղորդում է UOL-ը։«Պալմեյրասը» բրազիլացի խաղացողի տեղափոխությունից ակնկալում է 50 միլիոն եվրո։Էդուարդու Կոնսեյսաուի ծառայություններով հետաքրքրված են նաեւ «Բարսելոնան», «Լիվերպուլը», ՊՍԺ-ն, «Արսենալը», «Չելսին» եւ «Մանչեսթեր Սիթին»։Էդուարդու Կոնսեյսաուն «Պալմեյրասը» կարող է լքել 2027թ․ դեկտեմբերին, երբ կդառնա 18 տարեկան։ Նրա հրաժարագինը 100 միլիոն եվրո է։Հետևեք NEWS.am SPORT-ին Facebook-ում, Twitter և Telegram-ում",Sport,https://sport.news.am/arm/news/165948/
Ռոդրին վնասվածք է ստացել,"Անգլիական «Մանչեսթեր Սիթիի» իսպանացի կիսապաշտպան աճուկային վնասվածք է ստացել, հաղորդում է ESPN-ը։ Նա բուժզննում է անցել։Ռոդրին փոխարինվել էր «Արսենալի» դեմ Անգլիայի Պրեմիեր լիգայի 33-րդ տուրի հանդիպման վերջնամասում։ Մանչեսթերյան թիմը հաղթել էր 2:1 հաշվով։«Կարծում եմ՝ Ռոդրին պատրաստ չի լինի «Բարնլիի» դեմ առաջիկա հանդիպմանը։ Հնարավոր է նա վերադառնա «Սաութհեմփթոնի» դեմ Անգլիայի կիսաեզրափակիչի խաղին կամ էլ 12 օր հետո «Էվերտոնի» դեմ խաղում»,- ասել է «Մանչեսթեր Սիթիի» կատալոնացի գլխավոր մարզիչ Խոսեպ Գվարդիոլան։Անգլիայի առաջնության 34-րդ տուրի «Բարնլի» - «Մանչեսթեր Սիթի» հանդիպումը տեղի կունենա ապրիլի 22-ին եւ կմեկնարկի Երեւանի ժամանակով 23:00-ին։Հետևեք NEWS.am SPORT-ին Facebook-ում, Twitter և Telegram-ում",Sport,https://sport.news.am/arm/news/165949/
«Բարսելոնայի» նախկին խաղացողը կգլխավորի Մեքսիկայի հավաքականը,"«Բարսելոնայի» նախկին խաղացող Ռաֆայել Մարկեսը կգլխավորի Մեքսիկայի հավաքականը 2026թ․ աշխարհի առաջնությունից հետո։ Այդ մասին հայտարարել է Մեքսիկայի ֆուտբոլի ֆեդերացիայի նախագահ Դուիլիո Դավինոն։ 47-ամյա մասնագետի հետ պայմանագիրը նախատեսված է մինչեւ 2030 թվական։ Այն արդեն կնքվել է, հաղորդում է Mundo Deportivo-ն։Մեքսիկայի հավաքականի նախկին խաղացող Ռաֆայել Մարկեսը մարզչական կարիերան սկսել է «Բարսելոնայի» համակարգում։ 2024 թվականից նա Մեքսիկայի հավաքականի գլխավոր մարզիչի օգնական է։Հունիս-հուլիսին ԱՄՆ-ում, Մեքսիկայում եւ Կանադայում անցկացվելիք աշխարհի առաջնության խմբային փուլում Մեքսիկայի հավաքականի մրցակիցները կլինեն Չեխիայի, Հարավաֆրիկյան Հանրապետության եւ Հարավային Կորեայի հավաքականները։Հետևեք NEWS.am SPORT-ին Facebook-ում, Twitter և Telegram-ում",Sport,https://sport.news.am/arm/news/165950/
"Աշխարհի գավաթ․ Դավիթ Չալոյանի, Ժիրայր Սարգսյանի եւ Անուշ Գրիգորյանի հաղթական 
մեկնարկը (տեսանյութ)","Բրազիլիայում շարունակվող բռնցքամարտի աշխարհի գավաթի խաղարկությունում աշխարհի առաջնության բրոնզե մեդալակիր, գերծանր քաշային (90+) Դավիթ Չալոյանը մեկնարկում մենամարտեց բրազիլացի Ջոել Ռամոսի հետ եւ հաղթեց 4:1 հաշվով։55 կգ քաշային Ժիրայր Սարգսյանը պարտության մատնեց Ղազախստանի ներկայացուցիչ Բագլաման Կենժիբեկին։Եվրոպայաի առաջնության բրոնզե մեդալակիր, 51 կգ քաշային Անուշ Գրիգորյանը տեխնիկական նոկաուտով հաղթեց Թունիսի ներկայացուցիչ Նոուրել Նոուդա Չամորուկհիին։Էլիդա Քոչարյանն ու Արթուր Սահակյանը պարտվել են մեկնարկում եւ դուրս մնացել պայքարից։Հետևեք NEWS.am SPORT-ին Facebook-ում, Twitter և Telegram-ում",Sport,https://sport.news.am/arm/news/165951/
Մալխաս Ամոյան. Հաղթանակս նվիրում եմ հայ եւ եզդի ազգերին,"Հաղթանակս նվիրում եմ հայ եւ եզդի ազգերին եւ անչափ ուրախ եմ, որ կարողացա ուրախացնել բոլորին: Այս հաղթանակի համար շնորհակալ եմ մարզիչներիս, ծնողներիս, հորեղբայրներիս, իմ քույր եւ եղբայրներին, ընկերներիս, բոլոր նրանց, ովքեր այս ճանապարհին իմ կողքին են եղել, աջակցել եւ հավատացել են ինձ:Այս մասին NEWS.am Sport-ի թղթակցի հետ զրույցում Տիրանայից ասաց Եվրոպայի հնգակի չեմպիոն Մալխաս Ամոյանը: Ալբանիայի մայրաքաղաք Տիրանայում անցկացվող հունահռոմեական ոճի ըմբշամարտի Եվրոպայի առաջնությունում Փարիզի Օլիմպիական խաղերի բրոնզե մեդալակիր, աշխարհի կրկնակի չեմպիոն Մալխաս Ամոյանը 5-րդ անգամ հռչակվեց չեմպիոն: 77 կգ քաշային կարգի եզրափակիչում Ամոյանը լարված գոտեմարտում 1:1 հաշվով հաղթեց վրացի Ռամազ Զոիձեին։Ոսկե մեդալի ճանապարհին Մալխաս Ամոյանն անցկացրեց 4 գոտեմարտ: 1/8 եզրափակիչում 4:0 հաշվով պարտության մատնեց շվեդ Կառլ Հյուգո Բաֆին, քառորդ եզրափակիչում 10:0 հաշվով տպավորիչ հաղթանակ տարավ Ուկրաինայի ներկայացուցիչ Իրֆան Միրզոեւի նկատմամբ, կիսաեզրափակիչում 3:1 հաշվով հաղթեց Մոլդովայի ներկայացուցիչ Ալեքսանդր Գուտուին։Մալխաս, շնորհավորում եմ Եվրոպայի 5-րդ չեմպիոնության կապակցությամբ: Դու 5-րդ տարին անընդմեջ անգերազանցելի ես Եվրոպայում: Բարդ տրվե՞ց հաղթանակդ: Շնորհակալ եմ շնորհավորանքների համար: Շատ ուրախ եմ, որ կարողացա 5-րդ անգամ նվաճել տիտղոսը: Իսկապես բարդ տրված հաղթանակ էր: Ամեն տարի էլ ավելի դժվար է տրվում, հաղթելու պատասխանատվությունն ավելի է մեծանում, բայց ուրախ եմ, որ կարողացա հավաքել ուժերս, կենտրոնանալ եւ չեմպիոնական կոչումով ավարտել այս առաջնությունը: Մինչեւ եզրափակիչ 3 տպավորիչ հաղթանակ ունեցար, բայց եզրափակիչը, կարծես, լարված ստացվեց: Ինչո՞վ առանձնացավ Զոիձեի հետ պայքարը. նրան բազմիցս հանդիպել էիր մրցագորգում: Անկեղծ ասած՝ կուզեի ավելի լավ գոտեմարտ անցկացնել եզրափակիչում: Ինձ դուր չեկավ այն գոտեմարտը, որն անցկացրի, բայց այդ պահին ինձ միայն հաղթանակ էր պետք: Կարեւոր խնդիրս այն էր, որ գորգից միայն հաղթանակով դուրս գայի: Զոիձեի հետ բազմիցս հանդիպել էինք մրցագորգում, իրար լավ ճանաչում էինք: Նա տեխնիկապես հարուստ եւ վտանգավոր ըմբիշ է, այդ պատճառով փորձում էի նրա հետ մի փոքր զգույշ գոտեմարտել, որպեսզի սխալ թույլ չտայի: Առաջնությունից առաջ առողջական խնդիր ես ունեցել: Ինչպե՞ս կարողացար կենտրոնացնել քեզ: Ի՞նչը քեզ ուժ տվեց մրցագորգում հաղթական պայքարի համար: Եվրոպայի առաջնությունից առաջ իսկապես վատառողջ էի տեւական ժամանակ, բայց ամեն ինչ արեցի, որ ինձ չխանգարի: Աստծո նկատմամբ հավատս, իմ անցած ճանապարհի նկատմամբ հավատս ինձ ուժ տվեց այս հաղթանակի համար: Երբ հետ եմ նայում եւ տեսնում, թե ինչի միջով եմ անցել այս ճանապարհին, ուժ եմ ստանում: Այս ամենից բացի, ճիշտ մարզումներիս շնորհիվ կարողացա հոգեպես ավելի լավ տրամադրվել գոտեմարտերին, առաջնությանը եւ հաղթող ճանաչվել: Ի՞նչ զգացողություններ ապրեցիր պատվո հարթակին 5-րդ անգամ կանգնելիս: Ու՞մ ես նվիրում հաղթանակդ: Նախ՝ ուզում եմ շնորհակալությունս հայտնել բոլորին ջերմ խոսքերի ու շնորհավորանքների համար: Ես մրցագորգում ամեն վայրկյան զգում եմ եզդի եւ հայ ազգի աջակցությունը: Պատվո հարթակին ամեն անգամ տարբեր զգացողություններ եմ ունենում: Այս անգամ էլ նորից անբացատրելի էր ամեն ինչ, երբ հնչեց հայոց հիմնը: Հաղթանակիս համար շնորհակալ եմ Աստծուն, որ միշտ իմ կողքին է: Իմ հավատն է ինձ ուժ տալիս: Այս հաղթանակի համար շնորհակալ եմ մարզիչներիս, ծնողներիս, հորեղբայրներիս, իմ քույր եւ եղբայրներին, ընկերներիս, բոլոր նրանց, ովքեր այս ճանապարհին իմ կողքին են եղել, աջակցել եւ հավատացել են ինձ: Այդ հավատի, նաեւ իմ անցած ճանապարհի, մեծ աշխատանքի, մարզումների շնորհիվ բոլորով ունենք այս արդյունքը: Հաղթանակս նվիրում եմ հայ եւ եզդի ազգերին եւ անչափ ուրախ եմ, որ կարողացա ուրախացնել բոլորին:Լուսինե ՇահբազյանՀետևեք NEWS.am SPORT-ին Facebook-ում, Twitter և Telegram-ում",Sport,https://sport.news.am/arm/news/165952/
Վինուս Ուիլայմսը կարիերայում առաջին անգամ 10 անընդմեջ պարտություն կրեց,"«Մեծ սաղավարտի» մրցաշարերի 7-ակի չեմպիոն, աշխարհի նախկին առաջին ռակետ, 45-ամյա ամերիկացի թենիսիստուսհի Վինուս Ուիլյամսը պրոֆեսիոնալ կարիերայում առաջին անգամ 10 անընդմեջ պարտություն կրեց։Մադրիդի WTA-1000 մրցաշարի առաջին շրջանում Վինուս Ուիլյամսը պարտվել էր աշխարհի 140-րդ ռակետ, իսպանացի Կայթլին Կեւեդոյին։Վինուս Ուիլյամսը համաշխարհային դասակարգման աղյուսակում այժմ 479-րդն է։Նա 1975 թվականից հետո առաջինն է նախկին առաջին ռակետներից, որը 10 եւ ավելի անընդմեջ հանդիպումներում պարտվում է, հաղորդում է Opta-ն։Հետևեք NEWS.am SPORT-ին Facebook-ում, Twitter և Telegram-ում",Sport,https://sport.news.am/arm/news/165953/
XXIII Karpov International Chess Tournament. Արամ Հակոբյանը գրավեց երրորդ տեղը,"Գրոսմայստեր Արամ Հակոբյանը դարձել է բրոնզե մեդալակիր Ռուսաստանի Խանտի Մանսիյսկ քաղաքում անցկացված «XXIII Karpov International Chess Tournament» շախմատի շրջանային մրցաշարում:Արամ Հակոբյանը, չկրելով ոչ մի պարտություն, 9 հնարավորից վաստակել է 5 միավոր, հաղորդում է ՀՇՖ–ի մամուլի ծառայությունը:Լավագույն եռյակՀետևեք NEWS.am SPORT-ին Facebook-ում, Twitter և Telegram-ում",Sport,https://sport.news.am/arm/news/165954/
Հենրիխ Մխիթարյանը կոչ է արել միանալ Ջահերով երթին,"Իտալիայի փոխչեմպիոն Միլանի «Ինտերի» կիսապաշտպան, Հայաստանի հավաքական նախկին ավագ Հենրիխ Մխիթարյանը սոցիալական ցանցերում կիսվել է Հայոց ցեղասպանության զոհերի հիշատակին ավանդական Ջահերով երթի վերաբերյալ հրապարակումով։Ջահերով երթը տեղի կունենա ապրիլի 23–ին եւ կսկսվի 20։00–ին Հանրապետության հրապարակում։Հետևեք NEWS.am SPORT-ին Facebook-ում, Twitter և Telegram-ում",Sport,https://sport.news.am/arm/news/165956/
Մ-17 Եվրո. Հայաստանի հավաքականը խուսափեց պարտությունից (տեսանյութ),"Ֆուտբոլի Հայաստանի մինչեւ 17 տարեկանների հավաքականը մեկնարկեց Եվրոպայի առաջնության որակավորման փուլում։B լիգայի 5–րդ խմբի առաջին տուրում հայ ֆուտբոլիստներն ընդունեցին Լյուքսեմբուրգի թիմին։ Գրանցվեց ոչ ոքի՝ 2։2։ Առաջին խաղակեսում հյուրերը հաղթեց 2։0 հաշվով։ Երկրորդ խաղակեսում Հայաստանի թիմը կարողացավ երկու գոլ խփել։Աչքի ընկան «Ուրարտու-2»-ի 17-ամյա հարձակվող Արսեն Առաքելյանն ու «Փյունիկ–2»–ի 17–ամյա կիսապաշտպան Անդրանիկ Երվանդյանը։5–րդ խմբում ընդգրկված են նաեւ Հունգարիայի եւ Լիխտենշտեյնի թիմերը։Մ-17 Եվրո, երկրորդ փուլ, B լիգա, 5-րդ խումբ, առաջին տուրՀայաստան - Լյուքսեմբուրգ՝ 2։2Արսեն Առաքելյան, 63, Անդրանիկ Երվանդյան, 65 - Տիագո Մարտինս, 19, Շարել Էլոմբո, 33Հետևեք NEWS.am SPORT-ին Facebook-ում, Twitter և Telegram-ում",Sport,https://sport.news.am/arm/news/165957/
«Ռեալի» խաղացողը չորրորդ վնասվածքը ստացավ այս մրցաշրջանում,"Իսպանիայի փոխչեմպիոն Մադրիդի «Ռեալի» բրազիլացի պաշտպան Էդեր Միլիտաոն մկանային վնասվածք է ստացել «Ալավեսի» դեմ Իսպանիայի առաջնության 33–րդ տուրի խաղում։ Առաջին խաղակեսի վերջին րոպեներին նրան փոխարինել էր Անտոնիո Ռյուդիգերը։28–ամյա Միլիտաոն այս մրցաշրջանում չորրորդ վնասվածքն է ստացել։ Նա այս մրցաշրջանում բաց է թողել 27 հանդիպում մկանային վնասվածքների եւ ծնկի խաչաձեւ կապանների պատռվածքի հետեւանքով։«Ռեալը» «Ալավեսին» հաղթել էր 2։1 հաշվով։Հետևեք NEWS.am SPORT-ին Facebook-ում, Twitter և Telegram-ում",Sport,https://sport.news.am/arm/news/165958/
«Ռեալը» 80 միլիոն եվրո կպահանջի Տչուամենիի տրանսֆերի համար,"Իսպանիայի փոխչեմպիոն Մադրիդի «Ռեալը» Ֆրանսիայի հավաքականի 26–ամյա կիսապաշտպան Օրելիեն Տչուամենիի տրանսֆերից ակնկալում է 80 միլիոն եվրո, հաղորդում է Goal.com-ը։Նրա ծառայություններով հետաքրքրված է անգլիական «Մանչեսթեր Յունայթեդը»։«Ռեալը» պատրաստ է վաճառել Տչուամենիի տրանսֆերը, քանի որ ցանկանում է ամռանը ձեռք բերել «Մանչեսթեր Սիթիի» իսպանացի կիսապաշտպան Ռոդրիին կամ Լոնդոնի «Չելսիի» արգենտինացի կիսապաշտպան Էնցո Ֆերնանդեսին։Հետևեք NEWS.am SPORT-ին Facebook-ում, Twitter և Telegram-ում",Sport,https://sport.news.am/arm/news/165959/
Սուրեն Աղաջանյանը՝ Եվրոպայի փոխչեմպիոն,"Սուրեն Աղաջանյանը արծաթե մեդալ նվաճեց Ալբանիայի մայրաքաղաք Տիրանայում ավարտվող հունահռոմեական ոճի ըմբշամարտի Եվրոպայի առաջնությունում:  Հայաստանի ներկայացուցիչ, Եվրոպայի Մ23 չեմպիոն Սուրեն Աղաջանյանը 60 կգ քաշայինների եզրափակիչում գոտեմարտեց աշխարհի բրոնզե մեդալակիր, Եվրոպայի փոխչեմպիոն եւ բրոնզե մեդալակիր, Սերբիան ներկայացնող ռուսաստանցի Գեորգի Տիբիլովի հետ եւ պարտվեց 2:2 միավորով: Առաջին մրցափուլում Սուրեն Աղաջանյանը երկու միավորի առավելություն ձեռք բերեց: Մրցակցին դուրս բերեց աշխատանքային գոտուց: Գորգի մրցավարը պասիվ տվեց ռուս ըմբիշին եւ եւս մեկ միավորի առավելություն տվեց Աղաջանյանին: Հայաստանի ներկայացուցիչը վերեւից աշխատելու հնարավորություն ստացավ, բայց մրցակիցը դուրս եկավ պարտերից: Մրցակիցները գնացին հանգստի 2:0 հաշվով՝ Սուրեն Աղաջանյանի առավելությամբ: Երկրորդ մրցափուլում Տիբիլովը դուրս բերեց հայ ըմբիշին աշխատանքային գոտուց եւ երկրորդ միավորը վաստակեց ակտիվության համար: Սուրեն Աղաջանյանին պարտեր նստացրին, բայց Տիբիլովին չհաջողվեց գլորում կատարել: Մինչեւ վերջին վայրկյանները Աղաջանյանը չկարողացավ միավոր վաստակել: Տիբիլովը հաղթեց հավասար հաշվի դեպքում վերջին միավորի առավելությամբ: Սուրեն Աղաջանյանն առաջին անգամ է մասնակցում մեծահասակների Եվրոպայի առաջնությանը: Նա պայքարը սկսել էր որակավորման փուլից, որտեղ 4:1 հաշվով հաղթել էր իտալացի Տամասո Բոսին: Քառորդ եզրափակիչում Աղաջանյանը 8:0 հաշվով տպավորիչ հաղթանակ էր տարել UWW-ի դրոշի ներքո հանդես եկող Սոներ Կոնունովի նկատմամբ: Կիսաեզրափակիչում Եվրոպայի Մ23 չեմպիոնը տուշեով հաղթել էր 2024 թ. աշխարհի չեմպիոն, Եվրոպայի կրկնակի չեմպիոն ադրբեջանցի Նիհատ Մամադլիին:Հետևեք NEWS.am SPORT-ին Facebook-ում, Twitter և Telegram-ում",Sport,https://sport.news.am/arm/news/165960/
Ծանրամարտի ԵԱ. Մարտին Պողոսյանը՝ բրոնզե մեդալակիր (ֆոտո),"Վրաստանի Բաթումի քաղաքում անցկացվող ծանրամարտի Եվրոպայի առաջնությունում Հայաստանի ներկայացուցիչ Մարտին Պողոսյանը 79 կգ քաշայինների պայքարում երկամարտի 338 կգ արդյունքով դարձավ բրոնզե մեդալակիր (148+186):Պոկում վարժությունում Հայաստանի ներկայացուցիչն առաջին մոտեցմամբ հաջող բարձրացրեց 148 կգ-ը: Երկրորդ մոտեցումը ձախողեց, որի համար պատվիրված էր 152 կգ: Երրորդ մոտեցմամբ պոկեց 152-ը: Այս վարժությունում Հայաստանի չեմպիոնը 10-րդն է:Այս վարժությունում 161 կգ-ով եւ Եվրոպայի նոր ռեկորդով առաջատարը չեզոք դրոշի ներքո հանդես եկող Գեւորգ Սերոբյանն է: Ռուսաստանցի ծանրորդը 5 կգ-ով շրջանցեց երկրորդ տեղը զբաղեցրած թուրք Կան Կահրիմանին:Մարտին Պողոսյանը հրում վարժությունը սկսեց  186 կգ-ով եւ հաջողությամբ ֆիքսեց ծանրաձողը գլխավերեւում: Երկրորդ մոտեցման համար մարզիչները 4 կգ-ոց քայլ կատարեցին, բայց Պողոսյանը ձախողեց եւ գցեց ծանրաձողը: Երրորդ մոտեցմամբ նորից եկավ 190 կգ-ի, այս անգամ չկարողացավ վերեւում պահել, ծանրաձողը գցելիս ինքնազգացողությունը վատացավ եւ ընկավ մրցահարթակին:Տեխնիկական անձնակազմն անմիջապես փակեց մրցահարթակը, բայց Պողոսյանը ոտքի կանգնեց եւ ափսոսանքով հեռացավ մրցահարթակից:Այս վարժությունում Մարտին Պողոսյանը նվաճեց փոքր արծաթե մեդալ:Լուսինե Շահբազյան՝ ԲաթումիիցՀետևեք NEWS.am SPORT-ին Facebook-ում, Twitter և Telegram-ում",Sport,https://sport.news.am/arm/news/165961/
ԵԱ․ Սլավիկ Գալստյանն ու Գասպար Տերտերյանը՝ բրոնզե մեդալակիրներ,"Սլավիկ Գալստյանը բրոնզե մեդալ նվաճեց Ալբանիայի մայրաքաղաք Տիրանայում անցկացվող հունահռոմեական ըմբշամարտի Եվրոպայի առաջնությունում։67 կգ քաշային կարգում Սլավիկ Գալստյանը բրոնզե մեդալի համար գոտեմարտեց ուկրաինացի Օլեքսանդր Հրուշինի հետ եւ առավելության հասավ 5:3 հաշվով։Բրոնզե մեդալակիր դարձավ նաեւ 72 կգ քաշային Գասպար Տերտերյանը։ Նա պարտության մատնեց (1:1) ռուսաստանցի Ալեքսանդր Լյավոնչիկը։Հետևեք NEWS.am SPORT-ին Facebook-ում, Twitter և Telegram-ում",Sport,https://sport.news.am/arm/news/165962/
"Մարտին Պողոսյան․ Կարող էի չեմպիոն դառնալ, եթե հրման մոտեցումն անեի","Չեմպիոնությունը բաց թողեցի: Այսօր, երեւի, իմ օրը չէր: Ես կարող էի չեմպիոն դառնալ, եթե հրման մոտեցումն անեի: Մեծ շանս ձեռքիցս բաց թողեցի:Այսպես հույզերը չզսպելով մեկնաբանեց իր մրցելույթը 21-ամյա ծանրորդ Մարտին Պողոսյանը:Բաթումիում անցկացվող ծանրամարտի Եվրոպայի առաջնությունում Մարտին Պողոսյանն առաջին անգամ մասնակցեց մեծահասակների պայքարում եւ նվաճեց երկամարտի բրոնզե մեդալ: Պողոսյանը պոկում վարժությունում գրանցեց 148 կգ արդյունք, հրումում՝ 186 կգ:«Մրցակցությունն այնպես էր դասավորվել, որ կարող էի նույնիսկ չեմպիոն դառնալ: Այս անգամ չստացվեց, չկարողղացա հրել վերջին երկու մոտեցումը, որոնց շնորհիվ կդառնայի չեմպիոն: Չեմ հուսահատվում, մյուս մրցաշարերում կաշխատեմ այնպես անել, որ Հայաստանի օրհներգը հնչի:Լարվածություն չունեի, իսկապես ինձ համար շատ լավ էր ամեն ինչ դասավորված: Իմ մարզումներին այս կիլոգրամներն արել էի եւ, եթե այստեղ չձախողեի, կարող էի չեմպիոն հռչկավել մեծահասակների պայքարում առաջին մասնակցությունով: Ոչ մի խանգարող հանգամանք չկար, ուղղակի, կարծում եմ՝ այսօր իմ օրը չէր: Ամեն ինչ հետագայում լավ կլինի:Հուզմունքս պայմանավորված է նրանով, որ մեծ շանս բաց թողեցի ձեռքիցս, այս պատճառով»,- ասաց Մարտին Պողոսյանը:21-ամյա ծանրորդը Բաթումիի մրցահարթակում պարգեւատրվեց երկամարտի բրոնզե եւ հրում վարժության փոքր արծաթե մեդալներով: Պարգեւատրվելիս Պողոսյանը չէր կարողանում զսպել արցունքները: Հայաստանի ներկայացուցիչը հրում վարժության երրորդ՝ չեմպիոնական մոտեցումը ձախողելուց հետո երերաց եւ  ընկավ, ապա ինքնուրույն բարձրացավ եւ արցունքներն աչքերին հեռացավ:Լուսինե Շահբազյան՝ ԲաթումիիցՀետևեք NEWS.am SPORT-ին Facebook-ում, Twitter և Telegram-ում",Sport,https://sport.news.am/arm/news/165963/
Կվարացխելիայի դուբլը նպաստեց ՊՍԺ-ի հաղթանակին,"Ֆրանսիայի առաջնության 26-րդ տուրից տեղափոխված խաղում չեմպիոն ՊՍԺ-ն տանը մրցեց «Նանտի» հետ եւ առավելության հասավ 3:0 հաշվով։Իսպանացի Լուիս Էնրիկեի գլխավորած թիմից դուբլի հեղինակ դարձավ վրացի հարձակվող Խվիչա Կվարացխելիան։ Աչքի ընկավ նաեւ ֆրանսիացի հարձակվող Դեզիրե Դուեն։ՊՍԺ-ն 29 խաղից հետո 66 միավորով առաջատարն է, «Նանտը» նախավերջինն է՝ 20 միավոր։Ֆրանսիայի առաջնություն, 26-րդ տուրՊՍԺ - «Նանտ»՝ 3:0 Խվիչա Կվարացխելիա, 13, 11մ, 50, Դեզիրե Դուե, 37Հետևեք NEWS.am SPORT-ին Facebook-ում, Twitter և Telegram-ում",Sport,https://sport.news.am/arm/news/165964/
Մադրիդի «Աթլետիկոն» պարտվեց «Էլչեին» (տեսանյութ),"Իսպանիայի առաջնության 33-րդ տուրում Մադրիդի «Աթլետիկոն» հյուրընկալվեց «Էլչեին» եւ պարտություն կրեց 2:3 հաշվով։«Էլչեից» դուբլի հեղինակ դարձավ պորտուգալացի հարձակվող Անդրե Սիլվան։ Աչքի ընկավ նաեւ ավստրիացի պաշտպան Դավիդ Աֆենգրուբերը։«Աթլետիկոյից» երկու գոլ խփեց արգենտինացի կիսապաշտպան Նիկոլաս Գոնսալեսը։«Աթլետիկոն» 30-րդ րոպեին խաղում էր 10 ֆուտբոլիստներով։ Կարմիր քարտ է ստացել արգենտինացի կիսապաշտպան Տիագո Ալմադան։«Աթլետիկոն» 57 միավորով չորրորդն է, «Էլչեն» 15-րդ տեղում է՝ 35 միավոր։Իսպանիայի առաջնություն, 33-րդ տուր«Էլչե» - «Աթլետիկո Մադրիդ»՝ 3:2 (տեսանյութ)Դավիդ Աֆենգրուբեր, 18, Անդրե Սիլվա, 33, 11մ, 75 - Նիկոլաս Գոնսալես, 10, 34Հեռացում՝ Տիագո Ալմադա («Աթլետիկո»), 30Հետևեք NEWS.am SPORT-ին Facebook-ում, Twitter և Telegram-ում",Sport,https://sport.news.am/arm/news/165965/
Օրվա հանդիպումների անոնս,"Ֆուտբոլի Հայաստանի եւ Իսպանիայի առաջնություններում ապրիլի 23-ին տեղի կունենան հերթական հանդիպումները։ Գերմանիայի գավաթի խաղարկությունում տեղի կունենա կիսաեզրափակիչի երկրորդ հանդիպումը։Հայաստանի առաջնություն, 23-րդ տուր«Վան» - ԲԿՄԱ՝ 15:30 «Փյունիկ» - «Ուրարտու»՝ 18:00Իսպանիայի առաջնություն, 33-րդ տուր«Լեւանտե» - «Սեւիլիա»՝ 21։00 (Երեւանի ժամանակ)«Ռայո Վալիեկանո» - «Էսպանյոլ»՝ 22։00«Ռեալ Օվիեդո» - «Վիլյառեալ»՝ 23։30Գերմանիայի գավաթ, կիսաեզրափակիչ«Շտուտգարտ» - «Ֆրայբուրգ»՝ 22:45Հետևեք NEWS.am SPORT-ին Facebook-ում, Twitter և Telegram-ում",Sport,https://sport.news.am/arm/news/165966/
ՀԲՖ․ Խայտառակ մրցավարություն World Boxing-ի կազմակերպած Աշխարհի գավաթում,"Բրազիլիայի անցկացվող բռնցքամարտի աշխարհի գավաթի խաղարկությունում Հայաստանի ներկայացուցիչներ Արթուր Բազեյանի եւ Արարատ Հարությունյանի պարտություններից հետո Հայաստանի բռնցքամարտի ֆեդերացիան հանդես է եկել հայտարարությամբ․«Խայտառակ մրցավարություն WORLD BOXING-ի կազմակերպած Աշխարհի գավաթում։Մրցավարական տրամաբանությունից զուրկ գործողությունների արդյունքում այսօր Արթուր Բազեյանին ու Արարատ Հարությունյանին պարտություն է գրանցվել։ Բազեյանը մրցում էր Փարիզի օլինպիական փոխչեմպիոն, Ղրղստանի ներկայացուցիչ Մունարբեկ Ուլույի հետ։Առաջին ռաունդում մեր բռնցքամարտիկը հաղթեց 5։0 հաշվով, երկրորդում մրցավարները նույն հաշվով հաղթանակը տվեցին մրցակցին։ 3-րդ ռաունդում Բազեյանը նետվեց առաջ ու միավորներ վաստակեց։ Դրվագներից մեկում բախման արդյունքում մրցակցի  ունքը վնասվեց։ Ռինգի մրցավարը միանգամից դադարեցրեց մարտը, թեև բժշկական տեսանկյունից չկար նաև դրա կարիքը։ Միևնույն դեպքում, թեև  առավեկությունը Բազեյանի կողմն էր, բայց կողային մրցավարները հաղթանակը շնորհեցին Ղրղստանի ներկայացուցչին։Անհասկանալի ու անտրամաբանական գործողություններ էին նաև Արարատ Հարությունյանի մենամարտի ժամանակ։ Մեր մարզիկը 2-րդ ու 3-րդ ռաունդներում ուներ նկատելի առավելություն ու մրցակիցն էլ` Ռիկարդո Կուելոն նկատողություն էր ստացել ռինգի մրցավարի կողմից, բայց մենամարտի ավարտին զարմանալիորեն բարձրացրեցին Դոմինիկյան Հանրապետության ներկայացուցչի ձեռքը։Սա խայտառակ մրցավարության հերթական վառ արտացոլումն էր, որի պատճառով մեր երկու ուժեղագույն բռնցքամարտիկները դուրս մնացին պայքարից»։Հետևեք NEWS.am SPORT-ին Facebook-ում, Twitter և Telegram-ում",Sport,https://sport.news.am/arm/news/165967/
Հայաստանը 6 մեդալ է նվաճել Սերբիայում,"Սերբիայի Նովի Սադ քաղաքում անցկացվող սամբոյի Եվրոպայի պատանիների ու երիտասարդների առաջնության մրցումային առաջին օրը Հայաստանի պատանեկան հավաքականը նվաճել է 2 արծաթե եւ 4 բրոնզե մեդալ, հաղորդում է Հայաստանի սամբոյի ֆեդերացիան։ ուԴավոյան Սևակ - 53 կգ՝ բրոնզՍիմոնյան Նարեկ - 58 կգ՝ բրոնզՈւմուրշատյան Հակոբ - 64 կգ՝ բրոնզՇատվերյան Գոռ - 71 կգ՝ արծաթՄուրադյան Գոռ - 79 կգ՝ արծաթԲաբայան Գոգա - 88 կգ՝ բրոնզԱպրիլի 22-ին և 23-ին մրցապարեզ կմտնեն երիտասարդները։ Հետևեք NEWS.am SPORT-ին Facebook-ում, Twitter և Telegram-ում",Sport,https://sport.news.am/arm/news/165968/
Գերմանիայի գավաթ․ «Բավարիան» հաղթեց «Բայերին» եւ եզրափակիչում է (տեսանյութ),"Գերմանիայի նորընծա չեմպիոն «Բավարիան» դուրս եկավ երկրի գավաթի խաղարկության եզրափակիչ։Մյունխենյան թիմը Լեւերկուզենում 2:0 հաշվով հաղթեց «Բայերին»։Բելգիացի Վենսան Կոմպանիի գլխավորած թիմից 22-րդ րոպեին հանդիպման հաշիվը բացեց անգլիացի հարձակվող Հարի Քեյնը։ Ավելացված երրորդ րոպեին աչքի ընկավ կոլումբացի հարձակվող Լուիս Դիասը։Եզրափակիչի մյուս ուղեգիրն ապրիլի 23-ին կվիճարկեն «Շտուտգարտն» ու «Ֆրայբուրգը»։Հետևեք NEWS.am SPORT-ին Facebook-ում, Twitter և Telegram-ում",Sport,https://sport.news.am/arm/news/165969/
«Մանչեսթեր Սիթին» հաղթեց Էրլինգ Հոլանդի գոլի շնորհիվ եւ նոր առաջատարն է (տեսանյութ),"Անգլիայի Պրեմիեր լիգայի առաջնության 34-րդ տուրում «Մանչեսթեր Սիթին» հյուրընկալվեց «Բարնլիին» եւ առավելության հասավ նվազագույն հաշվով։Միակ գոլն արդեն 5-րդ րոպեին խփեց նորվեգացի հարձակվող Էրլինգ Հոլանդը։«Մանչեսթեր Սիթին» 70 միավորով գլխավորեց մրցաշարային աղյուսակը։ Նույնքան միավոր ունի երկրորդ տեղ նահանջած փոխչեմպիոն «Արսենալը»։Հետևեք NEWS.am SPORT-ին Facebook-ում, Twitter և Telegram-ում",Sport,https://sport.news.am/arm/news/165970/
Ֆրանսիայի գավաթ․ «Նիցան» դուրս եկավ եզրափակիչ (տեսանյութ),"«Նիցան» դուրս եկավ ֆուտբոլի Ֆրանսիայի գավաթի խաղարկության եզրափակիչ՝ 2:0 հաշվով պարտության մատնելո «Ստրասբուրգին»։Եզրափակիչում «Նիցայի» մրցակիցը կլինի «Լանսը», որը պայքարից դուրս էր թողել «Թուլուզին»։Եզրափակիչը տեղի կունենա մայիսի 22-ին։Ֆրանսիայի գավաթ, եզրափակիչ«Ստրասբուրգ» - «Նիցա»՝ 0:2Էլիե Վայի, 51, 82, 11մՀետևեք NEWS.am SPORT-ին Facebook-ում, Twitter և Telegram-ում",Sport,https://sport.news.am/arm/news/165971/
Լամին Յամալը վնասվածք է ստացել,"Իսպանիայի չեմպիոն «Բարսելոնայի» եւ Եվրոպայի չեմպիոն Իսպանիայի հավաքականի 18-ամյա եզրային հարձակվող Լամին Յամալը վնասվածք է ստացել «Սելտայի» դեմ Լա Լիգայի 33-րդ տուրի խաղում։ 11-մետրանոցն արդյունավետ իրացնելուց հետո նա փոխարինվել էր ազդրի մկաննների հետ կապված խնդրի պատճառով, հաղորդում է Mundo Deportivo-ն։Եթե հաստատվի մկանաթելերի պատռվածքը, նա բաց կթողնի ակումբային մրցաշրջանի ավարտը եւ հունիս-հուլիսին ԱՄՆ-ում, Մեքսիկայում եւ Կանադայում անցկացվելիք աշխարհի առաջնության առաջին հանդիպումները։Ընթացիկ մրցաշրջանում Լամին Յամալը «Բարսելոնայի» հետ մասնակցել է 45 հանդիպման խփել է 24 գոլ, կատարել 16 գոլային փոխանցում։Հետևեք NEWS.am SPORT-ին Facebook-ում, Twitter և Telegram-ում",Sport,https://sport.news.am/arm/news/165972/
Իտալիայի գավաթ․ «Լացիոն» եզրափակիչում է,"Ֆուտբոլի Իտալիայի գավաթի խաղարկության կիսաեզրափակիչի պատասխան խաղում Բերգամոյի «Ատալանտան» ընդունեց Հռոմի «Լացիոյին»։ Հիմնական ժամանակն ավարտվեց ոչ ոքի՝ 1:1:84-րդ րոպեին հանդիպման հաշիվը բացեց «Լացիոյի» իտալացի պաշտպան Ալեսիոն Ռոմանյոլին։86-րդ րոպեին պատասխան գոլը խփեց «Ատալանտայի» խորվաթ կիսապաշտպան Մարիո Պաշալիչը։Լրացուցիչ ժամանակն ավարտվեց 0:0 հաշվով։11-մետրանոցներն ավելի հաջող իրացրին «Լացիոյի» ֆուտբոլիստները՝ 2:1:Թիմերի առաջին խաղում գրանցվել էր ոչ ոքի՝ 1:1:Եզրափակիչում «Լացիոյի» մրցակիցը կլինի «Ինտերը», որը պայքարից դուրս էր թողել «Կոմոյին»։Հետևեք NEWS.am SPORT-ին Facebook-ում, Twitter և Telegram-ում",Sport,https://sport.news.am/arm/news/165973/
Լամին Յամալի գոլը հաղթանակ բերեց «Բարսելոնային»,"Իսպանիայի առաջնության 33-րդ տուրում չեմպիոն «Բարսելոնան» ընդունեց Վիգոյի «Սելտային»։ Գերմանացի Հանս-Դիտեր Ֆլիկի գլխավորած թիմը հաղփեց 1:0 հաշվով։40-րդ րոպեին 11-մետրանոցն արդյունավետ իրացրեց եզրային հարձակվող Լամին Յամալը։«Բարսելոնան» 82 միավորով գլխավորում է մրցաշարային աղյուսակը եւ 9 միավոր առաջ է երկրորդ տեղում գտնվող փոխչեմպիոն «Ռեալից»։Հետևեք NEWS.am SPORT-ին Facebook-ում, Twitter և Telegram-ում",Sport,https://sport.news.am/arm/news/165974/
Ծանրամարտի ԵԱ. Այսօր Հայաստանն ունի 3 ներկայացուցիչ,"Վրաստանի Բաթումի քաղաքում անցկացվող ծանրամարտի Եվրոպայի առաջնությունում ապրիլի 23-ին Հայաստանը կունենա 3 ներկայացուցիչ: Մրցահարթակ դուրս կգա Եվրոպայի չեմպիոն Ռաֆիկ Հարությունյանը (88 կգ), Եվրոպայի փոխչեմպիոն Աննա Ամրոյանը (77 կգ) եւ Եվրոպայի Մ20 բրոնզե մեդալակիր Ալինա Սուքիասյանը (77 կգ):Ռաֆիկ Հարությունյանի մասնակցությամբ 88 կգ քաշային կարգի А խմբում տիտղոսի համար կպայքարի 12 ծանրորդ: Ռաֆիկ Հարությունյանի նախնական հայտը երկամարտում 370 կգ է: Նույնքան են պատվիրել նաեւ Կոսովոյի ներկայացուցիչ Ռոստամի Կիանոուշը, ռուս Արտյոմ Օկուլովը, որը հանդես է գալիս չեզոք դրոշի ներքո: Ռաֆիկ Հարությունյանից 5 կգ պակաս հայտ է ներկայացրել Եվրոպայի չեմպիոն, աշխարհի բրոնզե մեդալակիր, Հայաստանի հավաքականի նախկին անդամ Անդրանիկ Կարապետյանը, որը ներկայացնում է Բոսնիան եւ Հերցեգովինան:Ռաֆիկ Հարությունյանը Մ23 Եվրոպայի կրկնակի չեմպիոն է, երիտասարդների աշխարհի բրոնզե մեդալակիր: 2022 թ. Ալբանիայի մայրաքաղաք Տիրանայում անցկացված Եվրոպայի առաջնությունում երկամարտի 354 կգ արդյունքով հռչակվել է Եվրոպայի չեմպիոն (160+194): 2023 թ. Երեւանում անցկացված Եվրոպայի առաջնությունում 337 կգ արդյունքով նվաճել է բրոնզե մեդալ (150+187): 2024 թ. Բուլղարիայի մայրաքաղաք Սոֆիայում անցկացված Եվրոպայի առաջնությունում երկամարտի 336 կգ արդյունք դարձել է բրոնզե մեդալակիր (154+182): 2025 թ. Քիշնեւում անցկացված Եվրոպայի առաջնությունում 81 կգ քաշային կարգում Մոլդովայի մայրաքաղաք Քիշնեւում անցկացվող ծանրամարտի Եվրոպայի առաջնությունում Հարությունյանը երկամարտի 343 կգ արդյունքով նվաճեց փոխչեմպիոնի կոչումը (158+185):88 կգ քաշային կարգի A խմբի պայքարը կմեկնարկի Երեւանի ժամանակով 16:00-ին:Երեկոյան մրցահերթում պայքարի մեջ կմտնեն Աննա Ամրոյանը եւ Ալինա Սուքիասյանը: Երկուսն էլ հանդես կգան 77 կգ քաշային կարգի А խմբում:Այս քաշային կարգում տիտղոսի համար կպայքարի 10 ծանրորդ: Աննա Ամրոյանի նախնական հայտը երկամարտում 245 կգ է: Ալինա Սուքիասյանը 236 կգ հայտ է ներկայացրել: Ֆավորիտը Ֆինլանդիայի ներկայացուցիչ Ժանետ Յիլիսոյնին է 250 կգ հայտով:Աննա Ամրոյանը մինչեւ 20 տարեկանների Եվրոպայի առաջնության ոսկե մեդալակիր է, աշխարհի երիտասարդական առաջնության կրկնակի բրոնզե մեդալակիր, մինչեւ 17 տարեկանների Եվրոպայի առաջնության ոսկե մեդալակիր:2025 թ. ապրիլին Մոլդովայի մայրաքաղաք Քիշնեւում անցկացվող Եվրոպայի առաջնությունում Ամրոյանը առաջին մեդալը նվաճեց մեծահասակների պայքարում՝ դառնալով Եվրոպայի փոխչեմպիոն ՝231 կգ (100+131):Ալինա Սուքիասյանը 2023 թ. Եվրոպայի մինչեւ 17 տարեկանների առաջնության բրոնզե մեդալակիր է՝ 185 կգ (85+100), Հայաստանի չեմպիոն:Կանանց 77 կգ քաշային կարգի A խմբի պայքարը կմեկնարկի Երեւանի ժամանակով 19:00-ին։Հայաստանի առաջին մեդալը Բաթումիում նվաճել է Գառնիկ Չոլակյանը: 60 կգ քաշայինների պայքարում Չոլակյանը դարձավ Եվրոպայի փոխչեմպիոն: Երկամարտում նա հավաքեց 274 կգ (124+150):  71 կգ քաշային կարգում երկամարտի 330 կգ արդյունքով փոխչեմպիոն է հռչակվել Գոռ Սահակյանը (150+180): 79 կգ քաշայինների պայքարում Մարտին Պողոսյանը երկամարտի 338 կգ արդյունքով նվաճել է բրոնզե մեդալ (152+186):  Կանանց հավաքականից Ալեքսանդրա Գրիգորյանը (58 կգ) երկամարտի 210 կգ արդյունքով նվաճել է արծաթե մեդալ (91+119):Հայասստանի հավաքականները Եվրոպայի առաջնությանը մասնակցում են 16 ծանրորդով՝ 8 տղամարդ, 8 կին:Հակոբ Փիլոսյանի գլխավորած հավաքականից առաջնությանը կմասնակցեն նաեւ Արա Աղանյանը (94 կգ), Սիմոն Մարտիրոսյանը, Գարիկ Կարապետյանը (երկուսն էլ՝ 110 կգ) եւ Վարազդատ Լալայանը (+110 կգ):Արտաշես Ներսիսյանի գլխավորած կանանց հավաքականից Բաթումիի մրցահարթակ դուրս կգան նաեւ Էմմա Պողոսյանը, Լիանա Գյուրջյանը (86 կգ) եւ Տաթեւ Հակոբյանը (+86 կգ):Հետևեք NEWS.am SPORT-ին Facebook-ում, Twitter և Telegram-ում",Sport,https://sport.news.am/arm/news/165975/
Աշխարհի գավաթ․ Ռուդոլֆ Գարբոյանի հաղթանակը (տեսանյութ),"Բրազիլիայում անցկացվող բռնցքամարտի աշխարհի գավաթի խաղարկության երրորդ օրը Հայաստանն ունեցել է երեք մասնակից։Հաղթանակ է տարել միայն 50 կգ քաշային Ռուդոլֆ Գարբոյանը։Հայաստանի բռնցքամարտի ֆեդերացիան դարձյալ ուշադրություն է հրավիրել մրցավարության ցածր մակարդակի վրա։«Հերթական «գերճշգրիտ» գործողությունները WORLD BOXING-ի աշխարհի գավաթում` մրցավարների կողմից։ Այնպիսի տպավորություն է, որ այստեղ մրցավարները զուրկ են տարրական գիտելիքներից։ Այս անգամ նրանք ցանկանում էին իրենց «սև գործն» անել Ռուդոլֆ Գարբոյանի մենամարտի ժամանակ։ Բարեբախտաբար մեր մարզիչների կոշտ արձագանքից հետո ամեն ինչ շտկվեց ու հաղթանակը տվեցին Գարբոյանին։ Իսկ, թե ինչ է կատարվել, դիտեք տեսանյութում»,- նշվում Է ՀԲՖ-ի հաղորդագրությունում։60 կգ քաշային Արթուր Բազեյանը եւ 70 կգ քաշային Արարատ Հարությունյանը պարտվել էին խայտառակ մրցավարության պայմաններում։Հետևեք NEWS.am SPORT-ին Facebook-ում, Twitter և Telegram-ում",Sport,https://sport.news.am/arm/news/165976/
«Ինտեր Մայամին» հաղթեց Սուարեսի եւ Դե Պաուլի գոլերի շնորհիվ (տեսանյութ),"Հյուսիսամերիկյան ֆուտբոլային ՄԼՍ-ի կանոնավոր առաջնությունում «Ինտեր Մայամին» հյուրընկալվեց «Ռեալ Սոլթ Լեյքին» եւ առավելության հասավ 2:0 հաշվով։Հյուրերից աչքի ընկան ուրուգվայցի հարձակվող Լուիս Սուարեսն ու արգենտինացի կիսապաշտպան Ռոդրիգո Դե Պաուլը` համապատասխանաբար 82-րդ եւ 84-րդ րոպեներին։«Ինտեր Մայամին» ՄԼՍ-ի 7 անընդմեջ խաղում պարտություն չի կրել եւ 9 խաղից հետո 18 միավորով չորրորդն է։Հետևեք NEWS.am SPORT-ին Facebook-ում, Twitter և Telegram-ում",Sport,https://sport.news.am/arm/news/165977/
NBA. Օրվա արդյունքներն ու լավագույն դրվագները (տեսանյութ),"Բասկետբոլի ազգային ասոցիացիայի առաջնությունում (NBA) շարունակվում են փլեյ-օֆֆի առաջին շրջանի հանդիպումները։ Այս գիշեր տեղի է ունեցել երկու մրցախաղ։NBA, փլեյ-օֆֆ«Դետրոյթ Փիսթոնս» - «Օռլանդո Մեջիք»՝ 98:83 (շարքի ընդհանուր հաշիվը՝ 1-1)«Օկլահոմա Սիթի Թանդեր» - «Ֆինիքս Սանզ»՝ 120:107 (2-0)Հետևեք NEWS.am SPORT-ին Facebook-ում, Twitter և Telegram-ում",Sport,https://sport.news.am/arm/news/165978/
"ԵԱ․ Ալեքս Խաչատրյանը եւ Մհեր Օհանյանը հաղթեցին ադրբեջանցի մրցակիցներին ու դարձան 
չեմպիոններ","Սերբիայում շարունակվող սամբոյի պատանիների ու երիտասարդների Եվրոպայի առաջնությունում Հայաստանի երիտասարդական հավաքականը 7 մեդալ է նվաճել։Մրցապայքարից դուրս մնաց միայն Միլենա Առաքելյանը, որը մեկ հաղթանակից հետո պարտություն կրեց։Մեկ պարտություն, երկու հաղթանակ արդյունքով բրոնզե մեդալի արժանացավ մարզական սամբոյի 88 կգ քաշային կարգում հանդես եկող Սեյրան Սարուխանյանը։Եզրափակիչներում Հայաստանն ուներ 6 մարզիկ։Աղջիկների 72 կգ քաշային կարգում Սյուզաննա Մանուկյանը պարտվեց Բելառուսի ներկայացուցիչին և արժանացավ արծաթե մեդալի։Մարզական սամբոյի տղաների 58 և 71 կգ քաշային կարգերում նախ՝ Ալեքս Խաչատրյանը, ապա Մհեր Օհանյանը հաղթեցին ադրբեջանցի մարզիկների ու դարձան Սամբոյի երիտասարդների առաջնության չեմպիոններ։Մարտական սամբոյի եզրափակիչ հասած Հայաստանի երեք մարզիկներն էլ պարտվեցին Ռուսաստանի ներկայացուցիչներին ու դարձան փոխչեմպիոններ․ Միքայել Թումասյան՝ 64 կգ, Վադիս Համբարձումյան՝ 79 կգ, Արեն Հարությունյան՝ 98 կգ։     Ապրիլի 23-ին մեդալների համար կպայքարի Հայաստանի ևս յոթ մարզիկ։Հայաստանի պատանեկան թիման այս առաջնությունում նվաճել է 2 արծաթե ու 4 բրոնզե մեդալ։Հետևեք NEWS.am SPORT-ին Facebook-ում, Twitter և Telegram-ում",Sport,https://sport.news.am/arm/news/165979/
Անչելոտին նշել է Չեմպիոնների լիգայի ֆավորիտին,"Բրազիլիայի հավաքականի իտալացի գլխավոր մարզիչ Կառլո Անչելոտին նշել է Չեմպիոնների լիգայի ընթացիկ մրցաշրջանի ֆավորիտին։«Կարծում եմ՝ Չեմպիոնների լիգայի ֆավորիտը տիտղոսը պաշտպանող ՊՍԺ-ն է»,- Անչելոտիի խոսքը մեջբերում է beIN Sports-ը։Չեմպիոնների լիգայի կիսաեզրափակիչում Ֆրանսիայի չեմպիոն ՊՍԺ-ն կհանդիպի Գերմանիայի նորընծա չեմպիոն Մյունխենի «Բավարիայի» հետ։Եզրափակիչի մյուս ուղեգիրը կվիճարկեն Մադրիդի «Աթլետիկոն» եւ Անգլիայի փոխչեմպիոն Լոնդոնի «Արսենալը»։Հետևեք NEWS.am SPORT-ին Facebook-ում, Twitter և Telegram-ում",Sport,https://sport.news.am/arm/news/165980/
Սերժ Գնաբրին բաց կթողնի աշխարհի առաջնությունը,"Գերմանիայի չեմպիոն Մյունխենի «Բավարիայի» եւ Գերմանիայի հավաքականի հարձակվող Սերժ Գնաբրին բաց կթողնի հունիս-հուլիսին ԱՄՆ-ում, Մեքսիկայում եւ Կանադայում անցկացվելիք աշխարհի առաջնությունը։Սերժ Գնաբրին աջ ազդրի մկանային վնասվածք ունի։ Նախորդ անգամ նա խաղադաշտ է դուրս եկել ապրիլի 15-ին Մադրիդի «Ռեալի» դեմ Չեմպիոնների լիգայի քառորդ եզրափակիչի պատասխան խաղում (4:3):«Ցավոք, ես կերկրպագեմ մեր թիմին տանից։ Իմ երազանքը աշխարհի առաջնությանը Գերմանիայի հավաքականի հետ մասնակցելու մասին այս անգամ չի իրականանա։ Հիմա կկենտրոնանամ վերականգնման եւ հաջորդ մրցաշրջանին պատրաստվելու վրա»,- սոցիալական ցանցերում գրել է Գնաբրին։Ընթացիկ մրցաշրջանում Գնաբրին «Բավարիայի» հետ մասնակցել է 37 հանդիպման, խփել է 10 գոլ, կատարել 11 գոլային փոխանցում։Աշխարհի առաջնության խմբային փուլում Գերմանիայի մրցակիցները կլինեն Էկվադորը, Կյուրասաոն եւ Կոտ դ’Իվուարը։Հետևեք NEWS.am SPORT-ին Facebook-ում, Twitter և Telegram-ում",Sport,https://sport.news.am/arm/news/165981/
Իտալիայի Ա Սերիա. Մեկնարկում է 34-րդ տուրը,"Ֆուտբոլի Իտալիայի Ա Սերիայի առաջնությունում ապրիլի 24–ին չեմպիոն «Նապոլիի» եւ «Կրեմոնեզեի» դիմակայությամբ կմեկնարկի 34–րդ տուրը։Առաջատարը փոխչեմպիոն «Ինտերն» է, որը 78 միավոր եւ ապահովել է Չեմպիոնների լիգայի ուղեգիր։Իտալիայի առաջնություն, 34-րդ տուր«Նապոլի» - «Կրեմոնեզե»՝ 22։45 (Երեւանի ժամանակ)Ապրիլի 25«Պարմա» - «Պիզա»՝ 17։00«Բոլոնիա» - «Ռոմա»՝ 20։00«Վերոնա» - «Լեչե»՝ 22։45Ապրիլի 26«Ֆիորենտինա» - «Սասուոլո»՝ 14։30«Ջենոա» - «Կոմո»՝ 17։00«Տորինո» - «Ինտեր»՝ 20։00«Միլան» - «Յուվենտուս»՝ 22։45Ապրիլի 27«Կալյարի» - «Ատալանտա»՝ 20։30«Լացիո» - «Ուդինեզե»՝ 22։45Հետևեք NEWS.am SPORT-ին Facebook-ում, Twitter և Telegram-ում",Sport,https://sport.news.am/arm/news/165982/
"Էրլինգ Հոլանդ. Ուրախ եմ, որ հաղթեցինք, ինչն ամենագլխավորն է","Անգլիական «Մանչեսթեր Սիթիի» նորվեգացի հարձակվող Էրլինգ Հոլանդը մեկնաբանել է 1։0 հաշվով հաղթանակը Պրեմիեր լիգայի 34-րդ տուրի խաղում։ 25-ամյա ֆուտբոլիստը խփել է միակ գոլը։«Ուրախ եմ, որ հաղթեցինք, ինչն ամենագլխավորն է։ Մնացածի մասին մտածել պետք չէ։ Մենք գլխավորեցինք մրցաշարային աղյուսակը, ինչի համար պետք է ուրախանալ։Ձգտում ենք ցուցադրել մեր ֆուտբոլը եւ հաղթել. Այս տրամադրվածությունն է պետք։Հիմա կկենտրոնանանք շաբաթ օրվա հանդիպման վրա։ Պետք չէ մտածել գոլերի մասին, պետք է կենտրոնանալ հաղթանակի վրա»,- Էրլինգ Հոլանդի խոսքը մեջբերում է մանչեսթեր ակումբի կայքը։«Մանչեսթեր Սիթին» 70 միավորով առաջատար է։ Երկրորդ տեղ նահանջած «Արսենալը» նույնպես ունի 70 միավոր։Ապրիլի 25-ին «Մանչեսթեր Սիթին» Անգլիայի գավաթի խաղարկության կիսաեզրափակիչում կընդունի «Սաութհեմփթոնին»։Հետևեք NEWS.am SPORT-ին Facebook-ում, Twitter և Telegram-ում",Sport,https://sport.news.am/arm/news/165983/
Լամին Յամալը բաց կթողնի մրցաշրջանի վերջնամասը,"Իսպանիայի չեմպիոն «Բարսելոնայի» եւ Եվրոպայի չեմպիոն Իսպանիայի հավաքականի 18–ամյա եզրային հարձակվող Լամին Յամալը բաց կթողնի մրցաշրջանի վերջնամասը, հաղորդում է կատալոնական ակումբի կայքը։«Բուժզննումը հաստատեց, որ հիմնական կազմի խաղացող Լամին Յամալը ստացել է ձախ ոտքի ծնկատակի ջլի վնասվածք։ Ֆուտբոլիստը կանցնի կոնսերվատիվ բուժում։ Լամին Յամալը բաց կթողնի մրցաշրջանի մնացած հատվածը, բայց սպասվում է, որ կկարողանա մասնակցել աշխարհի առաջնության»,– հաղորդում է «Բարսելոնայի» կայքը։Լամին Յամալը վնասվածք է ստացել «Սելտայի» դեմ Լա Լիգայի 33-րդ տուրի խաղում։ 40–րդ րոպեին 11-մետրանոցն արդյունավետ իրացնելուց հետո նա փոխարինվել էր։Ընթացիկ մրցաշրջանում Լամին Յամալը «Բարսելոնայի» հետ մասնակցել է 45 հանդիպման խփել է 24 գոլ, կատարել 16 գոլային փոխանցում։Հետևեք NEWS.am SPORT-ին Facebook-ում, Twitter և Telegram-ում",Sport,https://sport.news.am/arm/news/165985/
«Վանը» պարտվեց ԲԿՄԱ-ին (տեսանյութ),"Ֆուտբոլի Հայաստանի Պրեմիեր լիգայի առաջնության 23-րդ տուրում Չարենցավանի «Վանն» ընդունեց ԲԿՄԱ-ին եւ պարտվեց 1։2 հաշվով։Արդեն առաջին րոպեին հանդիպման հաշիվը բացեց ԲԿՄԱ-ի 24-ամյա հարձակվող Գրենիկ Պետրոսյանը։34-րդ րոպեին պատասխան գոլը խփեց «Վանի» 21-ամյա կիսապաշտպան Հայկ Թաթոսյանը։Ավելացված երրորդ րոպեին սեփական դարպասը գրավեց «Վանի» 39–ամյա պաշտպան Հրայր Մկոյանը։«Վանը» 22 խաղից հետո 25 միավորով 6-րդն է, ԲԿՄԱ-ն 23 խաղում վաստակել է 21 միավոր եւ 7-րդն է։Հայաստանի առաջնություն, 23-րդ տուր«Վան» - ԲԿՄԱ՝ 1։2Հայկ Թաթոսյան, 34 - Գրենիկ Պետրոսյան, 1, Հրայր Մկոյան, 90+3, ինքնագոլՀետևեք NEWS.am SPORT-ին Facebook-ում, Twitter և Telegram-ում",Sport,https://sport.news.am/arm/news/165986/
"Ծանրամարտի ԵԱ. Ռաֆիկ Հարությունյանը 7-րդն է (ֆոտո, վիդեո)
","Եվրոպայի չեմպիոն, փոխչեմպիոն Ռաֆիկ Հարությունյանը 7-րդն է Վրաստանի Բաթումի քաղաքում անցկացվող ծանրամարտի Եվրոպայի առաջնությունում: 88 կգ քաշայինների А խմբի պայքարում Ռաֆիկ Հարությունյանը երկամարտում հավաքեց 355 կգ (164+195):Այս քաշային կարգում հանդես եկող Հայաստանի նախկին անդամ Անդրանիկ Կարապետյանը երկամարտի 361 կգ արդյունքով բրոնզե մեդալակիր է (167+194):Պոկում վարժությունում Հարությունյանն առաջին մոտեցումը ձախողեց, երկրորդ փորձով պոկեց 160 կգ-ը: Երրորդ մոտեցումն էլ ձախողեց, որի համար մարզիչները պատվիրել էին 164 կգ: Այս վարժությունում Ռաֆիկ Հարությունյանը 8-րդն է:Հայաստանի հավաքականի նախկին անդամ, Եվրոպայի չեմպիոն, Բոսնիան եւ Հերցեգովինան ներկայացնող Անդրանիկ Կարապետյանը այս վարժությունում պոկեց 163 կգ: Երկրորդ մոտեցման 167-ը ձախողեց, բայց երրորդ մոտեցմամբ հաջողությամբ ֆիքսեց ծանրաձողը գլխավերեւում: Անդրանիկ Կարապետյանը արժանացավ փոքր արծաթե մեդալի:Հրում վարժությունում Ռաֆիկ Հարությունյանը պայքարը սկսեց 195 կգ-ով, բայց հաջողեց միայն երկրորդ փորձից: Երրորդ մոտեցման համար մարզիչները պատվիրեցին 205 կգ, որը նույնպես չկարողացավ բարձրացրել: Այս վարժությունում Ռաֆիկ Հարությունյանը 7-րդն է:Անդրանիկ Կարապետյանն այս վարժությունում հաջողեց բոլոր երրեք մոտեցումները հրելով՝ 182 կգ, 190 կգ եւ 194 կգ:Եվրոպայի չեմպիոնի կոչումը նվաճեց մոլդովացի Մարին Ռոբուն, որը երկամարտում գրանցեց 373 կգ արդյունք (173+200): Արծաթե մեդալակիր դարձավ վրացի Զուրաբ Մսխալաձեն՝ 363 կգ (163+200): Հետևեք NEWS.am SPORT-ին Facebook-ում, Twitter և Telegram-ում",Sport,https://sport.news.am/arm/news/165987/
"Ռաֆիկ Հարությունյան. Մրցահարթակում շատ վատ էի ինձ զգում
","Շատ վատ առաջնություն ստացվեց ինձ համար: Չհասկացա, թե ինչ տեղի ունեցավ, շատ վատ էի զգում մրցահարթակում, չէի կարողանում կենտրոնանալ եւ այն կիլոգրամները, որոնցից ավելին եւս բարձրացնում եմ մարզումներին:Այսպես իր անհաջող մրցելույթը Եվրոպայի առաջնությունում մեկնաբանեց Եվրոպայի չեմպիոն, փոխչեմպիոն Ռաֆիկ Հարությունյանը:Բաթումիի մրցահարթակում Հայաստանի հավաքականի ավագը 355 կգ երկամարտի արդյունքով 7-րդն է (164+195):Այս քաշային կարգում հանդես եկող Հայաստանի նախկին անդամ Անդրանիկ Կարապետյանը երկամարտի 361 կգ արդյունքով բրոնզե մեդալակիր է (167+194):«Շատ վատ Եվրոպայի առաջնություն ստացվեց: Շատ լավ մարզումային փուլ էի անցել, պատրաստ էի, շատ մարզվել էի, կիլոգրամներս ավելացրել էի եւ բարձրացրել էի ավելին, քանի այսօր: Ընդհանրապես չէի մտածել, որ կարող է այսպես ստացվի: Մրցահարթակում, մրցման ժամանակ շատ վատ էի զգում: Չէի կարողանում կենտրոնանալ եւ անել իմ կիլոգրամները: Չեմ կարող ասել, թե խնդիրն ինչումն էր, քանի որ հենց հիմա էլ գերհոգնածություն չեմ զգում: Չէի կենտրոնանում, ավելի շատ դրա խնդիրն էր: Կոնկրետ պատճառ չկա, կվերլուծեմ եւ հետո կհասկանամ:Ամեն ինչ տեղի ունեցավ մրցահարթակում: Մինչեւ մրցահարթակ բարձրանալը շատ լավ էի զգում ինձ: Չհասկացա՝ ինչ տեղի ունեցավ: Մարզավիճակով պայմանավորված չէր, քանի որ ես արել էի այս կիլոգրամներից ավելին», - ասաց Ռաֆիկ Հարությունյանը: Լուսինե Շահբազյան՝ ԲաթումիիցՀետևեք NEWS.am SPORT-ին Facebook-ում, Twitter և Telegram-ում",Sport,https://sport.news.am/arm/news/165988/
Ծանրամարտի ԵԱ. Աննա Ամրոյանը զրո ստացավ,"Եվրոպայի փոխչեմպիոն, Մ20 Եվրոպայի չեմպիոն, աշխարհի երիտասարդական առաջնության կրկնակի բրոնզե մեդալակիր Աննա Ամրոյանը զրո ստացավ Բաթումիում անցկացվող ծանրամարտի Եվրոպայի առաջնությունում:Կանանց 77 կգ քաշայինների պայքարում Հայաստանի ներկայացուցիչը պոկում վարժությունում ձախողեց բոլոր երեք մոտեցումները չկարողանալով բարձրացնել 102 կգ, ապա 104 կգ-ը:Այս քաշում մեդալի համար պայքարում է նաեւ Ալինա Սուքիասյանը: Պոկում վարժության առաջին մոտեցմամբ Սուքիասյանը բարձրացրել է 96 կգ: Երկրորդ մոտեցմամբ էլ հաջողությամբ պոկեց 100 կգ: Երրորդ մոտեցումը ձախողեց, որի համար պատվիրված էր 103 կգ:Ընդմիջում է: Հետևեք NEWS.am SPORT-ին Facebook-ում, Twitter և Telegram-ում",Sport,https://sport.news.am/arm/news/165989/
«Փյունիկը» պարտության մատնեց «Ուրարտուին» (տեսանյութ),"Ֆուտբոլի Հայաստանի Պրեմիեր լիգայի առաջնության 23-րդ տուրում «Փյունիկը» հյուրընկալեց «Ուրարտուին» եւ առավելության հասավ 2:1 հաշվով։Չորրորդ րոպեին հանդիպման հաշիվը բացեց «Փյունիկի» գվինեացի հարձակվող Մոմո Յանսանեն։ 63-րդ րոպեին դաշտի տերերի առավելությունը կրկնապատկեց ուկրաինացի պաշտպան Սերգեյ Վակուլենկոն։Ավելացված երկրորդ րոպեին հաշվի տարբերությունը կրճատեց հարձակվող Նիկոլաս Կալուկյանը։«Փյունիկը» 21 խաղից հետո 44 միավորով երկրորդն է, «Ուրարտուն» 22 խաղից հետո ունի 42 միավոր եւ չորրորդն է։Հետևեք NEWS.am SPORT-ին Facebook-ում, Twitter և Telegram-ում",Sport,https://sport.news.am/arm/news/165990/
Ծանրամարտի ԵԱ. Աննա Ամրոյանը նվաճեց փոքր ոսկե մեդալ (ֆոտո),"Եվրոպայի առաջնության 5-րդ մրցումային օրը կանանց հավաքականից պայքարի մեջ մտան Աննա Ամրոյանը եւ Ալինա Սուքիասյանը՝ երկուսն էլ 77 կգ քաշային կարգում:Եվրոպայի փոխչեմպիոն Աննա Ամրոյանը զրո ստացավ պոկում վարժությունում, հրում վարժությունում բարձրացրեց 136 կգ եւ նվաճեց փոքր ոսկե մեդալ: Երկամարտի արդյունք չգրանցեց:Ալինա Սուքիասյանը երկամարտում գրանցեց 220 կգ արդյունք (100+120) եւ 14-րդն է:Աննա Ամրոյանը պոկում վարժությունում ձախողեց բոլոր երեք մոտեցումները՝ չկարողանալով բարձրացնել 102 կգ, ապա 104 կգ-ը:Ալինա Սուքիասյանն այս վարժությունում առաջին մոտեցմամբ բարձրացրեց 96 կգ: Երկրորդ մոտեցմամբ էլ հաջողությամբ պոկեց 100 կգ: Երրորդ մոտեցումը ձախողեց, որի համար պատվիրված էր 103 կգ:Հրում վարժությունում Աննա Ամրոյանն առաջին մոտեցմամբ բարձրացրեց 125 կգ: Երկրորդ մոտեցմամբ հրեց նաեւ 133 կգ-ը: Երրորդ մոտեցմամբ հրեց նաեւ 136 կգ-ը եւ նվաճեց այս վարժության փոքր ոսկե մեդալը:Ալինա Սուքիասյանն այս վարժությունում երկրորդ փորձից հրեց 120 կգ: Երրորդ մոտեցման համար պատվիրված 125 կգ-ը ձախողեց:Հետևեք NEWS.am SPORT-ին Facebook-ում, Twitter և Telegram-ում",Sport,https://sport.news.am/arm/news/165991/
"Աննա Ամրոյան․ Ուրախ եմ, որ զրոյից հետո կարողացա հավաքվել, փոքր ոսկե մեդալ նվաճել","Չգիտեմ՝ ինչու չստացվեց պոկում վարժությունը, երեւի շտապում եմ չեմպիոն դառնալ։ Ուրախ եմ, որ զրոյից հետո կարողացա հավաքվել, փոքր ոսկե մեդալ նվաճել եւ երիտասարդների Եվրոպայի ռեկորդ սահմանել հրում վարժությունում:Այսպես իր մրցելույթը մեկնաբանեց Աննա Ամրոյանը Բաթումիում անցկացվող ծանրամարտի Եվրոպայի առաջնությունում:2025 թ. Եվրոպայի փոխչեմպիոննը Բաթումիի մրցահարթակում պոկում վարժությունում երեք մոտեցում ձախողելուց եւ զրո ստանալուց հետո փոքր ոսկե մեդալ նվաճեց հրում վարժությունում:«Անկեղծ ասած՝ չեմ կարող բացատրել, թե ինչու այդպես ստացվեց պոկում վարժությունում: Հրում վարժությունում սահմանեցի ռեկորդ: Այսքան էի արել հրում վարժությունում: Ինքս ինձ ապացուցելու համար, որ ես ամենաուժեղն եմ, հավաքվեցի եւ երեք մոտեցում հստակ աշխատեցի:Առաջիկայում ունենք աշխարհի առաջնություն, կփորձել շտկել սխալներս:Պարտությունից հետո սովորաբար դժվար է լինում հավաքվել եւ գնալ հաղթանակի: Ինձ համար հոգեբանական մեծ հարված էր պոկումում պարտվելը: Ինձ պետք է հրումում հաղթանակը:Պոկումից հետո չեմ կարող բացատրել, թե ինչ էր ինձ հետ կատարվում: Հրումն իմ զենքն է: Կարծում եմ առաջին վարժության վրա պետք է շատ աշխատեմ:Թե ինչն էր ձախողմանս պատճառը, քանի որ ես բարձրացրել էի այն կիլոգրամները, որոնց այսօր մոտեցա: Երեւի շտապում եմ չեմպիոն դառնալ»,- ասաց Աննա Ամրոյանը:Լուսինե Շահբազյան՝ ԲաթումիիցՀետևեք NEWS.am SPORT-ին Facebook-ում, Twitter և Telegram-ում",Sport,https://sport.news.am/arm/news/165992/
Վինիսիուսը համաձայն է Մբապեից քիչ վարձատրվել,"Մադրիդի «Ռեալն» ու բրազիլացի հարձակվող Վինիսիուս Ժունիորը սկզբունքային համաձայնության են հասել պայմանագրի երկարաձգման հարցում, հաղորդում է Sky Sports-ը։Վինիսիուսը կմնա երկրորդ ամենաբարձր վարձատրվող ֆուտբոլիստը «Ռեալում» ֆրանսիացի հարձակվող Կիլիան Մբապեից հետո։Ոչ պաշտոնական տվյալներով՝ բանակցությունները ձգձգվում էին Վինիսիուսի ֆինանսական պահանջների պատճառով։ Նա ցանկանում էր ստանալ Մբապեի հետ հավասար վարձատրություն։ Ի վերջո, կողմերը հասել են համաձայնության աշխատավարձն անփոփոխ թողնելու վերաբերյալ։Վինիսիուսն այժմ ստանում է տարեկան 25 միլիոն եվրո, Մբապեն՝ 32 միլիոն եվրո։Վինիսիուսի գործող պայմանագիրն Արքայական ակումբի հետ նախատեսված է մինչեւ 2027թ․ հունիս։Հետևեք NEWS.am SPORT-ին Facebook-ում, Twitter և Telegram-ում",Sport,https://sport.news.am/arm/news/165993/
Սպերցյանի գոլը նպաստեց «Կրասնոդարի» հաղթանակին «Սպարտակի» նկատմամբ,"Публикация от FC Krasnodar / ФК Краснодар (@fckrasnodar)Ռուսաստանի Պրեմիեր լիգայի առաջնության 26-րդ տուրում չեմպիոն «Կրասնոդարը» հյուրընկալվեց Մոսկվայի «Սպարտակին» եւ կամային հաղթանակի հասավ 2:1 հաշվով։38-րդ րոպեին հանդիպման հաշիվը բացեց «Սպարտակի» լյուքսեմբուրգցի կիսապաշտպան Քրիստոֆեր Մարտինսը։Առաջին խաղակեսի ավելացված առաջին րոպեին հավասարությունը վերականգնեց «Կրասնոդարի» եւ Հայաստանի հավաքականի ավագ, կիսապաշտպան Էդուարդ Սպերցյանը։«Կրասնոդարի» հաղթական գոլը 85-րդ րոպեին խփեց բրազիլացի պաշտպան Ժուբալը։«Կրասնոդարը» 57 միավորով դարձյալ գլխավորեց մրցաշարային աղյուսակը։ «Զենիթը» 56 միավորով երկրորդն է։ «Սպարտակը» 5-րդն է՝ 45 միավոր։Հետևեք NEWS.am SPORT-ին Facebook-ում, Twitter և Telegram-ում",Sport,https://sport.news.am/arm/news/165994/
Բունդեսլիգա․ Մեկնարկում է 31-րդ տուրը,"Ֆուտբոլի Գերմանիայի Բունդեսլիգայի առաջնությունում ապրիլի 24-ին «ՌԲ Լայպցիգ» - «Ունիոն Բեռլին» մրցախաղով կմեկնարկի 31-րդ տուրը։Նորընծա չեմպիոն «Բավարիան» մրցաշարային աղյուսակը գլխավորում է 79 միավորով։ Դորտմունդի «Բորուսիան» 64 միավորով երկրորդ տեղում է։Գերմանիայի առաջնություն, 31-րդ տուր«ՌԲ Լայպցիգ» - «Ունիոն Բեռլին»՝ 22:30 (Երեւանի ժամանակ)Ապրիլի 25«Աուգսբուրգ» - «Այնտրախտ»՝ 17:30«Քյոլն» - «Բայեր»՝ 17:30«Հայդենհայմ» - «Սանկտ Պաուլի»՝ 17:30«Մայնց» - «Բավարիա»՝ 17:30«Վոլֆսբուրգ» - «Բորուսիա Մյոնխենգլադբախ»՝ 17:30«Համբուրգ» - «Հոֆենհայմ»՝ 20:30Ապրիլի 26«Շտուտգարտ» - «Վերդեր»՝ 17:30«Բորուսիա Դորտմունդ» - «Ֆրայբուրգ»՝ 19:30Հետևեք NEWS.am SPORT-ին Facebook-ում, Twitter և Telegram-ում",Sport,https://sport.news.am/arm/news/165995/
Ֆրանսիայի առաջնություն․ Մեկնարկում է 31-րդ տուրը,"Ֆուտբոլի Ֆրանսիայի առաջնությունում ապրիլի 24-ին «Բրեստ» - «Լանս» մրցախաղով կմեկնարկի 31-րդ տուրը։Առաջատարը չեմպիոն ՊՍԺ-ն է, որը 29 խաղում վաստակել է 66 միավոր։ Երկրորդ տեղում գտնվող «Լանսը» հետ է 4 միավոր։Ֆրանսիայի առաջնություն, 31-րդ տուր«Բրեստ» - «Լանս»՝ 22:45 (Երեւանի ժամանակ)Ապրիլի 25 «Լիոն» - «Օսեր»՝ 17:00«Անժե» - ՊՍԺ՝ 21:00«Թուլուզ» - «Մոնակո»՝ 23:05Ապրիլի 26 «Լորիան» - «Ստրասբուրգ»՝ 17:00«Հավր» - «Մեց»՝ 19:15«Փարիզ» - «Լիլ»՝ 19:15«Ռեն» - «Նանտ»՝ 19:15«Մարսել» - «Նիցա»՝ 22:45Հետևեք NEWS.am SPORT-ին Facebook-ում, Twitter և Telegram-ում",Sport,https://sport.news.am/arm/news/165996/
«Բորուսիան» վերհիշել է Մխիթարյանի գոլերը «Շտուտգարտի» դեմ (տեսանյութ),"Դորտմունդի «Բորուսիան» վերհիշել է Հայաստանի հավաքականի նախկին ավագ, Միլանի «Ինտերի» 37-ամյա կիսապաշտպան Հենրիխ Մխիթարյանի գոլերը «Շտուտգարտի» դեմ գերմանական թիմի կազմում։ «Բորուսիան» տեսանյութ է հրապարակել սոցիալական ցանցերում։Մխիթարյանը «Բորուսիայում» հանդես է եկել 2013-2016 թվականներին՝ 140 խաղում խփելով 41 գոլ, կատարելով 49 գոլային փոխանցում։Հետևեք NEWS.am SPORT-ին Facebook-ում, Twitter և Telegram-ում",Sport,https://sport.news.am/arm/news/165997/
Լավագույն ֆրանսիացի ֆուտբոլիստների տասնյակը պատմության մեջ,"Բրիտանական FourFourTwo պարբերականը կազմել է լավագույն ֆրանսիացի ֆուտբոլիստների տասնյակը պատմության մեջ։Առաջին տեղում է «Բորդոյի», «Յուվենտուսի» եւ «Ռեալի» նախկին կիսապաշտպան Զինեդին Զիդանը։Հետևեք NEWS.am SPORT-ին Facebook-ում, Twitter և Telegram-ում",Sport,https://sport.news.am/arm/news/165998/
Գերմանիայի գավաթ․ «Շտուտգարտը» եզրափակիչում է (տեսանյութ),"«Շտուտգարտը» դուրս եկավ ֆուտբոլի Գերմանիայի գավաթի խաղարկության եզրափակիչ։Գործող գավաթակիրը կիսաեզրափակիչում պարտության մատնեց «Ֆրայբուրգին»։ Հիմնական ժամանակն ավարտվեց 1:1 հաշվով։Լրացուցիչ ժամանակի վերջին րոպեին «Շտուտգարտը» կարողացավ հասնել կամային հաղթանակի՝ 2:1:Եզրափակիչի մյուս ուղեգիրը նվաճել էր երկրի նորընծա չեմպիոն Մյունխենի «Բավարիան», որը կիսաեզրափակիչում 2:0 հաշվով էր Լեւերկուզենի «Բայերին»։Գերմանիայի գավաթ, կիսաեզրափակիչ«Շտուտգարտ» - «Ֆրայբուրգ»՝ 2:1 (լրացուցիչ ժամանակ՝ 1:0)Դենիզ Ունդավ, 70, Տիագու Թոմաշ, 120 - Մաքսիմիլիան Էգեշտայն, 28Հետևեք NEWS.am SPORT-ին Facebook-ում, Twitter և Telegram-ում",Sport,https://sport.news.am/arm/news/165999/
Լա Լիգա․ «Բետիս» - «Ռեալ» մրցախաղով մեկնարկում է 32-րդ տուրը,"Ֆուտբոլի Իսպանիայի Լա Լիգայի առաջնությունում ապրիլի 24-ին «Բետիս» - «Ռեալ Մադրիդ» մրցախաղով կմեկնարկի 32-րդ տուրը։Առաջատարը չեմպիոն «Բարսելոնան» է, որը վաստակել է 82 միավոր եւ 9 միավոր առաջ է երկրորդ տեղում գտնվող փոխչեմպիոն «Ռեալից»։Իսպանիայի առաջնություն, 32-րդ տուր«Բետիս» - «Ռեալ Մադրիդ»՝ 23։00 (Երեւանի ժամանակ)Ապրիլի 25 «Ալավես» - «Մալյորկա»՝ 16։00«Խետաֆե» - «Բարսելոնա»՝ 18։15«Վալենսիա» - «Ժիրոնա»՝ 20։30«Աթլետիկո Մադրիդ» - «Աթլետիկ Բիլբաո»՝ 23։00Ապրիլի 26  «Ռայո Վալիեկանո» - «Ռեալ Սոսիեդադ»՝ 16։00«Ռայո Վալիեկանո» - «Էլչե»՝ 18։15«Օսասունա» - «Սեւիլիա»՝ 20։30 «Վիլյառեալ» - «Սելտա»՝ 23։00Ապրիլի 27 «Էսպանյոլ» - «Լեւանտե»՝ 23։00Հետևեք NEWS.am SPORT-ին Facebook-ում, Twitter և Telegram-ում",Sport,https://sport.news.am/arm/news/166000/
Ծանրամարտի ԵԱ. Հայաստանն այսօր ունի 3 մասնակից,"Վրաստանի Բաթումի քաղաքում անցկացվող ծանրամարտի Եվրոպայի առաջնությունում ապրիլի 24-ին Հայաստանը կունենա 3 ներկայացուցիչ: Մրցահարթակ դուրս կգան Եվրոպայի փոխչեմպիոններ Արա Աղանյանը (94 կգ), Լիանա Գյուրջյանը (86 կգ) եւ  երիտասարդների աշխարհի եւ Եվրոպայի չեմպիոն Էմմա Պողոսյանը (86 կգ):Արա Աղանյանի մասնակցությամբ 94 կգ քաշային կարգի А խմբում տիտղոսի համար կպայքարի 13 ծանրորդ: Արա Աղանյանի նախնական հայտը երկամարտում 380 կգ է: Այս քաշային կարգում ֆավորիտը Փարիզ-2024 օլիմպիական չեմպիոն, աշխարհի կրկնակի չեմպիոն Եվրոպայի կրկնակի չեմպիոն, Բուլղարիան ներկայացնող Կառլոս Նասարը, որի նախնական հայտը 390 կգ է:Արա Աղանյանը Եվրոպայի Մ20, Մ23 չեմպիոն է, 2022 թ. Եվրոպայի փոխչեմպիոն, 2023 թ. Երեւանում անցկացված Եվրոպայի փոխչեմպիոն է:2025 թ. Մոլդովայում անցկացված Եվրոպայի առաջնություն 102 կգ քաշայինների պայքարում Արա Աղանյանը երկամարտի 380 կգ արդյունքով 4-րդն է (175+205)։94 կգ քաշայինների А խմբի պայքարը կմեկնարկի Երեւանի ժամանակով 16:00-ին:Երեկոյան մրցահերթում կանանց 86 կգ քաշային կարգում տիտղոսի համար կպայքարեն Եվրոպայի փոխչեմպիոն Լիանա Գյուրջյանը եւ երիտասարդների աշխարհի եւ Եվրոպայի չեմպիոն Էմմա Պողոսյանը:Լիանա Գյուրջյանի եւ Էմմա Պողոսյանի մասնակցությամբ 86 կգ քաշային կարգի А խմբում կմրցեն 12 ծանրորդ: Հայաստանի ներկայացուցիչների նախնական հայտերը երկամարտում երկուսինն էլ 245 կգ է: Ֆավորիտը թուրք Բուսրա Կանն է, որը 246 կգ հայտ է ներկայացրել:Լիանա Գյուրջյանը Եվրոպայի առաջնության բրոնզե մեդալակիր է, Եվրոպայի Մ23 կրկնակի չեմպիոն, աշխարհի երիտասարդական չեմպիոն, Մ20 Եվրոպայի եռակի չեմպիոն:2025 թ. Ալբանիայի Դյուրես քաղաքում անցկացված Եվրոպայի Մ23 առաջնությունում երկամարտի 232 կգ արդյունքով նվաճեց չեմպիոնի կոչումը (102+130):Նույն տարում Մոլդովայում անցկացված Եվրոպայի մեծահասակների առաջնությունում 87 կգ քաշայինների պայքարում Գյուրջյանը երկամարտի 246 կգ արդյունքով նվաճեց փոխչեմպիոնի կոչումը (106+140):Էմմա Պողոսյանն աշխարհի երիտասարդական առաջնության չեմպիոն է, Մ20 ԵԱ չեմպիոն, Մ17 Եվրոպայի կրկնակի չեմպիոն, Մ15 Եվրոպայի չեմպիոն: 2024 թ. Էմմա Պողոսյանն առաջին անգամ ճանաչվեց Հայաստանի տարվա լավագույն երիտասարդ մարզիկ:2025 թ. Մոլդովայի մայրաքաղաք Քիշնեւում անցկացված Եվրոպայի առաջնությունում Պողոսյանը 5-րդ տեղում ավարտեց պայքարը` երկամարտում գրանցելով 230 կգ արդյունք (100+130):Նույն տարում Ալբանիայի Դուրրես քաղաքում անցկացված Եվրոպայի երիտասարդների առաջնությունում Էմմա Պողոսյանը երկամարտի 241 կգ արդյունքով նվաճեց ոսկե մեդալ (105+136):Կանանց 86 կգ քաշայինների A խմբի պայքարը կմեկնարկի Երեւանի ժամանակով 19:00-ին:Հայաստանի առաջին մեդալը Բաթումիում նվաճել է Գառնիկ Չոլակյանը: 60 կգ քաշայինների պայքարում Չոլակյանը դարձավ Եվրոպայի փոխչեմպիոն: Երկամարտում նա հավաքեց 274 կգ (124+150):  71 կգ քաշային կարգում երկամարտի 330 կգ արդյունքով փոխչեմպիոն է հռչակվել Գոռ Սահակյանը (150+180): 79 կգ քաշայինների պայքարում Մարտին Պողոսյանը երկամարտի 338 կգ արդյունքով նվաճել է բրոնզե մեդալ (152+186):  Կանանց հավաքականից Ալեքսանդրա Գրիգորյանը (58 կգ) երկամարտի 210 կգ արդյունքով նվաճել է արծաթե մեդալ (91+119), Աննա Ամրոյանը (77 կգ) հրում վարժությունում 136 կգ արդյունքով փոքր ոսկե մեդալ է նվաճել եւ երիտասարդների ռեկորդ սահմանել:Հայասստանի հավաքականները Եվրոպայի առաջնությանը մասնակցում են 16 ծանրորդով՝ 8 տղամարդ, 8 կին:Հակոբ Փիլոսյանի գլխավորած հավաքականից առաջնությանը կմասնակցեն նաեւ Սիմոն Մարտիրոսյանը, Գարիկ Կարապետյանը (երկուսն էլ՝ 110 կգ) եւ Վարազդատ Լալայանը (+110 կգ):Արտաշես Ներսիսյանի գլխավորած կանանց հավաքականից Բաթումիի մրցահարթակ դուրս կգան նաեւ Տաթեւ Հակոբյանը (+86 կգ):Հետևեք NEWS.am SPORT-ին Facebook-ում, Twitter և Telegram-ում",Sport,https://sport.news.am/arm/news/166001/
NBA. Օրվա արդյունքներն ու լավագույն դրվագները (տեսանյութ),"Բասկետբոլի ազգային ասոցիացիայի առաջնությունում տեղի ունեցան փլեյ-օֆֆի առաջին շրջանի հերթական հանդիպումները․ «Ատլանտա Հոուքս» - «Նյու Յորք Նիքս»՝ 109:108 (շարքի հաշիվը՝ 2-1)«Տորոնտո Ռեփթորս» - «Քլիվլենդ Քավալիերս»՝ 126:104 (1-2)«Մինեսոտա Թիմբերվուլվզ» - «Դենվեր Նագեթս»՝ 113:96  (2-1)Գործող չեմպիոնը «Օկլահոմա Սիթի Թանդերն» է, որը եզրափակիչ շարքում հաղթել էր «Ինդիանա Փեյսերսին»։Հետևեք NEWS.am SPORT-ին Facebook-ում, Twitter և Telegram-ում",Sport,https://sport.news.am/arm/news/166002/
Ծառուկյան․ Աշխատավարձս RAF-ում մոտենում է իմ հոնորարներին UFC-ում,"Խառը մենամարտերի (MMA) թեթեւ քաշային կարգում UFC դասակարգման երկրորդ համար Արման Ծառուկյանը (Հայաստան) խոսել է պրոֆեսիոնալ ազատ ոճի ըմբշամարտի Real American Freestyle (RAF) լիգայում իր եկամուտի մասին։«Աշխատավարձս RAF-ում մոտենում է իմ հոնորարներին UFC-ում։ Բայց ես ավելի շատ հավանում եմ մարտերը վանդակում, քան մրցելույթներս RAF-ում։ Ինձ համար ավելի գրավիչ են UFC-ի մենամարտերը»,- Արման Ծառուկյանի խոսքը մեջբերում է Home of Fight-ը։ММА-ում Արման Ծառուկյանը տարել է 23 հաղթական, կրել 3 պարտություն։Հետևեք NEWS.am SPORT-ին Facebook-ում, Twitter և Telegram-ում",Sport,https://sport.news.am/arm/news/166003/
Հենրիխ Մխիթարյանը՝ Հայոց ցեղասպանության տարելիցի կապակցությամբ. Մենք հիշում ենք,"Հայաստանի հավաքականի նախկին ավագ, Իտալիայի փոխչեմպիոն Միլանի «Ինտերի» կիսապաշտպան Հենրիխ Մխիթարյանը Հայոց ցեղասպանության 111–րդ տարելիցի կապակցությամբ հրապարակում է արել սոցիալական ցանցերում. «Մենք հիշում ենք»։Հետևեք NEWS.am SPORT-ին Facebook-ում, Twitter և Telegram-ում",Sport,https://sport.news.am/arm/news/166004/
ԵԱ. Վազգեն Թեւանյանն ու Մանվել Խնձրցյանը կիսաեզրափակիչում են,"Վազգեն Թեւանյանն ու Մանվել Խնձրցյանը դուրս եկավ Ալբանիայի մայրաքաղաք Տիրանայում անցկացվող ազատ ոճի ըմբշամարտի Եվրոպայի առաջնության կիսաեզրափակիչ։65 կգ քաշային կարգի որակավորման փուլում Վազգենը Թևանյանը 5։2 հաշվով պարտության մատնեց Ֆրանսիան ներկայացնող Խամզատ Արսամերզուեւին։Քառորդ եզրափակիչում նա 2։1 հաշվով հաղթեց Բուլղարիայի ներկայացուցիչ Շամիլ Մամեդովին։Կիսաեզրափակիչում Վազգեն Թեւանյանը կգոտեմարտի ռուսաստանցի Բաշիր Մագոմեդովի հետ։57 կգ քաշային Մանվել Խնձրցյանը նույնպես կպայքարի եզրափակիչի ուղեգրի համար։ Քառորդ եզրափակիչում նա 12։1 հաշվով պարտության մատնեց ռումինացի Ռազվան Մարիան Կովակսին։Որակավորման փուլում Մանվել Խնձրցյանը 12։6 հաշվով առավելության էր գերմանացի Հորստ Լեհրի նկատմամբ։Կիսաեզրափակիչում Մանվել Խնձրցյանի մրցակիցը կլինի ռուսաստանցի Մուսա Մեխտիխանովը։ Հետևեք NEWS.am SPORT-ին Facebook-ում, Twitter և Telegram-ում",Sport,https://sport.news.am/arm/news/166005/
Ծանրամարտի ԵԱ. Արա Աղանյանը երկրորդն է պոկում վարժությունից հետո,"Վրաստանի Բաթումի քաղաքում անցկացվող ծանրամարտի Եվրոպայի առաջնությունում տղամարդկանց 94 կգ քաշայինների պայքարում Հայաստանի ներկայացուցիչ Արա Աղանյանը երկրորդ արդյունքը ցույց տվեց պոկում վարժությունում: Եվրոպայի կրկնակի փոխչեմպիոնը հաջողությամբ կատարեց բոլոր երեք մոտեցումները՝ բարձրացնելով 167 կգ, 172 կգ եւ 175 կգ: Այս քաշային կարգում առաջատարը Փարիզ-2024 օլիմպիական չեմպիոն, աշխարհի կրկնակի չեմպիոն Եվրոպայի կրկնակի չեմպիոն, Բուլղարիան ներկայացնող Կառլոս Նասարն է, որը Արա Աղանյանին շրջանցեց ընդամենը 1 կգ-ով՝ 176:Հրում վարժությունը Աղանյանը կսկսի 200 կգ-ով: Նշենք, որ 2 ծանրորդ զրո է ստացել, եւս 2-ը հրաժարվել են պայքարից, ինչը նշանակում է, որ 4 ծանրորդ երկամարտի արդյունք չի ունենա:Հետևեք NEWS.am SPORT-ին Facebook-ում, Twitter և Telegram-ում",Sport,https://sport.news.am/arm/news/166006/
Բրազիլական «Սանթոսի» հրապարակումը Հայոց ցեղասպանության տարելիցի կապակցությամբ,"Բրազիլական «Սանթոս» ֆուտբոլային ակումբը սոցիալական ցանցերում հրապարակում է արել Հայոց ցեղասպանության 111–րդ տարելիցի կապակցությամբ։«Ժողովուրդը չի վերանում։ Ապրիլի 24։ Հայոց ցեղասպանություն»։Հետևեք NEWS.am SPORT-ին Facebook-ում, Twitter և Telegram-ում",Sport,https://sport.news.am/arm/news/166007/
"Արա Աղանյանը՝ Եվրոպայի եռակի փոխչեմպիոն (ֆոտո, վիդեո)
","Վրաստանի Բաթումի քաղաքում անցկացվող ծանրամարտի Եվրոպայի առաջնությունում տղամարդկանց 94 կգ քաշայինների պայքարում Հայաստանի ներկայացուցիչ Արա Աղանյանը երրորդ անգամ նվաճեց փոխչեմպիոնի կոչումը: Եվրոպայի փոխչեմպիոնը երկամարտում գրանցեց 381 կգ արդյունք (175+206)։Պոկում վարժությունում Աղանյանը հաջող կատարեց բոլոր երեք մոտեցումները՝ բարձրացնելով 167 կգ, 172 կգ եւ 175 կգ: Այս վարժությունում հայ ծանրորդը նվաճեց փոքր արծաթե մեդալ:Հրում վարժությունում Աղանյանը պայքարը սկսեց 200 կգ-ով եւ հաջողությամբ բարձրացրեց: Երկրորդ մոտեցմամբ հայ մարզիչները պատվիրեցին 206 կգ: Աղանյանը դժվարությամբ, բայց հրեց եւ ֆիքսեց ծանրաձողը գլխավերերում: Կողային մրցավարներից երկուսը քաշը չգրանցեցին եւ Աղանյանի մոտեցումը համարվեց ձախողված: Հայ մարզիչները բողոքարկեցին, մոտեցումը վերանայելուց հետո տեխնիական անձնակազմը հաշվեց Աղանյանի բարձրացրած կիլոգրամը:Երրորդ մոտեցմամբ Աղանյանը ձախողեց 212 կգ-ը: Այս վարժությունում նա արժանացավ փոքր բրոնզե մեդալի:Այս քաշային կարգում չեմպիոնի տիտղոսը երրորդ անգամ նվաճեց Փարիզ-2024 օլիմպիական չեմպիոն, աշխարհի կրկնակի չեմպիոն, Եվրոպայի կրկնակի չեմպիոն, Բուլղարիան ներկայացնող Կառլոս Նասարը: Երկամարտում նա գրանցեց 386 կգ (176+210):Բրոնզե մեդալակիր դարձավ Ֆրանսիան ներկայացնող Ռոմեյն Իմադոխեն` 370 (163+207):Հետևեք NEWS.am SPORT-ին Facebook-ում, Twitter և Telegram-ում",Sport,https://sport.news.am/arm/news/166008/
"Արա Աղանյան. Աշխարհի առաջնությանը նոր քաշային կարգում նոր կիլոգրամներով 
կներկայանամ","Այս անգամ էլ այսպես ստացվեց, դարձա Եվրոպայի եռակի փոխչեմպիոն: Աշխարհի առաջնությանը նոր քաշային կարգում նոր կիլոգրամներով կներկայանամ: Խոստումներ չեմ տալիս, մեծ աշխատանքի դեպքում ամեն ինչ հնարավոր է: Այսօր մրցահարթակում ինձ շատ լավ եւ վստահ էի զգում: Այսպես իր երրորդ արծաթե մեդալը Եվրոպայի առաջնություններում մեկնաբանեց Արա Աղանյանը: Վրաստանի Բաթումի քաղաքում անցկացվող ծանրամարտի Եվրոպայի առաջնությունում տղամարդկանց 94 կգ քաշայինների պայքարում Հայաստանի ներկայացուցիչ Արա Աղանյանը երրորդ անգամ նվաճեց փոխչեմպիոնի կոչումը: Եվրոպայի փոխչեմպիոնը երկամարտում գրանցեց 381 կգ արդյունք (175+206)։«Եվրոպայի առաջնությանը շատ լավ էի պատրաստված, շատ լավ էի ինձ զգում: Մեծ մարզումային փուլ էի անցել թիմի հետ: Խանգարով ոչինչ չունեի մրցահարթակում, վնասվածք չունեի: Այս անգամ եղղավ այսպես, դարձա Եվրոպայի եռակի փոխչեմպիոն: Մարզումների ընթացքում մի փոքր վնասվածք ունեցա, որը ժամանակ խլեց ինձանից մինչեւ ապաքինվելը: Այս կիլոգրամները եւ ավելին բարձրացրել էի: Վերջին մոտեցումը տեխնիկապես սխալ արեցի: Այդ քաշը բարձրացրել էի կարող էի նաեւ հրել 212 կգ: Առջեւում աշխարհի առաջնությունն է, որտեղ արդեն ավելի լավ կիլոգրամներով հանդես կգամ: Մրցակցությունը մեծ էր: Նասարի հետ պայքարը նույնպես բարդ էր, բայց մրցահարթակում ինձ շատ վստահ էի զգում: Ես չեմ սիրում խոստումներ տալ, միայն իմ գործով կարող եմ ապացուցել: Աշխարհի առաջնությանն ամեն ինչ պարզ կլինի: Կմարզվեմ, դեռ շատ ամիսներ կան, կպատրաստվեմ: Ամռանը նորից քաշային կարգ է փոխվելու, նոր քաշում ենք հանդես գալու: Կփորձեմ մինչեւ աշխարհի առաջնություն նոր քաշային կարգում հարմարվել եւ նոր կիլոգրամներով հանդես գալ»,- ասաց Արա Աղանյանը: Արա Աղանյանը պարգեւատրվեց երկամարտի արծաթե մեդալով, պոկում վարժության արծաթե եւ հրում վարժության բրոնզե մեդալներով: Արա Աղանյանին պարգեւատրեց Վրաստանում Հայաստանի հյուպատոսը, իսկ երկամարտի մեդալները հանձնեց եռակի օլիմպիական չեմպիոն, աշխարհի եւ Եվրոպայի 7-ակի չեմպիոն Լաշա Տալախաձեն, որն այժմ Վրաստանի ծանրամարտի ֆեդերացիայի նախագահն է: Այս քաշային կարգում չեմպիոնի տիտղոսը երրորդ անգամ նվաճեց Փարիզ-2024 օլիմպիական չեմպիոն, աշխարհի կրկնակի չեմպիոն, Եվրոպայի կրկնակի չեմպիոն, Բուլղարիան ներկայացնող Կառլոս Նասարը: Երկամարտում նա գրանցեց 386 կգ (176+210): Լուսինե Շահբազյան՝ ԲաթումիիցՀետևեք NEWS.am SPORT-ին Facebook-ում, Twitter և Telegram-ում",Sport,https://sport.news.am/arm/news/166009/
"Կարեն Խաչանով. Ապրիլի 24, մենք հիշում եւ պահանջում ենք","Աշխարհի 16-րդ ռակետ, ռուսաստանցի թենիսիստ Կարեն Խաչանովը սոցիալական ցանցերում հրապարակում է արել Հայոց ցեղասպանության 111–րդ տարելիցի կապակցությամբ։«Ապրիլի 24, 1915 թվական։ Մենք հիշում ենք եւ պահանջում։ Երբեք չենք մոռանա»,– գրել է հայ մարզիկը։Հետևեք NEWS.am SPORT-ին Facebook-ում, Twitter և Telegram-ում",Sport,https://sport.news.am/arm/news/166010/
ԵԱ. Վազգեն Թեւանյանն ու Մանվել Խնձրցյանը պարտվեցին կիսաեզրափակիչում,"Եվրոպայի չեմպիոն, աշխարհի բրոնզե մեդալակիր, աշխարհի անհատական գավաթի խաղարկության հաղթող Վազգեն Թեւանյանը կպայքարի Ալբանիայի մայրաքաղաք Տիրանայում անցկացվող ազատ ոճի ըմբշամարտի Եվրոպայի առաջնության բրոնզե մեդալի համար։Կիսաեզրափակիչում Վազգեն Թեւանյանը գոտեմարտեց ռուսաստանցի Բաշիր Մագոմեդովի հետ եւ պարտվեց տանուլ տված վերջին միավորի հետեւանքով՝ 3։3։65 կգ քաշային կարգի որակավորման փուլում Վազգենը Թևանյանը 5։2 հաշվով պարտության էր մատնել Ֆրանսիան ներկայացնող Խամզատ Արսամերզուեւին։Քառորդ եզրափակիչում նա 2։1 հաշվով հաղթել էր Բուլղարիայի ներկայացուցիչ Շամիլ Մամեդովին։57 կգ քաշային Մանվել Խնձրցյանը կիսաեզրափակիչում գոտեմարտեց ռուսաստանցի Մուսա Մեխտիխանովի հետ եւ պարտվեց 0։5 հաշվով։ Նա եւս կգոտեմարտի բրոնզե մեդալի համար։Որակավորման փուլում Մանվել Խնձրցյանը 12։6 հաշվով առավելության էր գերմանացի Հորստ Լեհրի նկատմամբ։Քառորդ եզրափակիչում նա 12։1 հաշվով պարտության էր մատնել ռումինացի Ռազվան Մարիան Կովակսին։Հետևեք NEWS.am SPORT-ին Facebook-ում, Twitter և Telegram-ում",Sport,https://sport.news.am/arm/news/166011/
Էմմա Պողոսյանը՝ Եվրոպայի չեմպիոն,"Երիտասարդների աշխարհի եւ Եվրոպայի չեմպիոն  Էմմա Պողոսյանը հավասարը չունեցավ մեծահասակների Եվրոպայի առաջնությունում:Վրաստանում անցկացվող ծանրամարտի Եվրոպայի առաջնությունում կանանց 86 կգ քաշայինների պայքարում 19-ամյա Պողոսյանը երկամարտի 248 կգ արդյունքով նվաճեց չեմպիոնի տիտղոսը (107+141):Այս վարժությունում Հայաստանի երկրորդ  ներկայացուցիչ, Եվրոպայի փոխչեմպիոն Լիանա Գյուրջյանը երկամարտում հավաքեց 236 (101+135): Լիանա Գյուրջյանը՝ երկամարտի արդյունքով 5-րդն է: Էմմա Պողոսյանը պոկում վարժությունում հաջող կատարեց բոլոր երեք մոտեցումները՝ բարձրացնելով 102 կգ, 105կգ եւ 107 կգ:Լիանա Գյուրջյանը միայն մեկ մոտեցում հաջողեց, որով պոկեց 101 կգ:Էմմա Պողոսյանն այս վարժությունում արժանացավ փոքր բրոնզե մեդալի, Լիանա Գյուրջյանը՝ 9-րդն է:Հրում վարժությունում Պողոսյանը երեք հաջող մոտեցում կատարեց՝ 132 կգ, 134 կգ եւ 141 կգ: Այս քաշում նա վաստակեց փոքր ոսկե մեդալ:Լիանա Գյուրջյանը հրեց՝ 130 կգ, ապա 135 կգ, երրորդ մոտեցումը՝ 141 կգ-ը ձախողեց: Այս վարժությունում արժանացավ փոքր արծաթե մեդալի: Հետևեք NEWS.am SPORT-ին Facebook-ում, Twitter և Telegram-ում",Sport,https://sport.news.am/arm/news/166012/
"Էմմա Պողոսյան․ Ես շատ էի սպասել եւ շատ էի ուզում այս օրը չեմպիոն դառնալ (ֆոտո, վիդեո)","Ես շատ էի սպասել եւ շատ էի ուզում այս օրով հաղթող դառնայի: Այս հաղթանակը նվիրում եմ մեզ բոլորիս, մեր հայ ազգին։Այսպես իր հաղթանակը մեկնաբանեց Եվրոպայի նորընթա չեմպիոն Էմմա Պողոսյանը:Վրաստանի Բաթումի քաղաքում Էմմա Պողոսյանը հավասարը չունեցավ 86 կգ քաշային կարգում եւ երկամարտի 248 կգ արդյուքով նվաճեց ոսկե մեդալ: Սա Էմմայի առաջին մեդալն է մեծահասակներում:«Շատ ուրախ եմ այս հաղթանակի համար: Մարզիչների հետ մեծ աշխատանք էինք տարել այս հաղթանակին հասնելու համար: Չեմ ցանականում այսքանով բավարարվել, կփորձեմ ձգտել ավելիին: Մարզումներին ամենաշատը հրել էի 136 կգ, այստեղ հրում վարժությանը 141 կգ արդյունք ցույց տվեցի: Դա ինձ համար նորություն էր եւ երիտասարդների ռեկորդ էր»,- ասաց Էմմա Պողոսյանը:Նշենք, որ Էմմա Պողոսյանը Եվրոպայի չեմպիոնի տիտղոսը նվաճում է ապրիլի 24-ին՝ հայոց ցեղասպանության 111-րդ տարելիցի օրը: «Ես շատ էի սպասել եւ շատ էի ուզում այս օրը հաղթող դառնալ: Այս հաղթանակը նվիրում եմ բոլորիս, մեր հայ ազգին: Շատ ուրախ եմ, որ կարողացա եւ դրա համար շնորհակալ եմ բոլորին մեծ աջակցության համար»,- ասաց Էմմա Պողոսյանը: Եվրոպայի նորընծա չեմպիոնը պարգեւատրվեց երկամարտի ոսկե մեդալով, պոկում վարժության բրոնզե մեդալով եւ հրում վարժության ոսկե մեդալով: Հրում վարժությունում 141 կգ արդյունքով նա գրանցեց երիտասարդների աշխարհի ռեկորդ:Էմմա Պողոսյանի մրցելույթին Հայաստանից հետեւելու էին եկել մեծ թվով երկրպագուներ, որոնք Հայաստանի եռագույնով Բաթումիի մրցահարթակում աջակցում էին 19-ամյա ծանրորդին:Լուսինե Շահբազյան՝ ԲաթումիիցՀետևեք NEWS.am SPORT-ին Facebook-ում, Twitter և Telegram-ում",Sport,https://sport.news.am/arm/news/166013/
Լա Լիգա․ Լամին Յամալն՝ ամսվա լավագույն խաղացող,"Իսպանիայի չեմպիոն «Բարսելոնայի» եւ Եվրոպայի չեմպիոն Իսպանիայի հավաքականի 18-ամյա հարձակվող Լամին Յամալը ճանաչվել է Լա Լիգայում ապրիլի լավագույն խաղացող, հաղորդում է Իսպանիայի առաջնության կայքը։Անցած ամիս Լամին Յամալը Լա Լիգայում մասնակցել է 3 հանդիպման, խփել է 2 գոլ, կատարել 2 գոլային փոխանցում։ Այդ հանդիպումներում գերմանացի Հանս-Դիտեր Ֆլիկի գլխավորած թիմը հաղթել է Մադրիդի «Աթլետիկոյին»  (2:1), «Էսպանյոլին» (4:1) եւ «Սելտային» (1:0)։Ընթացիկ մրցաշրջանում Յամալը «Բարսելոնայի» հետ բոլոր մրցաշարերում մասնակցել է 45 հանդիպման, խփել է 24 գոլ, կատարել 18 գոլային փոխանցում։ Վնասվածքի պատճառով Յամալը բաց կթողնի մրցաշրջանի վերջնամասը։Հետևեք NEWS.am SPORT-ին Facebook-ում, Twitter և Telegram-ում",Sport,https://sport.news.am/arm/news/166014/
"Հայաստանի թիմը Սերբիայում հարգանքի տուրք մատուցեց Հայոց ցեղասպանության զոհերի 
հիշատակին (տեսանյութ)","Հայ սամբիստերը հարգանքի տուրք մատուցեցին Հայոց ցեղասպանության զոհերի հիշատակին։ Սերբիայի Նովի Սադ քաղաքում ավարտված Եվրոպայի պատանեկան ու երիտասարդական առաջնությանը 16 մեդալ նվաճած Հայաստանի սամբոյի ֆեդերացիայի պատվիրակությունը այսօր վերադառնում է հայրենիք։Սակայն, մինչև օդանավակայան մեկնելը կար մի հանձնառություն, որն անպայման պիտի կատարվեր։Սերբիայի մեծությամբ երկորդ քաղաքում՝ Նովի Սադում, հայերը վաղուց են ապրում, ժամանակին՝ 1746-ին կառուցել են նաև եկեղեցի՝ Սուրբ Գրիգոր Լուսավորիչ անունով, որը քանդվել է 1963-ին՝ պայմանավորված Մարշալ Տիտոյի բուլվարի ընդլայնմամբ, հաղորդում է ՀՍՖ-ի մամուլի ծառայությունը։1992-ին այստեղ սերբահայ համայնքը տեղադրում է խաչքար, որը շնորհակալություն հայտնելու յուրօրինակ խորհրդանիշ է Նովի Սադ քաղաքին՝ 1739 թվականին թուրք յաթաղանից փրկված հայ փախստականներին ապաստան տրամադրելու համար և գնահատանքի տուրք՝ հարավսլավացի զոհված օդաչուներին, ովքեր օգնության էին գալիս 1988-ի ավերիչ երկրաշարժից տուժածներին։Հենց այս խաչքարին ծաղիկներ դրեցին ու գլուխ խոնարհեցին մեր 27 մարզիկ-մարզուհիները, հավաքականի մարզիչներ Վովիկ Խոջայանը, Հայկ Ավետիսյանը, Հայաստանի սամբոյի ֆեդերացիայի նախագահ Միքայել Հայրապետյանը՝ հիշատակելով մեկուկես միլիոն անմեղ զոհերին։Հիշում ենք և պահանջում։Լինենք ուժեղ և հաղթող։ Հայաստանի հավաքականի մեդալակիրները․ՊատանիներՄարզական սամբո /տղաներ/Դավոյան Սևակ -53 կգ բրոնզՍիմոնյան Նարեկ-58 կգ բրոնզՈւմուրշատյան Հակոբ-64 կգ բրոնզՇատվերյան Գոռ-71 կգ արծաթՄուրադյան Գոռ-79 կգ արծաթԲաբայան Գոգա-88 կգ բրոնզԵրիտասարդներՄարզական սամբո /տղաներ/Խաչատրյան Ալեքս-58 կգ ոսկիՕհանյան Մհեր-71 կգ ոսկիՎանոյան Լևոն -79 կգ բրոնզՍարուխանյան Սեյրան-88 կգ բրոնզՄարզական սամբո /աղջիկներ/Մանուկյան Սյուզաննա-72 կգ արծաթՄարտական սամբո /տղաներ/Գրիգորյան Գագիկ -58 կգ արծաթԹումասյան Միքայել-64 կգ արծաթԱդամյան Արմեն -71 կգ արծաթՀամբարձումյան Վադիս-79 կգ արծաթՀարությունյան Արեն-98 կգ արծաթՀետևեք NEWS.am SPORT-ին Facebook-ում, Twitter և Telegram-ում",Sport,https://sport.news.am/arm/news/166015/
Օրվա հանդիպումների անոնս,"Ֆուտբոլի Հայաստանի, Անգլիայի, Իսպանիայի, Իտալիայի, Գերմանիայի եւ Ֆրանսիայի առաջնություններում ապրիլի 25-ին տեղի կունենան հերթական հանդիպումները։Անգլիայի գավաթի խաղարկությունում մեկնարկում է կիսաեզրափակիչը։Հայաստանի առաջնություն, 23-րդ տուր«Ալաշկերտ» - «Նոա»՝ 15:30«Արարատ-Արմենիա» - «Արարատ»՝ 18:00Անգլիայի առաջնություն, 34-րդ տուր«Ֆուլհեմ» - «Աստոն Վիլա»՝ 15:30 (Երեւանի ժամանակ)«Լիվերպուլ» - «Քրիսթալ Փելաս»՝ 18:00«Վեստ Հեմ» - «Էվերտոն»՝ 18:00«Վուլվերհեմփթոն» - «Տոտենհեմ»՝ 18:00«Արսենալ» - «Նյուքասլ Յունայթեդ»` 20:30Անգլիայի գավաթ, կիսաեզրափակիչ«Մանչեսթեր Սիթի» - «Սաութհեմփթոն»՝ 20:15Իսպանիայի առաջնություն, 32-րդ տուր«Ալավես» - «Մալյորկա»՝ 16։00«Խետաֆե» - «Բարսելոնա»՝ 18։15«Վալենսիա» - «Ժիրոնա»՝ 20։30«Աթլետիկո Մադրիդ» - «Աթլետիկ Բիլբաո»՝ 23։00Իտալիայի առաջնություն, 34-րդ տուր«Պարմա» - «Պիզա»՝ 17։00«Բոլոնիա» - «Ռոմա»՝ 20։00«Վերոնա» - «Լեչե»՝ 22։45Գերմանիայի առաջնություն, 31-րդ տուր«Աուգսբուրգ» - «Այնտրախտ»՝ 17:30«Քյոլն» - «Բայեր»՝ 17:30«Հայդենհայմ» - «Սանկտ Պաուլի»՝ 17:30«Մայնց» - «Բավարիա»՝ 17:30«Վոլֆսբուրգ» - «Բորուսիա Մյոնխենգլադբախ»՝ 17:30«Համբուրգ» - «Հոֆենհայմ»՝ 20:30Ֆրանսիայի առաջնություն, 31-րդ տուր«Լիոն» - «Օսեր»՝ 17:00«Անժե» - ՊՍԺ՝ 21:00«Թուլուզ» - «Մոնակո»՝ 23:05Հետևեք NEWS.am SPORT-ին Facebook-ում, Twitter և Telegram-ում",Sport,https://sport.news.am/arm/news/166016/
«Նապոլին» խնդիրներ չունեցավ՝ 4:0,"Ֆուտբոլի Իտալիայի առաջնության 34-րդ տուրում չեմպիոն «Նապոլին» հյուրընկալեց «Կրեմոնեզեին» եւ առավելության հասավ 4:0 հաշվով։Իտալացի Անտոնիո Կոնտեի գլխավորած թիմից աչքի ընկան շոտլանդացի կիսապաշտպան Սքոթ Մաքթոմինայը, բելգիացի կիսապաշտպան Կեւին Դե Բրույնեն եւ բրազիլացի հարձակվող Ալիսոն Սանթոսը։ «Կրեմոնեզեի» իտալացի պաշտպան Ֆիլիպո Տերաչանոն գրավեց սեփական դարպասը։«Նապոլին» 69 միավորով երկրորդն է, «Կրեմոնեզեն» 17-րդն է՝ 28 միավոր։Իտալիայի առաջնություն, 34-րդ տուր«Նապոլի» - «Կրեմոնեզե»՝ 4:0 Սքոթ Մաքթոմինայ, 3, Ֆիլիպո Տերաչանո, 45, ինքնագոլ, Կեւին Դե Բրույնե, 45+3, Ալիսոն Սանթոս, 52Հետևեք NEWS.am SPORT-ին Facebook-ում, Twitter և Telegram-ում",Sport,https://sport.news.am/arm/news/166017/
«Ռեալը» վերջին վայրկյաններին բաց թողեց հաղթանակը,"Իսպանիայի առաջնության 32-րդ տուրում փոխչեմպիոն Մադրիդի «Ռեալը» Սեւիլիայում հյուրընկալվեց «Բետիսին» եւ հաղթանակը բաց թողեց վերջին վայրկյաններին՝ 1:1։Իսպանացի Ալվարո Արբելոայի գլխավորած թիմից 17-րդ րոպեին աչքի ընկավ 25-ամյա բրազիլացի հարձակվող Վինիսիուս Ժունիորը։Պատասխան գոլն ավելացված չորրորդ րոպեին խփեց իսպանացի պաշտպան Էկտոր Բելերինը։«Ռեալը» 74 միավորով երկրորդն է, «Բետիսը» 5-րդն է՝ 50 միավոր։Հետևեք NEWS.am SPORT-ին Facebook-ում, Twitter և Telegram-ում",Sport,https://sport.news.am/arm/news/166018/
Ծանրամարտի ԵԱ. Մրցահարթակ դուրս կգան Գարիկ Կարապետյանը եւ Սիմոն Մարտիրոսյանը,"Վրաստանի Բաթումի քաղաքում անցկացվող ծանրամարտի Եվրոպայի առաջնությունում ապրիլի 25-ին Հայաստանը կունենա 2 ներկայացուցիչ: Մրցահարթակ դուրս կգան  Եվրոպայի կրկնակի չեմպիոն, աշխարհի առաջնության բրոնզե մեդալակիր Գարիկ Կարապետյանը եւ Օլիմպիական խաղերի կրկնակի փոխչեմպիոն, աշխարհի եւ Եվրոպայի կրկնակի չեմպիոն Սիմոն Մարտիրոսյանը:110 կգ քաշային կարգի А խմբում տիտղոսի համար կպայքարի 10 ծանրորդ: Այս քաշային կարգում ֆավորիտները Հայաստանի ներկայացուցիչներն են: Գարիկ Կարապետյսնի եւ Սիմոն Մարտիրոսյանի հայտավորած նախնական քաշը երկամարտում 410 կգ է: Երեք ծանրորդ 405 կգ-ի հայտ է ներկայացրել:Տղամարդկանց 110 կգ քաշայինների A պայքարը կմեկնարկի Երեւանի ժամանակով 19:00-ին:Գարիկ Կարապետյանը 2018 թ. պատանիների Եվրոպայի չեմպիոն է, 2019 թ. պատանիների աշխարհի փոխչեմպիոն, 2021 թ. երիտասարդների աշխարհի չեմպիոն, 2022 թ. երիտասարդների աշխարհի չեմպիոն, 2022 թ. Եվրոպայի Մ20 չեմպիոն: 2023 թ. ապրիլին Երեւանում անցկացված Եվրոպայի առաջնությունում նվաճել է չեմպիոնի տիտղոսը: Երկամարտի 392 կգ արդյունքով  սահմանել է երեք ռեկորդ (178+214): 2023 թ. Եվրոպայի Մ20 չեմպիոն է, 2023 թ. աշխարհի առաջնության փոքր բրոնզե մեդալակիր եւ ռեկորդակիր, 2023 թ. երիտասարդների աշխարհի չեմպիոն, 2024 թ. Եվրոպայի առաջնության բրոնզե մեդալակիր, 2024 թ. աշխարհի գավաթի խաղարկության արծաթե մեդալակիր: Մասնակցել է Փարիզի Օլիմպիական խաղերին:Ապրիլին Մոլդովայի մայրաքաղաք Քիշնեւում անցկացված Եվրոպայի առաջնությունում տղամարդկանց 109 կգ քաշայինների պայքարում Գարիկ Կարապետյանը երկամարտի 411 կգ արդյունքով նվաճեց չեմպիոնի տիտղոսը (185 + 226):Հունիսին Ալբանիայի Դյուրես քաղաքում անցկացված Եվրոպայի մինչեւ 23 տարեկանների առաջնությունում Գարիկ Կարապետյանը երկամարտի 397 կգ արդյունքով նվաճեց չեմպիոնի կոչումը (182+215):Հոկտեմբերին Նորվեգիայի Ֆյորդե քաղաքում անցկացված աշխարհի առաջնությունում Գարիկ Կարապետյանը երկամարտի մեդալ չնվաճեց:Տղամարդկանց 110 կգ քաշայինների պայքարում երկամարտի 407 կգ արդյունքով 4-րդ տեղի արդյունք գրանցեց (187+220):Սիմոն Մարտիրոսյանը  2012 թ. երիտասարդների Եվրոպայի բրոնզե մեդալակիր է, 2013թ. Եվրոպայի Մ17 չեմպիոն, 2013 թ. երիտասարդների աշխարհի չեմպիոն, 2014 թ. պատանիների Եվրոպայի փոխչեմպիոն, Նանջինգ-2014 պատանեկան Օլիմպիական խաղերի չեմպիոն եւ ռեկորդակիր։Ռիոյի Օլիմպիական խաղերի փոխչեմպիոն է, 2018 թ. աշխարհի չեմպիոն եւ ռեկորդակիր, 2017 թ. Եվրոպայի չեմպիոն, աշխարհի երիտասարդական առաջնության չեմպիոն, Համաշխարհային ուսանողական խաղերի չեմպիոն, Եվրոպայի Մ-20 չեմպիոն եւ ռեկորդակիր, Եվրոպայի Մ23 չեմպիոն եւ ռեկորդակիր, 2019 թ. Եվրոպայի եւ աշխարհի չեմպիոն,  աշխարհի ռեկորդակիր, 2019 թ. Եվրոպայի Մ23 տարեկանների չեմպիոն: Տոկիոյի Օլիմպիակա խաղերի փոխչեմպիոն, 2021 թ. աշխարհի առաջնության բրոնզե մեդալակիր, 2023 թ. Եվրոպայի առաջնության բրոնզե մեդալակիր, 2024 թ. Եվրոպայի փոխչեմպիոն:Ապրիլին Մոլդովայի մայրաքաղաք Քիշնեւում անցկացված Եվրոպայի առաջնությունում տղամարդկանց 109 կգ քաշայինների պայքարում Սիմոն Մարտիրոսյանը երկամարտի 406 կգ արդյունքով դարձավ փոխչեմպիոն (180+225):Հոկտեմբերին Նորվեգիայի Ֆյորդե քաղաքում անցկացված աշխարհի առաջնությունում Սիմոն Մարտիրոսյանը զրո ստացավ եւ հրաժարվեց հետագա պայքարից:Հայաստանի առաջին մեդալը Բաթումիում նվաճել է Գառնիկ Չոլակյանը: 60 կգ քաշայինների պայքարում Չոլակյանը դարձավ Եվրոպայի փոխչեմպիոն: Երկամարտում նա հավաքեց 274 կգ (124+150):  71 կգ քաշային կարգում երկամարտի 330 կգ արդյունքով փոխչեմպիոն է հռչակվել Գոռ Սահակյանը (150+180): 79 կգ քաշայինների պայքարում Մարտին Պողոսյանը երկամարտի 338 կգ արդյունքով նվաճել է բրոնզե մեդալ (152+186):  Կանանց հավաքականից Ալեքսանդրա Գրիգորյանը (58 կգ) երկամարտի 210 կգ արդյունքով նվաճել է արծաթե մեդալ (91+119), Աննա Ամրոյանը (77 կգ) հրում վարժությունում 136 կգ արդյունքով փոքր ոսկե մեդալ է նվաճել եւ երիտասարդների ռեկորդ սահմանել: Ապրիլի 24-ին Հայաստանի առաջին ոսկե մեդալը նվաճել է Էմմա Պողոսյանը (86 կգ): Երկամարտում նա հավաքել է 248 կգ արդյունք (107+141): Եվրոպայի փոխչեմպիոն է դարձել Արա Աղանյանը (94): Երկամարտում նա գրանցել է 381 կգ արդյունք (175+206)։Հայաստանի հավաքականները Եվրոպայի առաջնությանը մասնակցում են 16 ծանրորդով՝ 8 տղամարդ, 8 կին:Հակոբ Փիլոսյանի գլխավորած հավաքականից առաջնությանը կմասնակցի նաեւ Վարազդատ Լալայանը (+110 կգ):Արտաշես Ներսիսյանի գլխավորած կանանց հավաքականից Բաթումիի մրցահարթակ դուրս կգա նաեւ Տաթեւ Հակոբյանը (+86 կգ):Հետևեք NEWS.am SPORT-ին Facebook-ում, Twitter և Telegram-ում",Sport,https://sport.news.am/arm/news/166019/
Լիանա Գյուրջյան․ Իմ մրցելույթից շատ դժգոհ եմ,"Եվրոպայի փոխչեմպիոն Լիանա Գյուրջյանը (86 կգ) մեկնաբանել է իր մասնակցությումը Բաթումիում (Վրաստան) անցկացվող ծանրամարտի Եվրոպայի առաջնությանը։ Նա երկամարտի 236 կգ (101+135) արդյունքով գրավել էր 5-րդ տեղը: Այս քաշային կարգում հավասարը չունեցավ երիտասարդների աշխարհի եւ Եվրոպայի չեմպիոն,  19-ամյա Էմմա Պողոսյանը «Ցանկանում եմ շնորհավորել Էմմային, արժանի հաղթանակ էր։ Իմ մրցելույթից շատ դժգոհ եմ։ Իմ բարձրացրած կիլոգրամներից գոհ չեմ, քանի որ մարզումների ընթացքում ավելի շատ եմ բարձրացրել։ Աստված առաջ, կաշխատեմ անել ավելի շատ, աշխատել ավելի շատ, որպեսզի մյուս մրցումներում արդեն ավելի լավ հանդես գամ։Հստակ պատասխան կամ պատճառ չունեմ, թե ինչը խանգարեց ինձ, պարզապես իմ օրը չէր, չստացվեց։ Բայց ամեն ինչ լավ կլինի, ամեն ինչ առջեւում է դեռ։Էմմայի հետ մրցակցություն չկար։ Կենտրոնացած էինք մյուս մրցակիցների եւ ձանրաձողի հետ պայքարի վրա»,- նշել է Լիանա Գյուրջյանը։Էմմա Պողոսյանը չեմպիոնի տիտղոսը նվաճել էր երկամարտի 248 կգ արդյունքով (107+141):Լուսինե Շահբազյան՝ ԲաթումիիցՀետևեք NEWS.am SPORT-ին Facebook-ում, Twitter և Telegram-ում",Sport,https://sport.news.am/arm/news/166020/
ԵԱ․ Արսեն Հարությունյանը դուրս եկավ կիսաեզրափակիչ,"Ազատ ոճի ըմբշամարտի աշխարհի առաջնությունների քառակի բրոնզե մեդալակիր, Եվրոպայի քառակի չեմպիոն Արսեն Հարությունյանը դուրս եկավ Ալբանիայի մայրաքաղաք Տիրանայում անցկացվող Եվրոպայի առաջնության կիսաեզրափակիչ։61 կգ քաշային կարգի քառորդ եզրափակչում ժամանակից շուտ 11:1 հաշվով առավելության հասավ Ուկրաինայի ներկայացուցիչ Կամիլ Կերիմովի նկատմամբ ու երեկոյան կգոտեմարտի եզրափակիչ դուրս գալու համար74 կգ քաշային Նարեկ Հարությունյանը քառորդ եզրափակչում 0։8 հաշվով պարտվեց Հունգարիան ներկայացնող Մուրադ Կուրամագամեդովին:Եթե վերջինս դուրս գա եզրափակիչ, Հարությունյանը բրոնզե մեդալի համար պայքարը շարունակելու հնարավորություն կստանա:125 կգ քաշային Խաչատուր Խաչատրյանն անչափ ցավալի պարտություն կրեց:Հայ ըմբիշը քառորդ եզրափակիչում բառացիորեն վերջին վայրկյաններին 5-5 հաշվով պարտվեց Եվրոպայի գործող չեմպիոն, Փարիզ-2024-ի բրոնզե մեդալակիր, Ադրբեջանը ներկայացնող Գեորգի Մեշվիլդիշվիլիին:Եթե վերջինս դուրս գա եզրափակիչ, Խաչատրյանը պայքարը շարունակելու հնարավորություն կստանա:20:00-ից բրոնզե մեդաների համար կպայքարեն 57 կգ քաշային Մանվել Խնձրցյանը, 65 քաշային Վազգեն Թևանյանն ու 79 կգ քաշային Հրայր Ալիխանյանը։Հետևեք NEWS.am SPORT-ին Facebook-ում, Twitter և Telegram-ում",Sport,https://sport.news.am/arm/news/166021/
«Ալաշկերտն» ու «Նոան» հաղթողին չպարզեցին (տեսանյութ),"Ֆուտբոլի Հայաստանի Պրեմիեր լիգայի առաջնության 23-րդ տուրում «Ալաշկերտն» ընդունեց չեմպիոն, գավաթակիր եւ սուպերգավաթակիր «Նոային»։ Գրանցվեց ոչ ոքի՝ 1:1: 80-րդ րոպեին աչքի ընկավ «Ալաշկերտի» 24-ամյա գվինեացի հարձակվող Մոմո Տուրեն։ 89-րդ րոպեին հավասարությունը վերականգնեց «Նոայի» 28-ամյա մարոկկացի կիսապաշտպան Իմրան Օուլադ Օմարը։«Ալաշկերտը» 23 խացից հետո 43 միավորով երրորդն է, «Նոան» (21 խաղ) չորրորդն է՝ 42 միավոր։Հետևեք NEWS.am SPORT-ին Facebook-ում, Twitter և Telegram-ում",Sport,https://sport.news.am/arm/news/166022/
"Աշխարհի գավաթ․ Դավիթ Չալոյանը հաղթեց թուրք մրցակցին եւ կիսաեզրափակիչում է 
(տեսանյութ)","Բրազիլիայում անցկացվող բռնցքամարտի աշխարհի գավաթի խաղարկությունում աշխարհի փոխչեմպիոն, աշխարհի առաջնության բրոնզե մեդալակիր, գերծանր քաշային (90+) Դավիթ Չալոյանը դուրս է եկել կիսաեզրափակիչ։Ապրիլի 24-ին Դավիթ Չալոյանը քառորդ եզրափակիչում հաղթել է թուրք մրցակցին եւ ապահովել է առնվազն բրոնզե մեդալ։  Երկրորդ ռաունդում Դավիթ Չալոյանի հարվածաշարից հետո թուրք բռնցքամարտիկը վնասվածք է ստացել։ Մրցավարները, գնահատելով մինչև այդ մարզիկների վաստակած միավորները` հաղթանակը շնորհել են Չալոյանին։Հետևեք NEWS.am SPORT-ին Facebook-ում, Twitter և Telegram-ում",Sport,https://sport.news.am/arm/news/166023/
Մ-17 ԵԱ․ Հայաստանի թիմը պարտվեց հունգարացիներին (տեսանյութ),"Ֆուտբոլի Հայաստանի մինչեւ 17 տարեկանների հավաքականը Եվրոպայի առաջնության որակավորման փուլի B լիգայի 5–րդ խմբի երկրորդ տուրում հյուրընկալեց հունգարացիներին եւ պարտություն կրեց 1:3 հաշվով։Առաջին տուրում հայ ֆուտբոլիստները տանը 2:2 հաշվով էին խաղացել Լյուքսեմբուրգի թիմի հետ։5-րդ խմբում ընդգրկված է նաեւ Լիխտենշտեյնի թիմը։Հետևեք NEWS.am SPORT-ին Facebook-ում, Twitter և Telegram-ում",Sport,https://sport.news.am/arm/news/166024/
ԵԱ․ Արսեն Հարությունյանը կիսաեզրափակիչում տուշեով պարտվեց օլիմպիական չեմպիոնին,"Ազատ ոճի ըմբշամարտի աշխարհի առաջնությունների քառակի բրոնզե մեդալակիր, Եվրոպայի քառակի չեմպիոն Արսեն Հարությունյանը պարտվեց Ալբանիայի մայրաքաղաք Տիրանայում անցկացվող Եվրոպայի առաջնության կիսաեզրափակիչում։61 կգ քաշային կարգում եզրափակիչի ուղեգրի համար նա գոտեմարտեց աշխարհի ու Եվրոպայի գործող չեմպիոն, օլիմպիական չեմպիոն Զավուր Ուգուևի (Ռուսաստան) հետ, որը հաղթեց տուշեով՝ 4:3:Արսեն Հարությունյանը քառորդ եզրափակչում ժամանակից շուտ 11:1 հաշվով առավելության էր հասել Ուկրաինայի ներկայացուցիչ Կամիլ Կերիմովի նկատմամբ։Բրոնզե մեդալի համար գոտեմարտում Արսեն Հարությունյանը ապրիլի 26-ին կմրցի Բելառուսի ներկայացուցիչ Դմիտրի Շամելայի հետ։Հետևեք NEWS.am SPORT-ին Facebook-ում, Twitter և Telegram-ում",Sport,https://sport.news.am/arm/news/166025/
Ծանրամարտի ԵԱ. Գարիկ Կարապետյանը՝ փոքր բրոնզե մեդալակիր,"Վրաստանի Բաթումի քաղաքում անցկացվող ծանրամարտի Եվրոպայի առաջնությունում մեկնարկել է տղամարդկանց 110 կգ քաշայինների պայքարը, որտեղ մասնակցում են Եվրոպայի կրկնակի չեմպիոն, աշխարհի առաջնության բրոնզե մեդալակիր Գարիկ Կարապետյանը եւ Օլիմպիական խաղերի կրկնակի փոխչեմպիոն, աշխարհի եւ Եվրոպայի կրկնակի չեմպիոն Սիմոն Մարտիրոսյանը:Գարիկ Կարապետյանը պոկեց 189 կգ, Սիմոն Մարտիրոսյանը՝ 183 կգ:Եվրոպայի կրկնակի չեմպիոն Գարիկ Մարապետյանը առաջին մոտեցմամբ պոկեց 183 կգ: Երկրորդ մոտեցման համար մարզիչները պատվիրեցին 189 կգ, որը Կարապետյանը ձախողեց: Երրորդ մոտեցմամբ միայն Կարապետյանը պոկեց 189 կգ-ը: Այս վարժությունում Գարիկ Կարապետյանը փոքր բրոնզե մեդալ նվաճեց:Սիմոն Մարտիրոսյանը պայքարը սկսեց 183 կգ-ով, բայց առաջին մոտեցումը ձախողեց: Երկրորդ մոտեցմամբ պոկեց 183-ը: Երրորդ մոտեցման համար մարզիչները պատվիրեցին 190 կգ, բայց այս մոտեցումն էլ ձախողեց: Այս վարժությունում Սիմոն Մարտիրոսյանը 4-րդն է:Այս վարժությունում առաջատարը 195 կգ-ով ռումինացի Լաուրետ Լուիս Ռոդրիգեսն է:Ընդմիջում է:Հետևեք NEWS.am SPORT-ին Facebook-ում, Twitter և Telegram-ում",Sport,https://sport.news.am/arm/news/166026/
«Արարատ-Արմենիա» - «Արարատ»՝ 4:0 (տեսանյութ),"Ֆուտբոլի Հայաստանի Պրեմիեր լիգայի առաջնության 23-րդ տուրում «Արարատ-Արմենիան» ընդունեց «Արարատին» եւ պարտության մատնեց 4:0 հաշվով։Հեթ-տրիկի հեղինակ դարձավ Հայաստանի հավաքականի 22-ամյա հարձակվող Արթուր Սերոբյանը։ Աչքի ընկավ նաեւ 28-ամյա սենեգալցի հարձակվող Ալիունե Նդոուրը։«Արարատ-Արմենիան» (22 խաղ) 48 միավորով գլխավորում է մրցաշարային աղյուսակը, «Արարատը» (23 խաղ) վերջինն է՝ 9 միավոր։Հայաստանի առաջնություն, 23-րդ տուր«Արարատ-Արմենիա» - «Արարատ»՝ 4:0Արթուր Սերոբյան, 22, 28, 59, Ալիունե Նդոուր, 85Հետևեք NEWS.am SPORT-ին Facebook-ում, Twitter և Telegram-ում",Sport,https://sport.news.am/arm/news/166027/
ԵԱ․ Մանվել Խնձրցյանը՝ բրոնզե մեդալակիր,"57 կգ քաշային Մանվել Խնձրցյանը նվաճեց Ալբանիայի մայրաքաղաք Տիրանայում անցկացվող ազատ ոճի ըմբշամարտի Եվրոպայի առաջնության բրոնզե մեդալը։Նա 18:6 հաշվով պարտության մատնեց Սերբիան ներկայացնող Ազամատ Տուսկաեւին։Որակավորման փուլում Մանվել Խնձրցյանը 12։6 հաշվով առավելության էր գերմանացի Հորստ Լեհրի նկատմամբ։Քառորդ եզրափակիչում նա 12։1 հաշվով պարտության էր մատնել ռումինացի Ռազվան Մարիան Կովակսին։Մանվել Խնձրցյանը կիսաեզրափակիչում գոտեմարտել էր ռուսաստանցի Մուսա Մեխտիխանովի հետ եւ պարտվել 0։5 հաշվով։Հետևեք NEWS.am SPORT-ին Facebook-ում, Twitter և Telegram-ում",Sport,https://sport.news.am/arm/news/166028/
«Բարսելոնայի» հաղթանակը՝ 2:0 (տեսանյութ)," Իսպանիայի առաջնության 32-րդ տուրում չեմպիոն «Բարսելոնան» հյուրընկալվեց «Խետաֆեին»։ Գերմանացի Հանս-Դիտեր Ֆլիկի գլխավորած թիմը հաղթեց 2:0 հաշվով։45-րդ րոպեին հանդիպման հաշիվը բացեց 22-ամյա կիսապաշտպան Ֆերմին Լոպեսը։ 74-րդ րոպեին կատալոնական թիմի առավելությունը կրկնապատկեց անգլիացի հարձակվող Մարկուս Ռաշֆորդը։«Բարսելոնան» 85 միավորով գլխավորում է մրցաշարային աղյուսակը եւ արդեն 11 միավոր առաջ է երկրորդ տեղում գտնվող «Ռեալից»։  «Խետաֆեն» 6-րդն է՝ 44 միավոր։Հետևեք NEWS.am SPORT-ին Facebook-ում, Twitter և Telegram-ում",Sport,https://sport.news.am/arm/news/166029/
Գարիկ Կարապետյանը՝ Եվրոպայի եռակի չեմպիոն,"Եվրոպայի կրկնակի չեմպիոն, աշխարհի առաջնության բրոնզե մեդալակիր Գարիկ Կարապետյանը հավասարը չունեցավ Վրաստանի Բաթումի քաղաքում անցկացված ծանրամարտի Եվրոպայի առաջնությունում:Տղամարդկանց 110 կգ քաշայինների պայքարում Կարապետյանը երկամարտի 415 կգ արդյունքով երրորդ անգամ նվաճեց չեմպիոնի տիտղոսը (189+226):Այս քաշային կարգում Հայաստանի երկրորդ ներկայացուցիչ, Օլիմպիական խաղերի կրկնակի փոխչեմպիոն, աշխարհի եւ Եվրոպայի կրկնակի չեմպիոն Սիմոն Մարտիրոսյանը երկամարտի 398 կգ արդյունքով 6-րդն է (183+215):Գարիկ Կարապետյանը պոկում վարժության առաջին մոտեցմամբ բարձրացրեց 183 կգ: Երկրորդ մոտեցման համար մարզիչները պատվիրեցին 189 կգ, որը Կարապետյանը ձախողեց: Երրորդ մոտեցմամբ միայն Կարապետյանը պոկեց 189 կգ-ը: Այս վարժությունում Գարիկ Կարապետյանը փոքր բրոնզե մեդալ նվաճեց:Սիմոն Մարտիրոսյանը պայքարը սկսեց 183 կգ-ով, բայց առաջին մոտեցումը ձախողեց: Երկրորդ մոտեցմամբ պոկեց 183-ը: Երրորդ մոտեցման համար մարզիչները պատվիրեցին 190 կգ, բայց այս մոտեցումն էլ ձախողեց: Այս վարժությունում Սիմոն Մարտիրոսյանը 4-րդն է:Հրում վարժությունում Գարիկ Կարապետյանն առաջին մոտեցմանը բարձրացրեց 215 կգ: Երկրորդ մոտեցման համար մարզիչները պատվիրեցին 226 կգ, որը նույնպես հաջողությամբ հրեց: Երրորդ մոտեցման 231 կգ-ը ձախողեց:Սիմոն Մարտիրոսյանը հրում վարժությունը սկսեց 215 կգ-ով եւ հաջողությամբ բարձրացրեց ծանրաձողը: Երկրորդ մոտեցմամբ պատվիրված 230 կգ-ը ձախողեց: Երրորդ մոտեցումից հրաժարվեց:Հետևեք NEWS.am SPORT-ին Facebook-ում, Twitter և Telegram-ում",Sport,https://sport.news.am/arm/news/166030/
ԵԱ․ Վազգեն Թեւանյանը 7:0 հաղթեց ադրբեջանցուն եւ դարձավ բրոնզե մեդալակիր,"Եվրոպայի չեմպիոն, աշխարհի բրոնզե մեդալակիր, աշխարհի անհատական գավաթի խաղարկության հաղթող Վազգեն Թեւանյանը բրոնզե մեդալ նվաճեց Ալբանիայի մայրաքաղաք Տիրանայում անցկացվող ազատ ոճի ըմբշամարտի Եվրոպայի առաջնությունում։Նա 7:0 հաշվով պարտության մատնեց ադրբեջանցի Ռաշիդ Բաբազադեին։65 կգ քաշային կարգի որակավորման փուլում Վազգենը Թևանյանը 5։2 հաշվով պարտության էր մատնել Ֆրանսիան ներկայացնող Խամզատ Արսամերզուեւին։Քառորդ եզրափակիչում նա 2։1 հաշվով հաղթել էր Բուլղարիայի ներկայացուցիչ Շամիլ Մամեդովին։Կիսաեզրափակիչում Վազգեն Թեւանյանը գոտեմարտել էր ռուսաստանցի Բաշիր Մագոմեդովի հետ եւ պարտվել տանուլ տված վերջին միավորի հետեւանքով՝ 3։3։Հետևեք NEWS.am SPORT-ին Facebook-ում, Twitter և Telegram-ում",Sport,https://sport.news.am/arm/news/166031/
"Գարիկ Կարապետյան․ Այս ծանր փուլում մեր դրոշը բարձրացնելով՝ կարողանում ենք 
ուրախություն պարգեւել հայ ժողովրդին","Այս մեդալները շատ մեծ նշանակություն ունեն մեզ համար, քանի որ այս ծանր շրջանում մեր դրոշը բարձրացնելով կարողանում ենք ուրախություն պարգեւել հայ ժողովրդին, մեր հարազատներին, բարեկամներին, ընկերներին:Այսպես իր հաղթանակը մեկնաբանեց Եվրոպայի եռակի չեմպիոն Գարիկ Կարապետյանը:Վրաստանի Բաթումի քաղաքում անցկացվող ծանրամարտի Եվրոպայի առաջնությունում աշխարհի առաջնությանը բրոնզե մեդալակիր, Փարիզի Օլիմպիական խաղերի մասնակից Գարիկ Կարապետյանը:«Շատ ուրախ եմ այս հաղթանակի կապակցությամբ: Երրորդ անգամ եմ նվաճում ոսկե մեդալը: Ինձ համար շատ կարեւոր է յուրաքանչյուր հաղթանակ՝ սկսած Հայաստանի առաջնության մեդալներից:Այս մեդալները շատ մեծ նշանակություն ունեն մեզ համար, քանի որ այս ծանր փուլում մեր դրոշը բարձրացնելով՝ կարողանում ենք ուրախություն պարգեւել հայ ժողովրդին, մեր հարազատներին, բարեկամներին, ընկերներին:Սպասում էի հաղթանակին: Պոկում վարժությունից հետո, բուլղարացի եւ ռումինացի մարզիկների ուժերը գիտեի:  Գիտեի, որ նրանք հրում վարժությունից թույլ են: Ստացվեց, որի համար ուրախ եմ:Նպատակս միշտ եղել է եւ մնում է Օլիմպիական խաղերը:Երրորդ անգամ եմ դառնում Եվրոպայի չեմպիոն եւ կանգնում պատվո հարթակին: Ամենավառ տպավորված չեմպիոնությունը 2023 թ. Երեւանում անցկացված Եվրոպայի առաջնությունում էր: Այդ ժամանակ առաջին անգամ էի Եվրոպայի չեմպիոն դառնում, ամենամեծ զգացողություններն ապրել եմ այդ օրը: Այսօր պատվո հարթակին, երբ հնչեց Հայաստանի հիմնը, այդ զգացողություններս եռապատկվեցին»,- ասաց Գարիկ Կարապետյանը:Գարիկ Կարապետյանը Բաթումիի մրցահարթակում պարգեւատրվեց երկամարտի ոսկե մեդալով, պոկում վարժության փոքր բրոնզե եւ հրում վարժության փոքր ոսկե մեդալներով:Այս քաշային կարգում Հայաստանի երկրորդ ներկայացուցիչ Սիմոն Մարտիրոսյանը երկամարտի 398 կգ արդյունքով 6-րդն էր:Լուսինե Շահբազյան՝ ԲաթումիիցՀետևեք NEWS.am SPORT-ին Facebook-ում, Twitter և Telegram-ում",Sport,https://sport.news.am/arm/news/166032/
«Ռոման» պարտության մատնեց «Բոլոնիային» (տեսանյութ),"Իտալիայի առաջնության 34-րդ տուրում «Ռոման» հյուրընկալվեց «Բոլոնիային» եւ հաղթեց 2:0 հաշվով (տեսանյութ)։7-րդ րոպեին աչքի ընկավ հոլանդացի հարձակվող Դոնիել Մալենը։ Առաջին խաղակեսի ավելացված առաջին րոպեին հյուրերի առավելությունը կրկնապատկեց մարոկկացի կիսապաշտպան Նեյլ Էլ Այնաուին։«Ռոման» 61 միավորով 5-րդն է, «Բոլոնիան» 8-րդ տեղում է՝ 48 միավոր։Հետևեք NEWS.am SPORT-ին Facebook-ում, Twitter և Telegram-ում",Sport,https://sport.news.am/arm/news/166033/
Անգլիայի գավաթ․ «Մանչեսթեր Սիթին» դուրս եկավ եզրափակիչ (տեսանյութ),"«Մանչեսթեր Սիթին» դուրս եկավ Անգլիայի գավաթի խաղարկության եզրափակիչ։ Կատալոնացի Խոսեպ Գվարդիոլայի գլխավորած թիմը Լոնդոնի «Ուեմբլի» ստադիոնում 2:1 հաշվով պարտության մատնեց «Սաութհեմփթոնին» (տեսանյութ)։79-րդ րոպեին հանդիպման հաշիվը բացեց «Սաութհեմփթոնի» իռլանդացի կիսապաշտպան Ֆինն Ազազը։83-րդ րոպեին հավասարությունը վերականգնեց բելգիացի հարձակվող Ժերեմի Դոկուն։«Մանչեսթեր Սիթիի» հաղթական գոլը 87-րդ րոպեին խփեց իսպանացի կիսապաշտպան Նիկոն։Եզրափակիչի մյուս ուղեգիրն ապրիլի 26-ին կվիճարկեն «Չելսին» ու «Լիդս Յունայթեդը»։@ManCity are FA Cup finalistsNico Gonzalez scores the winner as they come from 1-0 down to beat Southampton in the semi-final pic.twitter.com/AP0E0ifiYJ

Հետևեք NEWS.am SPORT-ին Facebook-ում, Twitter և Telegram-ում",Sport,https://sport.news.am/arm/news/166034/
«Արսենալը» պարտության մատնեց «Նյուքասլին» (տեսանյութ),"Անգլիայի Պրեմիեր լիգայի առաջնության 34-րդ տուրում փոխչեմպիոն «Արսենալը» Լոնդոնում մրցեց «Նյուքասլ Յունայթեդի» հետ եւ պարտության մատնեց 1:0 հաշվով։Իսպանացի Միկել Արտետայի գլխավորած թիմից 9-րդ րոպեին գոլի հեղինակ դարձավ անգլիացի կիսապաշտպան Էբերեչի Էզեն (տեսանյութ)։«Արսենալը» 73 միավորով բարձրացավ առաջին տեղ, սակայն 70 միավոր ունեցող «Մանչեսթեր Սիթին» մեկ հանդիպում քիչ է անցկացրել։ «Նյուքասլ Յունայթեդը» 14-րդն է՝ 42 միավոր։Հետևեք NEWS.am SPORT-ին Facebook-ում, Twitter և Telegram-ում",Sport,https://sport.news.am/arm/news/166035/
ՊՍԺ-ն խնդիրներ չունեցավ՝ 3:0 (տեսանյութ),"Ֆրանսիայի առաջնության 31-րդ տուրում չեմպիոն ՊՍԺ-ն հյուրընկալվեց «Անժեին»։ Իսպանացի Լուիս Էնրիկեի գլխավորած թիմը հաղթեց 3:0 հաշվով։Փարիզյան ակումբից գոլերը խփեցին հարավկորեացի կիսապաշտպան Լի Կան Ինը, ֆրանսիացի կիսապաշտպան Սենի Մայուլուն եւ բրազիլացի պաշտպան Լուկաս Բերալդոն։Վերջնամասում երկրորդ դեղին քարտի համար հեռացվեց պորտուգալացի հարձակվող Գոնսալու Ռամուշը։ՊՍԺ-ն 69 միավորով առաջատարն է եւ երկրորդ տեղում գտնվող «Լանսին» գերազանցում է 6 միավոր։ «Անժեն» 13-րդն է՝ 34 միավոր։Ֆրանսիայի առաջնություն, 31-րդ տուր«Անժե» - ՊՍԺ՝ 0:3 (տեսանյութ)Լի Կան Ին, 8, Սենի Մայուլու, 39, Լուկաս Բերալդո, 52Հեռացում՝ Գոնսալու Ռամուշ (ՊՍԺ), 74, երկրորդ դեղին քարտՀետևեք NEWS.am SPORT-ին Facebook-ում, Twitter և Telegram-ում",Sport,https://sport.news.am/arm/news/166036/
"Հաշմանդամային սպորտի մարզիկների սեղմում հենարանից Հայաստանի առաջնության 
չեմպիոնները (ֆոտո, վիդեո)","Հայաստանի ուժային եռամարտի ֆեդերացիան եւ Հաշմանդամային սպորտի ֆեդերացիան Երեւանի Orange Fitness ակումբում անցկացրին հաշմանդամային սպորտի մարզիկների սեղմում հենարանից մրցաձեւի Հայաստանի բաց առաջնությունը, որին հետեւեց նաեւ Հայաստանի երկրորդ նախագահ Ռոբերտ Քոչարյանը։54 կգ քաշային կարգում 95 կգ արդյունքով հաղթեց Սարգիս Հարությունյանը։59 կգ քաշային կարգում անգերազանցելի էր Վարդան Հովհաննիսյանը՝ 92 կգ։65 կգ քաշային կարգում չեմպիոն դարձավ Դավիթ Հունանյանը, որը ցույց տվեց 118 կգ արդյունք։72 կգ քաշային կարգում հավասարը չունեցավ Շահեն Բաբայանը՝ 100 կգ։83 կգ քաշայինների պայքարն ավարտվեց Հովհաննես Ավանեսյանի հաղթանակով՝ 111 կգ։88 կգ քաշային կարգում առաջին տեղը գրավեց Ռաֆայել Ազիզյանը՝ 150 կգ։97 կգ քաշային կարգում Դավիթ Դավթյանը 105 կգ արդյունքով նվաճեց հաղթողի կոչումը։107 կգ քաշային կարգում Սամվել Սարյանը ցույց տվեց 100 կգ արդյունք եւ գրավեց առաջին տեղը։+107 կգ քաշային կարգում Սմբատ Սարգսյանը 120 կգ արդյունքով դարձավ հաղթող։Կանանց առաջնությունում հաղթող դարձան 57 կգ քաշային Անյուտա Պետրոսյանը (60 կգ արդյունք), 63 կգ քաշային Արեւ Մելքոնյանը (90 կգ) եւ 84+ կգ քաշային Նաիրա Մեսրոպյանը (67 կգ)։Հետևեք NEWS.am SPORT-ին Facebook-ում, Twitter և Telegram-ում",Sport,https://sport.news.am/arm/news/166037/
«Աթլետիկոն» Մադրիդում հաղթեց Բիլբաոյի «Աթլետիկին»,"Álex  Alex#LaLigaHighlights pic.twitter.com/B7LKStQI42Իսպանիայի առաջնության 32-րդ տուրում Մադրիդի «Աթլետիկոն» տանը մրցեց Բիլբաոյի «Աթլետիկի» հետ։ Արգենտինացի Դիեգո Սիմեոնեի գլխավորած թիմն առավելության հասավ 3:2 հաշվով։ Դաշտի տերերից դուբլի հեղինակ դարձավ նորվեգացի հարձակվող Ալեքսանդր Սյորլոտը։ Աչքի ընկավ նաեւ ֆրանսիացի հարձակվող Անտուան Գրիզմանը։«Աթլետիկոն» 60 միավորով չորրորդն է, «Աթլետիկը» 9-րդ տեղում է՝ 41 միավոր։Իսպանիայի առաջնություն, 32-րդ տուր«Աթլետիկո Մադրիդ» - «Աթլետիկ Բիլբաո»՝ 3:2 Անտուան Գրիզման, 49, Ալեքսանդր Սյորլոտ, 54, 90+3 - Այտոր Պարեդես, 23, Գորկա Գուրուսետա, 90+7Հետևեք NEWS.am SPORT-ին Facebook-ում, Twitter և Telegram-ում",Sport,https://sport.news.am/arm/news/166038/
"Սեղմում հենարանից Հայաստանի բաց առաջնության չեմպիոնները (ֆոտո, վիդեո)","Հայաստանի ուժային եռամարտի ֆեդերացիայի եւ Հաշմանդամային սպորտի ֆեդերացիայի նախաձեռնությամբ Երեւանի Orange Fitness ակումբում անցկացվեց սեղմում հենարանից Հայաստանի բաց առաջնությունը:59 կգ քաշային կարգում չեմպիոնի տիտղոսը նվաճեց Անդրանիկ Ծատուրյանը, որը սեղմեց 95 կգ։66 կգ քաշային կարգում հաղթեց Դավիթ Հարոյանը՝ 142,5 կգ։74 կգ քաշային կարգում անգերազանցելի էր Մհեր Բեգլարյանը՝ 135 կգ։83 կգ քաշային կարգում առաջինն էր Ռոբերտ Աստվածատրյանը՝ 150 կգ։93 կգ քաշային կարգում հավասարը չունեցավ Արտյոմ Սոլոյանը՝ 190 կգ։105 կգ քաշայն կարգում հաղթեց Կարեն Բեգլարյանը՝ 205 կգ։120 կգ քաշային կարգում չեմպիոնը Համլետ Մկրտչյանն է՝ 185 կգ։120+ կգ քաշային կարգում Հովհաննես Միքայելյանը ցույց տվեց 200 կգ արդյունք։Կանանց առաջնությունում հաղթեց 47 կգ քաշային Կարինա Սիմոնյանցը (70 կգ), 57 կգ քաշային Մարիա Գրիգորյանը (101 կգ, Հայաստանի ռեկորդ), 63 կգ քաշային Արեւ Մելքոնյանը (107 կգ, Հայաստանի ռեկորդ), 69 կգ քաշային Լիլիթ Վարդանյանը (82,5 կգ) եւ 84+ կգ քաշային Նաիրա Մեսրոպյանը (67,5 կգ)։Հետևեք NEWS.am SPORT-ին Facebook-ում, Twitter և Telegram-ում",Sport,https://sport.news.am/arm/news/166039/
Օրվա հանդիպումների անոնս,"Ֆուտբոլի Հայաստանի, Իսպանիայի, Իտալիայի, Գերմանիայի եւ Ֆրանսիայի առաջնություններում ապրիլի 26-ին կշարունակվեն հերթական տուրերի հանդիպումները։Անգլիայի գավաթի խաղարկությունում տեղի կունենա կիսաեզրափակիչի երկրորդ հանդիպումը։Հայաստանի առաջնություն, 23-րդ տուր«Գանձասար» - «Շիրակ»՝ 16:00«Ուրարտու» - «Վան»՝ 18:00Անգլիայի գավաթ, կիսաեզրափակիչ«Չելսի» - «Լիդս Յունայթեդ»՝ 18:00 (Երեւանի ժամանակ)Իտալիայի առաջնություն, 34-րդ տուր«Ֆիորենտինա» - «Սասուոլո»՝ 14։30«Ջենոա» - «Կոմո»՝ 17։00«Տորինո» - «Ինտեր»՝ 20։00«Միլան» - «Յուվենտուս»՝ 22։45Իսպանիայի առաջնություն, 32-րդ տուր «Ռայո Վալիեկանո» - «Ռեալ Սոսիեդադ»՝ 16։00«Ռայո Վալիեկանո» - «Էլչե»՝ 18։15«Օսասունա» - «Սեւիլիա»՝ 20։30 «Վիլյառեալ» - «Սելտա»՝ 23։00Գերմանիայի առաջնություն, 31-րդ տուր«Շտուտգարտ» - «Վերդեր»՝ 17:30«Բորուսիա Դորտմունդ» - «Ֆրայբուրգ»՝ 19:30Ֆրանսիայի առաջնություն, 31-րդ տուր«Լորիան» - «Ստրասբուրգ»՝ 17:00«Հավր» - «Մեց»՝ 19:15«Փարիզ» - «Լիլ»՝ 19:15«Ռեն» - «Նանտ»՝ 19:15«Մարսել» - «Նիցա»՝ 22:45Հետևեք NEWS.am SPORT-ին Facebook-ում, Twitter և Telegram-ում",Sport,https://sport.news.am/arm/news/166040/
Ծանրամարտի ԵԱ. Մրցումային վերջին օրը Հայաստանն ունի երկու մասնակից,"Վրաստանի Բաթումի քաղաքում ավարտվող ծանրամարտի Եվրոպայի առաջնությունում ապրիլի 26-ին Հայաստանը կունենա 2 ներկայացուցիչ: Մրցահարթակ դուրս կգան Փարիզի Օլիմպիական խաղերի փոխչեմպիոն, աշխարհի եւ Եվրոպայի կրկնակի չեմպիո Վարազդատ Լալայանը (+110 կգ) եւ Եվրոպայի փոխչեմպիոն Տաթեւ Հակոբյանը (+86 կգ):Վարազդատ Լալայանի մասնակցությամբ +110 կգ քաշային կարգի А խմբում տիտղոսի համար կպայքարի 13 ծանրորդ: Գլխավոր ֆավորիտը Վարազդատ Լալայանն է, որի նախնական հայտը երկամարտում 450 կգ է: Նրանից 30 կգ պակաս հայտ է ներկայացրել չեզոք դրոշի ներքո հանդես եկող Դանիլ Վաղացիեւը:Վարազդատ Լալայանը 2016 թ. Եվրոպայի պատանեկան առաջնության արծաթե մեդալակիր է, 2019 թ. Եվրոպայի երիտասարդական առաջնության փոխչեմպիոն, 2019 թ. աշխարհի երիտասարդների չեմպիոն, 2019 թ. Եվրոպայի Մ20 չեմպիոն եւ ռեկորդակիր, 2021 թ. Եվրոպայի առաջնության բրոնզե մեդալակիր, 2021 թ. Եվրոպայի Մ23 չեմպիոն եւ ռեկորդակիր, 2021 թ. աշխարհի փոխչեմպիոն եւ ռեկորդակիր, 2022 թ. Եվրոպայի փոխչեմպիոն, 2022 թ. Եվրոպայի Մ23 չեմպիոն եւ ռեկորդակիր, 2022 թ. Աշխարհի բրոնզե մեդալակիր:2023 թ. ապրիլին Երեւանում անցկացված Եվրոպայի առաջնությունում նվաճել է փոխչեմպիոնի կոչումը: Երկամարտում Լալայանը գրանցել է 462 կգ արդյունք (212+250):2023 թ. աշխարհի փոխչեմպիոն է, 2024 թ. Եվրոպայի չեմպիոն եւ աշխարհի գավաթակիր, Փարիզի Օլիմպիական խաղերի փոխչեմպիոն:Ֆրանսիայի մայրաքաղաքում անցկացված 33-րդ ամառային Օլիմպիական խաղերում Վարազդատ Լալայանը երկամարտում գրանցել է 467 կգ արդյունքով (215+252) եւ նվաճել Օլիմպիական խաղերի արծաթե մեդալ:2024 թ. Բահրեյնի մայրաքաղաք Մանամայում անցկացված աշխարհի առաջնությունում +109 կգ քաշայինների պայքարում Լալայանը երկամարտի 467 կգ արդյունով հռչակվեց աշխարհի չեմպիոն (215+252):2025 թ. ապրիլին Մոլդովայի մայրաքաղաք Քիշնեւում անցկացված Եվրոպայի առաջնությունում Լալայանը +109 կգ քաշայինների պայքարում երկամարտում 450 կգ արդյունքով դարձավ կրկնակի չեմպիոն (210+240):Հոկտեմբերին Նորվեգիայի Ֆյորդե քաղաքում անցկացված աշխարհի առաջնությունում Լալայանը երկամարտի 461 կգ արդյունք հռչակվեց կրկնակի չեմպիոն (211+250):Տղամարդկանց +110 կգ քաշային կարգի A խմբի պայքարը կմեկնարկի Երեւանի ժամանակով 16:00-ին:Առավոտյան մրցահերթում մրցահարթակ դուրս կգա Եվրոպայի փոխչեմպիոն Տաթեւ Հակոբյանը:Կանանց +86 կգ քաշային կարգում տիտղոսի համար կպայքարի 11 ծանրորդ: Տաթեւ Հակոբյանի նախնական հայտը երկամարտում 245  կգ է: Այս քաշում ֆավորիտը Մեծ Բրիտանիայի ներկայացուցիչ Էմիլի Քեմբելն է: Նրա հայտը 275 կգ է: Նրանից 15 կգ պակաս հայտ է ներկայացրել նորվեգացի Սոլֆրիդ Կոանդան:Տաթեւ Հակոբյանը կմասնակցի իր կարիերայի վերջին մրցմանը: 30-ամյա ծանրորդը կավարտի կարիերան:Տաթեւ Հակոբյանը 2013 թ. Եվրոպայի Մ17 առաջնության բրոնզե մեդալակիր է, 2017 թ. Եվրոպայի առաջնության բրոնզե մեդալակիր, Եվրոպայի Մ23 առաջնության արծաթե մեդալակիր, 2018 թ. Եվրոպայի Մ23 չեմպիոն: 2019 թ. Բաթումիում անցկացված Եվրոպայի առաջնությունում 4-րդն էր, նույն տարվա աշխարհի առաջնությունում՝ 10-րդ-ը: 2021 թ. աշխարհի առաջնությունում Հակոբյանը երկամարտի 230 կգ արդյունքով 5-րդն էր: 2022 թ. Եվրոպայի առաջնությունում ձախողելուց հետո, 2023 թ. Երեւանում անցկացված Եվրոպայի առաջնությունում Տաթեւ Հակոբյանը 76 կգ քաշային կարգում երկամարտի 226 կգ արդյունքով նվաճեց փոխչեմպիոնի կոչումը (104+122): Նույն տարում Սաուդյան Արաբիայի մայրաքաղաք Էր Ռիյադում անցկացված աշխարհի առաջնությունում Հակոբյանը 87 կգ քաշայինների պայքարում երկամարտի 237 կգ-ով գրավեց 5-րդ տեղը (105+132):Աշխարհի գավաթի խաղարկության բրոնզե մեդալակիր է:Կանանց +86 կգ քաշային կարգի մրցումը կմեկնարկի Երեւանի ժամանակով 11:00-ին:Հայաստանի առաջին մեդալը Բաթումիում նվաճել է Գառնիկ Չոլակյանը: 60 կգ քաշայինների պայքարում Չոլակյանը դարձավ Եվրոպայի փոխչեմպիոն: Երկամարտում նա հավաքեց 274 կգ (124+150):  71 կգ քաշային կարգում երկամարտի 330 կգ արդյունքով փոխչեմպիոն է հռչակվել Գոռ Սահակյանը (150+180): 79 կգ քաշայինների պայքարում Մարտին Պողոսյանը երկամարտի 338 կգ արդյունքով նվաճել է բրոնզե մեդալ (152+186):  Կանանց հավաքականից Ալեքսանդրա Գրիգորյանը (58 կգ) երկամարտի 210 կգ արդյունքով նվաճել է արծաթե մեդալ (91+119), Աննա Ամրոյանը (77 կգ) հրում վարժությունում 136 կգ արդյունքով փոքր ոսկե մեդալ է նվաճել եւ երիտասարդների ռեկորդ սահմանել: Ապրիլի 24-ին Հայաստանի առաջին ոսկե մեդալը նվաճել է Էմմա Պողոսյանը (86 կգ): Երկամարտում նա հավաքել է 248 կգ արդյունք (107+141): Եվրոպայի փոխչեմպիոն է դարձել Արա Աղանյանը (94): Երկամարտում նա գրանցել է 381 կգ արդյունք (175+206)։ Ապրիլի 25-ին տղամարդկանց 110 կգ քաշայինների պայքարում Գարիկ Կարապետյանը երկամարտի 415 կգ արդյունքով երրորդ անգամ նվաճեց չեմպիոնի տիտղոսը (189+226):Հայաստանի հավաքականները Եվրոպայի առաջնությանը մասնակցում էին 16 ծանրորդով՝ 8 տղամարդ, 8 կին:Հետևեք NEWS.am SPORT-ին Facebook-ում, Twitter և Telegram-ում",Sport,https://sport.news.am/arm/news/166041/
"Լաշա Տալախաձե․ Վարազդատ Լալայանն ունի Լոս Անջելես-2028-ում հաղթելու բոլոր 
հնարավորությունները, եթե, իհարկե, այնտեղ չլինեմ ես","Վարազդատ Լալայանն ունի Լոս Անջելես-2028 Օլիմպիական խաղերում հաղթելու բոլոր հնարավորությունները, եթե, իհարկե, այնտեղ չլինեմ ես: Վերադառնալու մեծ ցանկություն ունեմ: Եթե հասկանամ, որ կա թեկուզ մեկ տոկոս հնարավորություն նորից հաջողության հասնել, այդ շանսն իմ ձեռքից բաց չեմ թողնի:Այս մասին NEWS.am Sport-ի թղթակցի հետ զրույցում Բաթումիում ասաց Օլիմպիական խաղերի եռակի չեմպիոն, աշխարհի եւ Եվրոպայի յոթակի չեմպիոն, լեգենդար ծանրորդ Լաշա Տալախաձեն, որն այժմ Վրաստանի ծանրամարտի ֆեդերացիայի նախագահն է:Ապրիլի 19-26-ը  Բաթումիում անցկացվում է ծանրամարտի Եվրոպայի առաջնությունը: Այսօր առաջնության վերջին մրցումային օրն է եւ մրցահարթակ են դուրս գալու գերծանր քաշայինները: Հայ երկրպագուների համար տղամարդկանց գերծանր քաշայինների պայքարն ամենահետաքրքիրն է, քանի որ հաղթողի գլխավոր ֆավորիտը օլիմպիական փոխչեմպիոն, աշխարհի եւ Եվրոպայի կրկնակի չեմպիոն Վարազդատ Լալայանն է:Մինչեւ Փարիզի Օլիմպիական խաղերը, այս քաշային կարգում անգերազանցելի էր վրացի Լաշա Տալախաձեն, որն այս առաջնությունում ոչ թե մասնակցի, այլ կազմակերպիչի կարգավիճակում է: Համաշխարհային սպորտում մեծ ճանաչում ունեցող Տարալախձեն, չնայած ավարտել է մրցելույթները, բայց դեռ մտածում է մեծ սպորտ վերադառնալու մասին:Առաջնության գլխավոր իրադարձության՝ գերծանր քաշայինների պայքարի մեկնարկից առաջ NEWS.am Sport-ի թղթակիցը զրուցել է լեգենդար ծանրորդի հետ:Լաշա, շնորհակալ եմ՝ այս զբաղվածության մեջ ժամանակ գտնելու համար: Դուք ֆեդերացիայի նախագահի եւ կազմակերպիչի կարգավիճակում եք այս առաջնությունում: Ինչպե՞ս եք գնահատում առաջնության ընթացքը, Ձեր ղեկավարած կառույցի ներկայացուցիչների մասնակցությունը: Մենք՝ վրացիներս, մաքսիմալիստներ ենք. սիրում ենք ամեն ինչ՝ առավելագույնը լինի: Որպես ֆեդերացիայի նախագահ, մեր ծանրորդներից միշտ պահանջում ենք առավելագույնը, բայց ոչ միշտ է նրանց դա հաջողվում: Կարծում եմ, որ մեր ծանրորդներն այս առաջնությունում արեցին ամեն ինչ, ինչ կարող էին, պայքարեցին մինչեւ վերջ: Ինչ վերաբերում է առաջնությանը, կարծում եմ՝ ամեն ինչ հրաշալի է  ընթանում: Փորձել ենք կազմակերպել եւ անցկացնել այնպիսի առաջնություն, այնպիսի մարզական տոն, որը ընդմիշտ կմնա հիշողության մեջ: Մեծ հույս ունեմ, որ եվրոպական ֆեդերացիան գոհ է մեր կազմակերպած առաջնությունից: Շուտով կավարտվի մրցաշարը եւ մեծ հույս ունեմ, որ մեր աշխատանքի պաշտոնական գնահատականը դրական կլինի եւ բոլորը գոհ կհեռանան Վրաստանից:Հեշտ է լինել Եվրոպայի առաջնության կազմակերպի՞չ, թե՞ մասնակից եւ հաղթող: Անձամբ ես կնախընտրեի կանգնել մրցահարթակին եւ անել այն, ինչը ես արել եմ տարիներ շարունակ՝ պայքարել, մրցակցել, ինչին ամենալավն եմ տիրապետում: Որպես ֆեդերացիայի նախագահ պակաս պատասխանատվություն չունեմ այս պարագայում, քանի որ պատասխանատու եմ բոլորի եւ ամեն ինչ համար, մարզիկների եւ նրանց ապագայի համար, ինչպես նաեւ մեր երկրում այս մարզաձեւի ապագայի համար:Այս օրերին մրցումային դահլիճը գրեթե չեք լքում: Չեք կարոտե՞լ մրցահարթակը: Ցանկություն չի առաջանո՞ւմ բարձրանալ մրցահարթակն եւ նորից մտնել պայքարի մեջ: Հնարավո՞ր է՝ վերադառնաք: Ես, իհարկե, ցանկանում եմ վերադառնալ, բայց, հետաքրքիր է՝ Դուք կցանկանայիք, որ ես վերադառնայի: Կատակում եմ (ծիծաղում է): Իրականում՝ շատ եմ ցանկանում, կարոտել են այն ամենմ, ինչ տեղի է ունենում այս պահին մրցումային դահլիճում՝ մրցահարթակը, պայքարը, մրցակցությունը: 13 տարի շարունակ մրցահարթակում եմ եղել, բաց չեմ թողել գրեթե ոչ մի մրցաշար, ինչը շատ վաղ անցյալում չէր: Արդեն ֆիզիկապես եւ հոգեպես շատ էի հոգնել: Եթե հասկանամ, որ կա վերադառնալ ու նորից հաջողության հասնելու թեկուզ մեկ տոկոս հնարավորություն, ոչ մի դեպքում այդ շանսն իմ ձեռքից բաց չեմ թողնի եւ անպայման կվերադառնամ: Այս պահին արդեն զգում եմ, որ վերջապես հանգստացել եմ, ուժերս վերականգնվել են, այնպես որ՝ ժամանակը ցույց կտա: Այսօր Ձեր քաշային կարգի ներկայացուցիչներն են դուրս գալու մրցահարթակ: Այդ պայքարից հետո հնարավո՞ր է ինչ-որ բան փոխվի «ներսում»: Մրցահարթակ է դուրս գալու Վարազդատ Լալայանը:  Չէիք ցանկանա՞ նրա հետ նորից մրցել: Այս մեկ օրվա ընթացքում ինձ հետ ոչինչ տեղի չի ունենա, իմ ծրագրերում ոչինչ չի փոխվի: Վարազդատ Լալայանի մեծ երկրպագուն եմ: Նա հրաշալի ծանրորդ է: Շատ կուզեի, որ մենք գերծանր քաշային կարգում ունենայինք նույնպիսի հաջողակ մարզիկ, բայց չունենք:Իմ գլխավոր ֆավորիտը Վարազդատ Լալայանն է, եւ նա ինձ համար առաջինն է Եվրոպայում: Աշխարհի առաջնությունում Լալայանի հետ երկրպագում եմ նաեւ Գոռ Մինասյանին, որն այժմ ներկայացնում է Բահրեյնը: Ես նրանց երկուսին եմ շատ երկրպագում, աջակցում: Ցանկանում եմ, որ այս երկու հրաշալի ծանրորդները ամենաբարձր նվաճումներն ունենան:Ըստ Ձեզ, ի՞նչ է սպասվում Վարազդատ Լալայանին Լոս Անջելես-2028 Օլիմպիական խաղերում: Այսօրվա դրությամբ, Լալայանն ունի Լոս Անջելեսում հաղթելու բոլոր հնարավորությունները, եթե, իհարկե, այնտեղ չլինեմ ես: Լալայանը շատ ուժեղ ծանրորդ է, եւ ես գտնում եմ, որ նա մրցակիցներ չունի: Լիարժեք վստահ եմ, որ Լոս Անջելեսում Վարազդատ Լալայանը կնվաճի օլիմպիական ոսկե մեդալը:Առհասարակ, ինձ համար Հայաստանի ծանրամարտի թիմն ամենաուժեղներից է: Հրաշալի ծանրորդներ ունեք: 110 կգ քաշային կարգում եւս շատ լավ ծանրորդներ ունեք:  Գարիկ Կարապետյանն ու Սիմոն Մարտիրոսյանը փայլում են, շատ ուժեղ մարզիկներ են: Նրանց եւս երկրպագում եմ: Պատահական չի, որ բազմիցս այս երկու ծանրորդների միջեւ է ընթացել ոսկե մեդալի համար պայքարը Եվրոպայի առաջնություններում:Վարազդատ Լալայանի հետ մրցակիցներ լինելուց բացի նաեւ լավ ընկերներ եք: Ինչպե՞ս է սկսվել մրցահարթակից դուրս ընկերությունը: Լալայանն ինձ շատ մտերիմ մարդ է: Նախորդ ամռանը ընտանիքիս հետ հյուրընակվել էի Հայաստանում, եղել եմ Գյումրիում: Վարազդատ Լալայանը եւ մյուս տղաները միշտ իմ ընկերներն են եղել: Հայաստանի ամբողջ թիմի հետ մշտապես շատ ջերմ, ընկերական հարաբերությունների մեջ եմ եղել, հիմա նույնպես:Մենք՝ վրացիներս միշտ աչքի ենք ընկել հյուրընալությամբ: Հայերը, Հայաստանը նույնպես աչքի է ընկնում ջերմ ընդունելությամբ, որին արժանացա իմ այցելության օրերին: Հրաշալի օրեր էին ինձ համար դրանք:Լուսինե Շահբազյան՝ ԲաթումիիցՀետևեք NEWS.am SPORT-ին Facebook-ում, Twitter և Telegram-ում",Sport,https://sport.news.am/arm/news/166042/
"Տաթեւ Հակոբյանը Բաթումիի մրցահարթակում ավարտեց կարիերան (ֆոտո, վիդեո)","Եվրոպայի փոխչեմպիոն, աշխարհի գավաթի խաղարկության բրոնզե մեդալակիր, կանանց ծանրամարտի Հայաստանի հավաքականի +86 կգ քաշային Տաթեւ Հակոբյանը Բաթումիի մրցահարթակում հայտարարեց մարզական կարիերան ավարտելու մասին:Վրաստանի Բաթումի քաղաքում ավարտվող ծանրամարտի Եվրոպայի առաջնությունում Տաթեւ Հակոբյանը մասնակցեց իր վերջին մրցաշարին Հայաստանի հավաքականի կազմում: Երկամարտում նա գրանցեց 231 կգ արդյունք (106+125):Պոկում վարժությունում Տաթեւ Հակոբյանն առաջին մոտեցմամբ հաջողությամբ բարձրացրեց 102 կգ ծանրաձողը: Երկրորդ մոտեցման համար Արտաշես Ներսիսյանը պատվիրեց 106 կգ, որը նույնպես պոկեց: Երրորդ մոտեցման համար պատվիրված 110 կգ-ը ձախողեց: Այս վարժությունում Հակոբյանը 10-րդն է:Հրում վարժությունը Հակոբյանը մեկնարկեց 125 կգ-ով եւ հաջողությամբ ֆիքսեց ծանրաձողը գլխավերեւում: Երկրորդ մոտեցման համար պատվիրված 133 կգ-ը Հակոբյանը ձախողեց եւ մրցահարթակում հանեց մարզակոշիկները:Տաթեւ Հակոբյանը հայտարարեց մարզական կարիերան ավարտելու մասին:Հետևեք NEWS.am SPORT-ին Facebook-ում, Twitter և Telegram-ում",Sport,https://sport.news.am/arm/news/166043/
"Լեւոն Քոչարյան․ Ակնկալիքները նույնն են՝ նոր արդյունքներ, կատարելագործված մարզիկներ, 
նոր ռեկորդներ (ֆոտո, վիդեո)","Հայաստանի ուժային եռամարտի ֆեդերացիայի նախագահ Լեւոն Քոչարյանը մեկնաբանել է Հայաստանի ուժային եռամարտի ֆեդերացիայի եւ Հաշմանդամային սպորտի ֆեդերացիայի կողմից Երեւանի Orange Fitness ակումբում անցկացրած սեղմում հենարանից մրցաձեւի Հայաստանի բաց առաջնությունը:«Արդեն 9 տարի անցկացնում ենք այս առաջնությունը, ակնկալիքները նույնն են, ինչպես ամեն տարի․ նոր արդյունքներ, կատարելագործված մարզիկներ, նոր ռեկորդներ։Այս մրցումները կարեւոր են հաշմանդամ մարզիկների համար՝ սպորտի միջոցով ինտեգրվելու նորմալ կյանքին։ Գիտեն, որ կա մրցում, որին պետք է պատրաստվել, եւ դա լրացուցիչ խթան է նրանց համար, արդյունքները կատարելագործել, իմանալ, որ դրանք գնահատվում են։Հատկապես, հույզերի առումով հաջող փորձերից հետո ուրախությունը մեծ է, կարեւոր է։30-ից ավելի մրցանակային կարգեր կան հաշմանդամության եւ բաց առաջնություններում։Հաշմանդամային սպորտի ֆեդերացիայի ներկայացուցիչները շուտով կմասնակցեն բազկամարտի Եվրոպայի առաջնութնանը, Ուժային եռամարտի ֆեդերացիայի ներկայացուցիչները օգոստոս-սեպտեմբերին կունենանք միջազգային մրցում»,- նշեց Լեւոն Քոչարյանը։Ուժային եռամարտի Հայաստանի հավաքականի գլխավոր մարզիչ Սերգեյ Ասատուրովը եւս կարեւորել է ավանդական դարձած համատեղ առաջնության անցկացումը։«Այս առաջնությունը 9-րդն է սեղմում հենարանից եւ 8-րդն է, որն անցկացնում ենք Հայաստանի հաշմանդային սպորտի ֆեդերացիայի հետ համատեղ։ Պետության համար կարեւոր է այս առաջնությունը, քանի որ ակտիվանում է սպորտը, ձգտումը սպորտի նկատմամբ, մոտիվացնում ենք երիտասարդներին եւ ոչ միայն երիտասարդներին, քանի որ մասնակցում են նաեւ տարիքային «մաստեր» խմբի մարզիկներ։Այս առաջնությունը շատ եմ կարեւորում, քանի որ անցկացնում ենք «բաց» եւ Հաշմանդային սպորտի ֆեդերացիայի հետ եւ մարզիկները մրցում են ընդհանուր մրցաշարում։Եվ արդեն որերորդ տարին ունենք բաց առաջնությունում Հաշմանդամային սպորտի ֆեդերացիայի մարզիկներ, որոնք գրավում են առաջին տեղերը, ինչը շատ ուրախալի է։ Գաղափարն այն է, որ բոլորը միասին են, հավասար մրցում է։Այս տարի դեռ միջազգային մրցաշարերի չենք մասնակցել։ Անցած տարի ունեցել են աշխարհի ու Եվրոպայի առաջնություններից բազմաթիվ մեդալներ։ Այս տարի հաշմանդամային սպորտի միջազգային մրցաշարերից ունենք բազմաթիվ մեդալ։ Արդյունքները դառնում են միջազգային մակարդակի, ինչը շատ ուրախալի է։Մասնակիցների թիվն այս անգամ աննախադեպ է՝ ընդհանուր 130-140 մարզիկ»,- նշեց Սերգեյ Ասատուրովը։Հաշմանդամային սպորտի ֆեդերացիայի նախագահ Սարգիս Ստեփանյանը կարեւորել է առաջնության արդյուքնում հավաքականի կազմի ձեւավորումը։«Այս առաջնության կարեւորությունն այն է, որ այստեղ ի հայտ են գալիս ուժեղագույնները, ձեւավորվում է մեր հավաքականը։ Վերջերս մեր երեք մարզիկներ վերադարձան փաուերլիֆթինգի Եվրոպայի առաջնությունից ոսկե եւ արծաթե մեդալներով եւ ցույց ենք տալիս մեր երկրի ուժը»,- նշեց Սարգիս Ստեափանյանը։Հաշմանդամային սպորտի մարզիկների մասնակցությամբ առաջնության արդյունքները54 կգ քաշային կարգում 95 կգ արդյունքով հաղթեց Սարգիս Հարությունյանը։59 կգ քաշային կարգում անգերազանցելի էր Վարդան Հովհաննիսյանը՝ 92 կգ։65 կգ քաշային կարգում չեմպիոն դարձավ Դավիթ Հունանյանը, որը ցույց տվեց 118 կգ արդյունք։72 կգ քաշային կարգում հավասարը չունեցավ Շահեն Բաբայանը՝ 100 կգ։83 կգ քաշայինների պայքարն ավարտվեց Հովհաննես Ավանեսյանի հաղթանակով՝ 111 կգ։88 կգ քաշային կարգում առաջին տեղը գրավեց Ռաֆայել Ազիզյանը՝ 150 կգ։97 կգ քաշային կարգում Դավիթ Դավթյանը 105 կգ արդյունքով նվաճեց հաղթողի կոչումը։107 կգ քաշային կարգում Սամվել Սարյանը ցույց տվեց 100 կգ արդյունք եւ գրավեց առաջին տեղը։+107 կգ քաշային կարգում Սմբատ Սարգսյանը 120 կգ արդյունքով դարձավ հաղթող։Կանանց առաջնությունում հաղթող դարձան 57 կգ քաշային Անյուտա Պետրոսյանը (60 կգ արդյունք), 63 կգ քաշային Արեւ Մելքոնյանը (90 կգ) եւ 84+ կգ քաշային Նաիրա Մեսրոպյանը (67 կգ)։Սեղմում հենարանից Հայաստանի բաց առաջնությունում եւս լարված պայքար էր։59 կգ քաշային կարգում չեմպիոնի տիտղոսը նվաճեց Անդրանիկ Ծատուրյանը, որը սեղմեց 95 կգ։66 կգ քաշային կարգում հաղթեց Դավիթ Հարոյանը՝ 142,5 կգ։74 կգ քաշային կարգում անգերազանցելի էր Մհեր Բեգլարյանը՝ 135 կգ։83 կգ քաշային կարգում առաջինն էր Ռոբերտ Աստվածատրյանը՝ 150 կգ։93 կգ քաշային կարգում հավասարը չունեցավ Արտյոմ Սոլոյանը՝ 190 կգ։105 կգ քաշայն կարգում հաղթեց Կարեն Բեգլարյանը՝ 205 կգ։120 կգ քաշային կարգում չեմպիոնը Համլետ Մկրտչյանն է՝ 185 կգ։120+ կգ քաշային կարգում Հովհաննես Միքայելյանը ցույց տվեց 200 կգ արդյունք։Կանանց առաջնությունում հաղթեց 47 կգ քաշային Կարինա Սիմոնյանցը (70 կգ), 57 կգ քաշային Մարիա Գրիգորյանը (101 կգ, Հայաստանի ռեկորդ), 63 կգ քաշային Արեւ Մելքոնյանը (107 կգ, Հայաստանի ռեկորդ), 69 կգ քաշային Լիլիթ Վարդանյանը (82,5 կգ) եւ 84+ կգ քաշային Նաիրա Մեսրոպյանը (67,5 կգ)։Աստղիկ ԱդամյանԼուսանկարները՝ Էմմա Ասատրյանի, Արսեն ՍարգսյանիՀետևեք NEWS.am SPORT-ին Facebook-ում, Twitter և Telegram-ում",Sport,https://sport.news.am/arm/news/166044/
"Տաթեւ Հակոբյան․ Անցած տարի ամուսնացել եմ եւ այժմ ցանկանում եմ իմ կյանքը նվիրել 
ընտանիքիս","Արդեն ժամանակ է՝ նվիրվել ընտանիքին: Անցած տարի ամուսնացել եմ եւ այժմ ցանկանում եմ իմ կյանքը նվիրել ընտանիքիս: Շնորհակալություն եմ հայտնում բոլոր նրանց, ովքեր այս տարիներին իմ կողքին են եղել եւ աջակցել են ինձ ծանրամարտում:Այսպես իր վերջին հրաժեշտի մրցելույթը եւ կարիերան ավարտելու մասին որոշումը մեկնաբանեց Եվրոպայի փոխչեմպիոն, աշխարհի գավաթի խաղարկության բրոնզե մեդալակիր, կանանց Հայաստանի հավաքականի +86 կգ քաշային Տաթեւ Հակոբյանը:Բաթումիում ավարտվող ծանրամարտի Եվրոպայի առաջնությունում Տաթեւ Հակոբյանը հրում վարժության երկրորդ մոտեցումից հետո մրցահարթակում հանեց մարզակոշիկներ եւ հայտարարեց մարզական կարիերան ավարտելու մասին:«Շուրջ 15 տարի մեծ սպորտում եմ: Ճիշտ գտա արդեն թերթել կարիերայիս այս էջը: Այս տարիներն ինձ կոփեցին, տվեցին շատ ուժեղ գծեր, կարելի է ասել՝ իմ բնավորությունը կերտվել է հենց ծանրամարտում: Ծանրամարտն իմ մեջ զարգացրեց կամքի ուժը, ինչպես նաեւ առաջ շարժվելու ընդունակությունը:Ցանկանում եմ շնորհակալություն հայտնել այն անձանց, ովքեր այս տարիներին իմ կողքին են եղել: Հաջողություն եմ մաղթում մեր թիմին: Ցավոք, կարիերաս չավարտեցի այնպես, ինչպես ցանկանում էի, բայց գոհ եմ այն աշխատանքից, որն այս տարիների ընթացքում արել եմ:Կարիերաս ավարտելու որոշումը վաղուց էի կայացրել: Անցած տարի ամուսնացել եմ եւ գտնում եմ, որ ընտանիքին նվիրվելու ժամանակն է: Ամուսինս երբեք դեմ չի եղել իմ կարիերային, ես ինքս եմ ցանկանցել ավարտել եւ թեքվել դեպի ընտանիք: Տղամարդկանց պարագայում գուցե հնարավոր է համատեղել ընտանիքը եւ կարիերան ծանրամարտում, բայց կանանց պարագայում մի փոքր բարդ է:Նախնական ծրագրեր ունեմ, որի մասին հետագայում կխոսեմ: Գուցե ծանրամարտից հեռու լինեմ, բայց սպորտից հեռու չեմ լինելու:Այսօր մրցահարթակում շատ հանգիստ էի: Չեմ կարող ասել, թե ինչ-որ բան խանգարեց: Մարզումների ընթացքում ավելի շատ կիլոգրամներ էի բարձրացրել, ցավոք այսօր այստեղ չկարողացա բարձրացնել: Երեւի այն միտքը, որ ավարտում եմ կարիերաս, երեւի ավելի շատ այդ հուզմունքն ինձ խանգարեց: Ամեն ինչ նորմալ է»,- արցունքները զսպելով ասաց Տաթեւ Հակոբյանը:Բաթումիում իր վերջին պաշտոնական մրցաշարում Հայաստանի հավաքականի կազմում Տաթեւ Հակոբյանը երկամարտում գրանցեց 231 կգ արդյունք եւ զբաղեցրեց 12-րդ տեղը: Եվրոպայի փոխչեմպիոնը պոկեց 106 կգ եւ հրեց 125 կգ:Տաթեւ Հակոբյանը 2013 թ. Եվրոպայի Մ17 առաջնության բրոնզե մեդալակիր է, 2017 թ. Եվրոպայի առաջնության բրոնզե մեդալակիր, Եվրոպայի Մ23 առաջնության արծաթե մեդալակիր, 2018 թ. Եվրոպայի Մ23 չեմպիոն: 2019 թ. Բաթումիում անցկացված Եվրոպայի առաջնությունում 4-րդն էր, նույն տարվա աշխարհի առաջնությունում՝ 10-րդ-ը: 2021 թ. աշխարհի առաջնությունում Հակոբյանը երկամարտի 230 կգ արդյունքով 5-րդն էր: 2022 թ. Եվրոպայի առաջնությունում ձախողելուց հետո, 2023 թ. Երեւանում անցկացված Եվրոպայի առաջնությունում Տաթեւ Հակոբյանը 76 կգ քաշային կարգում երկամարտի 226 կգ արդյունքով նվաճեց փոխչեմպիոնի կոչումը (104+122): Նույն տարում Սաուդյան Արաբիայի մայրաքաղաք Էր Ռիյադում անցկացված աշխարհի առաջնությունում Հակոբյանը 87 կգ քաշայինների պայքարում երկամարտի 237 կգ-ով գրավեց 5-րդ տեղը (105+132):Աշխարհի գավաթի խաղարկության բրոնզե մեդալակիր է: Լուսինե Շահբազյան՝ ԲաթումիիցՀետևեք NEWS.am SPORT-ին Facebook-ում, Twitter և Telegram-ում",Sport,https://sport.news.am/arm/news/166045/
"Աշխարհի գավաթ․ Դավիթ Չալոյանը հաղթեց աշխարհի փոխչեմպիոնին եւ եզրափակիչում է 
(տեսանյութ)","Բրազիլիայում անցկացվող բռնցքամարտի աշխարհի գավաթի խաղարկությունում աշխարհի փոխչեմպիոն, աշխարհի առաջնության բրոնզե մեդալակիր, գերծանր քաշային (90+) Դավիթ Չալոյանը դուրս է եկել եզրափակիչ։Հայաստանի ներկայացուցիչը կիսաեզրափակիչում  հաղթել է  աշխարհի փոխչեմպիոն, ուզբեկ Ջախոնգիր Զակիրովին և Աշխարհի գավաթի եզրափակիչում է։2025 թվականի WORLD BOXING-ի աշխարհի  փոխչեմպիոնի հետ պայքարում հայ մարզիկը շատ գրագետ մենամարտ է անցկացրել, հաղորդում է ՀԲՖ-ի մամուլի ծառայությունը։ Մրցակցին պահելով տարածության վրա՝ Չալոյանը ժամանակին տեղ է հասցրել հարվածները և կասկածի տակ չի դրել իր առավելությունը։Եզրափակիչում Չալոյանի մրցակիցը կլինի Ադրբեջանի ներկայացուցիչը։Հետևեք NEWS.am SPORT-ին Facebook-ում, Twitter և Telegram-ում",Sport,https://sport.news.am/arm/news/166046/
"Արտաշես Ներսիսյան․ Սպասում էի ավելին ու կարող էինք պայքարել թիմային հաշվարկում 
առաջինը լինելու համար","Ծանրամարտի կանանց Հայաստանի հավաքականի գլխավոր մարզիչ Արտաշես Ներսիսյանն ամփոփել է Եվրոպայի առաջնությունը:Կանանց Հայաստանի հավաքականը Բաթումիում ավարտվող ծանրամարտի Եվրոպայի առաջնությունում երկամարտի երկու մեդալ նվաճեց՝ մեկ ոսկե եւ մեկ արծաթե: Ընդհանուր հաշվարկով կանանց հավաքականն առանձին վարժությունների հանրագումարում 7 մեդալ է նվաճել:«Եվրոպայի մեծահասակների առաջնությունը մեր առաջին մրցաշարն էր այս մրցաշրջանում: Արդյունքներն, անձամբ ինձ համար, պակաս են: Աշխատելու շատ տեղ կա, մենք կարող էինք ավելին անել: Եթե չլիներ Աննա Ամրոյանի անհաջողությունը պոկում վարժությունում, թիմային հաշվարկում կարող էինք եւ կլինեինք առաջինը: Այս պահին եռյակում ենք թիմային հաշվարկում:Փոքր մեդալները միասին ընդհանուր հաշվարկով ունեցանք 7 մեդալ, որից 3-ը ոսկի, 2 արծաթե եւ 2 բրոնզ: Այսքանով աշխատանքը կհամարեմ բավարար: Կարելի էր ավելին անել:Մենք կորցրինք Ալեքսանդրա Գրիգորյանի երկամարտի ոսկե մեդալը, Աննա Ամրոյանի ոսկե մեդալը: Էմման Պողոսյանը շատ լավ հանդես եկավ: Լիանա Գյուրջյանը լավ չմասնակցեց: Եթե նա պոկումում լավ մասնակցեր, երկամարտում կունենայինք եւս մեկ մեդալ: Այս ամենը վերլուծելով, համարում եմ, որ Եվրոպայի առաջնությունում մեր արդյունքները բավարարից մի փոքր ավելի վատ են: Ես սպասում էի ավելին ու կարող էինք պայքարել թիմային հաշվարկում առաջինը լինելու համար: Ինձ համար այս առաջնությունը շատ պատասխանատու էր, քանի որ մասնակցում էիք թիմով: Շատ մոտ էինք թիմով Եվրոպայի չեմպիոն լինելուն: Ափսոսում եմ:Երկու տարի անց Եվրոպայի չեմպիոն ունեցանք, որն ուրախալի է: Չեմ կարող այս չեմպիոնությունն ինձ համար գնահատել գերազանց, քանի որ եթե այդպես կարծեմ, այլեւս չեմ կարող աշխատել: Շատ բարձր նվաճում է, բայց ես գիտեմ, թե իմ թիմն ինչի է ընդունակ Էմմայից բացի:Էմմա Պողոսյանի չեմպիոնությունը սպասելի էր, բայց վախենում էինք այդ մասին մտածել: Նախապես գուշակություններ չենք անում, չենք հայտարարում, գուցե Աստված լսի, չտա մեզ այդ հաղթանակը: Էմմա Պողոսյանը խոստումնալի ծանրորդ է: Հիմա նա բարձունքի վրա չի, այլ բարձրանալու վրա է: Եթե հիմա մի քիչ արգելակումներ չտանք, կարծում եմ, որ մինչեւ տարվա վերջ էլի կբարելավի իր կիլոգրամները եւ, հույս ունեմ, որ հաջորդ տարի օլիմպիական վարկանիշ ձեռք կբերի: Եթե այս տեմպով շարունակենք աշխատանքը՝ երկու երեք վարկանիշ կկարողանանք ունենալ:Ալեքսանդրա Գրիգորյանին պոկում վարժությունում աշխատանքը խանգարեց երկրորդ անգամ նվաճել չեմպիոնի տիտղոսը: Գաղտնիք չէ, որ Ալեքսանդրան պոկում վարժությունում մի փոքր կաղում է: Դեռ չենք կարողանում գտնել՝ ինչն է խնդիրը: Մենք, նա փորձում ենք գտնել, թե ինչն է պակասում, որ պոկում վարժությունում էլ պոկվի առաջ, նա կհաղթի: Հրում վարժությունում վարպետ է, պոկումում անվստահություն կա, զիջում է: Կգտնենք, որովհետեւ առանց դրա մեծ արդյունքներ սպասելն Ալեքսանդրայից ֆանտաստիկ կլինի:Տաթեւ Հակոբյանն ավարտեց կարիերան: Նա արդեն ամուսնացել է: Այս Եվրոպայի առաջնությունը շանս էր, որը տվեցի Տաթեւին հնարավորության դեպքում փոքր մեդալով կարիերան ավարտելու համար: Մենք գիտեինք, որ սա նրա վերջին մրցումն է: Ինչպես բարձրակարգ  մարզիկներն են ավարտում մեդալով, լավ տեղ ընկնելով, փորձեցինք մենք էլ նրա համար ստեղծել այդ հնարավորությունը: Տաթեւին մաղթում եմ բարի ճանապարհ, շատ երեխաներ ունենա՝ ծանրորդներ: Եթե կա սկիզբ, կա նաեւ ավարտ: Նա ավարտեց իր կարիերան որպես մարզուհի, բայց կարծում եմ, կսկսի մարզչական գործունեություն ծավալել: Տաթեւ Հակոբյանը շատ է ուզում դառնալ լավ մարզիչ: Վստահ եմ, որ նա մարզչական կարիերայում լավ արդյունքներ կունենա»,- ասաց Արտաշես Ներսիսյանը:Բաթումիում անցկացված ծանրամարտի Եվրոպայի առաջնությունում Արտաշես Ներսիսյանի գլխավորած հավաքականից չեմպիոնի տիտղոսը նվաճեց Էմմա Պողոսյանը (86 կգ): Երկամարտում նա հավաքել է 248 կգ արդյունք (107+141):  Ալեքսանդրա Գրիգորյանը (58 կգ) երկամարտի 210 կգ արդյունքով արծաթե մեդալակիր է (91+119), Աննա Ամրոյանը (77 կգ) հրում վարժությունում 136 կգ արդյունքով փոքր ոսկե մեդալ է նվաճել եւ երիտասարդների ռեկորդ սահմանել:Հայաստանի հավաքականը Եվրոպայի առաջնությանը մասնակցում էր 8 ծանրորդով:Լուսինե Շահբազյան՝ ԲաթումիիցՀետևեք NEWS.am SPORT-ին Facebook-ում, Twitter և Telegram-ում",Sport,https://sport.news.am/arm/news/166047/
"Ծանրամարտի ԵԱ. Վարազդատ Լալայանը փոքր ոսկե մեդալակիր է պոկում վարժությունում 
(ֆոտո, վիդեո)","Վրաստանի Բաթումի քաղաքում ավարտվող ծանրամարտի Եվրոպայի առաջնությունում Վարազդատ Լալայանը հավասարը չունեցավ +110 կգ քաշայինների պոկում վարժությունում:Օլիմպիական փոխչմեպիոն, աշխարհի եւ Եվրոպայի կրկնակի չեմպիոն Վարազդատ Լալայանը մրցահարթակ դուրս եկավ վերջինը եւ առաջին մոտեցմամբ պոկեց 200 կգ: Երկրորդ մոտեցման համար Հայաստանի առաջատարը պատվիրեց 210 կգ, որը նույնպես պոկեց: Երրորդ մոտեցումից նա հրաժարվեց:Երկրորդ տեղում չեզոք դրոշի ներքո հանդես եկող Դանին Վագացիեւն է, որ Լալայանից հետո է 18 կգ-ով:Ընդիմջում է:Հրում վարժությունում Լալայանը պայքարը կսկսի 240 կգ-ով:Հետևեք NEWS.am SPORT-ին Facebook-ում, Twitter և Telegram-ում",Sport,https://sport.news.am/arm/news/166048/
«Գանձասարը» կամային հաղթանակ տարավ «Շիրակի» նկատմամբ՝ 3:2 (տեսանյութ),"Ֆուտբոլի Հայաստանի Պրեմիեր լիգայի առաջնության 23-րդ տուրում «Գանձասարն» ընդունեց Գյումրիի «Շիրակին» եւ հասավ կամային հաղթանակի 3:2 հաշվով։22-րդ րոպեին հանդիպման հաշիվը բացեց «Շիրակի» կիսապաշտպան Ռաֆիկ Միսակյանը։ 42-րդ րոպեին հյուրերի առավելությունը կրկնապատկեց կիսապաշտպան Նարեկ Ջանոյանը։79-րդ րոպեին հաշվի տարբերությունը կրճատեց «Գանձասարի» գանացի պաշտպան Անան Մենսան։ Երկրորդ գոլը խփեց գանացի պաշտպան Մայքլ Քաուարկուն, որն աչքի ընկավ 89-րդ րոպեին։ «Գանձասարի» հաղթական գոլն ավելացված 5-րդ րոպեին խփեց պաշտպան Արման Խաչատրյանը։։«Գանձասարը» (22 խաղ) 21 միավորով 7-րդն է, «Շիրակը» (23 խաղ) նախավերջինն է՝ 12 միավոր։Հետևեք NEWS.am SPORT-ին Facebook-ում, Twitter և Telegram-ում",Sport,https://sport.news.am/arm/news/166049/
Վարազդատ Լալայանը՝ Եվրոպայի եռակի չեմպիոն,"Օլիմպիական փոխչմեպիոն, աշխարհի եւ Եվրոպայի կրկնակի չեմպիոն Վարազդատ Լալայանը հավասարը չունեցավ Վրաստանի Բաթումի քաղաքում ավարտված ծանրամարտի Եվրոպայի առաջնությունում: +110 կգ քաշայինների պայքարում երկամարտի 451 կգ արդյունքով Լալայանը երրորդ անգամ կարիերայում նվաճեց չեմպիոնի տիտղոսը (210+241 ):Լալայանը երկու վարժություններում էլ պայքարը սկսեց այն ժամանակ, երբ բոլորն ավարտել էին իրենց մցրելույթները: Պոկում վարժությունում նա առաջին մոտեցմամբ բարձրացրեց 200 կգ, երկրորդ մոտեցմամբ՝ 210 կգ: Երրորդ մոտեցումից հրաժարվեց: Լալայանն այս վարժությունում 18 կգ-ով գերազանցեց երկրորդ տեղը զբաղեցրած Դանիլ Վագացիեւին:Հրում վարժությունում Լալայանը բարձրացրեց 241 կգ, երկրորդ մոտեցմամբ փորձեց ռեկորդ սահմանել եւ հրել 253 կգ, բայց փախողեց: Երրորդ մոտեցմամբ եւս չկարողացավ հրել 253 կգը:Լալայանի մասնակցությամբ +110 կգ քաշայինների պայքարին մարզադահլիճում հետեւեւմ է եռակի օլիմպիական չեմպիոն, 7-ակի աշխարհի եւ Եվրոպայի չեմպիոն Լաշա Տալախաձեն:NEWS.am Sport-ի թղթակցի հետ զրույցում Տալախաձեն նշել էր, որ այսօրվա պայքարում եւ Եվրոպայում իր ֆավորիտը Վարազդատ Լալայանն է:Հետևեք NEWS.am SPORT-ին Facebook-ում, Twitter և Telegram-ում",Sport,https://sport.news.am/arm/news/166050/
Վարազդատ Լալայանը պարգեւատրվեց Եվրոպայի առաջնության երեք ոսկե մեդալներով (ուղիղ),"Բաթումիի «Sport Palace Arena»-ում տեղի ունեցավ տղամարդկանց +110 կգ քաշայինների պարգեւատրման արարողությունը: Վարազդատ Լալայանը պարգեւատրվեց երեք ոսկե մեդալներով՝ երկամարտի եւ փոքր ոսկե մեդալներով:Օլիմպիական փոխչմեպիոն, աշխարհի եւ Եվրոպայի կրկնակի չեմպիոն Վարազդատ Լալայանը հավասարը չունեցավ Վրաստանի Բաթումի քաղաքում ավարտված ծանրամարտի Եվրոպայի առաջնությունում: +110 կգ քաշայինների պայքարում երկամարտի 451 կգ արդյունքով Լալայանը երրորդ անգամ կարիերայում նվաճեց չեմպիոնի տիտղոսը (210+241 ):Այս քաշային կարգում արծաթե մեդալակիր դարձավ ռուս Դանիլ Վագաիցեւը՝ 425 կգ (192+233), բրոնզե մեդալակիր դարձավ ռուս Տիմուր Նանիեւը 418 (191+227):Բաթումիի մրցահարթակում Վարազդատ Լալայանի պատվին հնչեց Հայաստանի հիմնը: Լալայանին պարգեւատրեց եռակի օլիմպիական չեմպիոն, 7-ակի աշխարհի եւ Եվրոպայի չեմպիոն Լաշա Տալախաձեն:Հետևեք NEWS.am SPORT-ին Facebook-ում, Twitter և Telegram-ում",Sport,https://sport.news.am/arm/news/166051/
ԵԱ․ Արսեն Հարությունյանը՝ բրոնզե մեդալակիր,"Ազատ ոճի ըմբշամարտի աշխարհի առաջնությունների քառակի բրոնզե մեդալակիր, Եվրոպայի քառակի չեմպիոն Արսեն Հարությունյանը նվաճեց Ալբանիայի մայրաքաղաք Տիրանայում անցկացվող Եվրոպայի առաջնության բրոնզե մեդալը։61 կգ քաշային կարգում Արեն Հարությունյանը բրոնզե մեդալի համար գոտեմարտում 7:2 հաշվով հաղթեց Բելառուսի ներկայացուցիչ Դմիտրի Շամելային։Նա երկրորդ անգամ դարձավ Եվրոպայի առաջնության բրոնզե մեդալակիր։Արսեն Հարությունյանը քառորդ եզրափակիչում ժամանակից շուտ 11:1 հաշվով առավելության էր հասել Ուկրաինայի ներկայացուցիչ Կամիլ Կերիմովի նկատմամբ։ Կիսաեզրափակիչում նա գոտեմարտեց աշխարհի ու Եվրոպայի գործող չեմպիոն, օլիմպիական չեմպիոն Զավուր Ուգուևի (Ռուսաստան) հետ, որը հաղթեց տուշեով՝ 4:3:Հետևեք NEWS.am SPORT-ին Facebook-ում, Twitter և Telegram-ում",Sport,https://sport.news.am/arm/news/166052/
«Ինտերի» մեկնարկային կազմը,"Իտալիայի առաջնության 34-րդ տուրում փոխչեմպիոն «Ինտերը» կհյուրընկալվի «Տորինոյին»։ Միլանյան թիմի ռումինացի գլխավոր մարզիչ Կրիստիան Կիվուն հրապարակել է մեկնարկային կազմը՝ Հայաստանի հավաքականի նախկին ավագ, կիսապաշտպան Հենրիխ Մխիթարյանին թողնելով պահեստայինների թվում։«Ինտեր»․ Զոմեր, Բիսեկ, Ականջի, Աուգուստո, Դարմիան, Բարելա, Զելինսկի, Սուչիչ, Դիմարկո, Բոնի, Տյուրամ։ «Տորինո» - «Ինտեր» հանդիպումը կմեկնարկի Երեւանի ժամանակով 20:00-ին։Հետևեք NEWS.am SPORT-ին Facebook-ում, Twitter և Telegram-ում",Sport,https://sport.news.am/arm/news/166053/
"Վարազդատ Լալայան․ Եթե Լաշա Տալախաձեն ցանկանում է վերադառնալ եւ մրցել ինձ հետ, ես 
սպասում եմ նրան","Շատ ուրախ եմ այս հաղթանակի համար: Աշխարհի առաջնությանը  կներկայանամ ավելի բարձր կիլոգրամներով եւ ավելի լավ մարզավիճակում: Եթե Լաշա Տալախաձեն մարզվում է, ցանկանում է վերադառնալ եւ մրցել ինձ հետ, ես սպասում եմ նրան: Շատ ուրախ կլինեմ նրան նորից տեսնել մրցահարթակում եւ պայքարում:Այս մասին NEWS.am Sport-ի թղթակցի հետ զրույցում ասաց Եվրոպայի եռակի չեմպիոն Վարազդատ Լալայանը:«Շատ ուրախ եմ երրորդ չեմպիոնության համար: Այսօր ավելի քիչ էի պատրաստ, ավելի քիչ էի մարզավիճակ հավաքել: Նորմալ էին այն կլիոգրամները, որոնք արեցի: Գիտեի, որ այդքանը բավարար է չեմպիոն դառնալու համար: Հրում վարժության վերջին երկու մոտեցմանը եկա այն ժամանակ, երբ արդեն նվաճել էի չեմպիոնի կոչումը: Եկել էի մրցաշարի լավագույն մարզիկ դառնալու նպատակով, բայց չստացվեց: Շատ եմ բարձրացրել 253 կգ, դրանից ավելի՝ նույնպես:Աշխարհի առաջնությանն ավելի բարձր կիլոգրամներով կներկայանամ թե՛ պոկում, թե՛ հրում վարժություններում:Ինձ համար բոլոր ոսկե մեդալները կարեւորություն ունեն: Չեմ առանձնացնում այս մեդալը, ինձ համար բոլորն էլ թանկ են: Այս մեդալներն իմ կյանքից, իմ ուժից, իմ ամեն ինչից մի մասնիկ է, որ ձեռք եմ բերել:Այսօր մրցակցություն չտեսա, նույնիսկ տեղյակ չեմ, թե որքան է բարձրացրել երկրորդ տեղը զբաղեցրած մարզիկը: Հարգում եմ բոլորին, որպես մարզիկ, նրանց բարձրացրած կիլոգրամները: Փորձում են մոտենալ, դեռ պետք է փորձեն, մոտենան: Ես էլ եմ փորձել, մոտեցել: Հարգում եմ բոլոր իմ մրցակիցներին, նրանց արած աշխատանքը»,- ասաց Վարազդատ Լալայանը:Հարցին, թե կցանկանա արդյոք պայքարի մեջ տեսնել Լաշա Տալախաձեին, որն այսօր NEWS.am Sport-ի թղթակցի հետ զրույցում խոսել էր իր հավանական վերադարձի մասին, Վարազդատ Լալայանն ասաց.«Եթե նա վերադառնա, ինձ թվում է՝ ես ավելի ուրախ կլինեմ, որովհետեւ այն, ինչ Փարիզում չստացվեց, այդ ժամանակ արդեն կարող է եւ ստացվի: Եթե Լաշան մարզվում է, պատրաստվում է Լոս Անջելես-2028-ին, նրան հաջողություն եմ մաղթում, սպասում եմ նրան, նրն հետ մրցակցությանը, եթե ուզում է մրցենք միասին: Շատ հարգում եւ սիրում եմ Լաշա Տալախաձեին, թե՛ որպես մարդ, թե՛ որպես մարզիկ»,- նշեց Վարազդատ Լալայանը:Փարիզի Օլիմպիական խաղերի փոխչեմպիոն Վարազդատ Լալայանը Բաթումիում ավարտված Եվրոպայի առաջնությունում երկամարտի  451 կգ արդյունքով երրորդ անգամ նվաճեց չեմպիոնի տիտղոսը:Լուսինե Շահբազյան՝ ԲաթումիիցՀետևեք NEWS.am SPORT-ին Facebook-ում, Twitter և Telegram-ում",Sport,https://sport.news.am/arm/news/166054/
«Ուրարտուն» ուժեղ էր «Վանից» (տեսանյութ),"Ֆուտբոլի Հայաստանի Պրեմիեր լիգայի առաջնության 16-րդ տուրից տեղափոխված խաղում Երեւանի «Ուրարտուն» ընդունեց Չարենցավանի «Վանին» եւ առավելության հասավ 2:0 հաշվով։Աչքի ընկան հարձակվող Նիկոլաս Կալուկյանն ու ռուսաստանցի կիսապաշտպան Օլեգ Պոլյակովը։«Ուրարտուն» (23 խաղ) 45 միավորով երկրորդն է, «Վանը» (23 խաղ) 6-րդն է՝ 25 միավոր։ Հայաստանի առաջնություն, 16-րդ տուր«Ուրարտու» - «Վան»՝ 2:0Նիկոլաս Կալուկյան, 11, Օլեգ Պոլյակով, 29Հետևեք NEWS.am SPORT-ին Facebook-ում, Twitter և Telegram-ում",Sport,https://sport.news.am/arm/news/166055/
Անգլիայի գավաթ․ «Չելսին» եզրափակիչում է (տեսանյութ),"Աշխարհի ակումբային չեմպիոն Լոնդոնի «Չելսին» դուրս եկավ Անգլիայի գավաթի խաղարկության եզրափակիչ։«Չելսին» կիսաեզրափակիչում ընդունեց «Լիդս Յունայթեդին» եւ հաղթեց 1:0 հաշվով։23-րդ րոպեին աչքի ընկավ արգենտինացի կիսապաշտպան Էնցո Ֆերնանդեսը (տեսանյութ)։Եզրափակիչում «Չելսիի» մրցակիցը կլինի «Մանչեսթեր Սիթին», որը կիսաեզրափակիչում 2:1 հաշվով հաղթել էր «Սաութհեմփթոնին»։Հետևեք NEWS.am SPORT-ին Facebook-ում, Twitter և Telegram-ում",Sport,https://sport.news.am/arm/news/166056/
«Կրասնոդարը» հաղթեց «Դինամոյին» եւ առաջատարն է,"Ռուսաստանի Պրեմիեր լիգայի առաջնության 27-րդ տուրում չեմպիոն «Կրասնոդարը» տանը 2:1 հաշվով հաղթեց Մախաչկալայի «Դինամոյին»։36-րդ րոպեին 11-մետրանոցը չկարողացավ արդյունավետ իրացնել «Կրասնոդարի» եւ Հայաստանի հավաքականի ավագ, կիսապաշտպան Էդուարդ Սպերցյանը։Դաշտի տերերի հաղթական գոլը 67-րդ րոպեին խփեց կոլումբացի հարձակվող Ջոն Կորդոբան։«Կրասնոդարը» 60 միավորով գլխավորում է մրցաշարային աղյուսակը։Ռուսաստանի առաջնություն, 27-րդ տուր«Կրասնոդար» - «Դինամո» (Մախաչկալա)՝ 2:1Նիկիտա Կրիվցով, 29, Ջոն Կորդոբա, 67 – Դիեգո Կոստա, 4 (ինքնագոլ)Չիրացրած 11մ՝ Էդուարդ Սպերցյան («Կրասնոդար»), 36 Հեռացում՝ Միրո («Դինամո»), 90+5Հետևեք NEWS.am SPORT-ին Facebook-ում, Twitter և Telegram-ում",Sport,https://sport.news.am/arm/news/166057/
«Ինտերը» բաց թողեց 2 գոլի առավելությունը (տեսանյութ),"Իտալիայի առաջնության 34-րդ տուրում փոխչեմպիոն Միլանի «Ինտերը» հյուրընկալվեց «Տորինոյին» եւ բաց թողեց 2:0-ի առավելությունը։23-րդ րոպեին հանդիպման հաշիվը բացեց «Ինտերի» ֆրանսիացի հարձակվող Մարկուս Տյուրամը։ 61-րդ րոպեին հյուրերի առավելությունը կրկնապատկեց գերմանացի պաշտպան Յան Բիսեկը։70-րդ րոպեին հաշվի տարբերությունը կրճատել է արգենտինացի հարձակվող Ջովանի Սիմեոնեն։ 79-րդ րոպեին 11-մետրանոցն արդյունավետ իրացրեց «Տորինոյի» խորվաթ կիսապաշտպան Նիկոլա Վլաշիչը։Հայաստանի հավաքականի նախկին ավագ, 37-ամյա կիսապաշտպան Հենրիխ Մխիթարյանն «Ինտերի» պահեստայինների թվում էր եւ փոխարինման դուրս եկավ 80-րդ րոպեին։«Ինտերը» 79 միավորո գլխավորում է մրցաշարային աղյուսակը եւ 10 միավոր է երկրորդ տեղում գտնվող չեմպիոն «Նապոլիից»։ «Տորինոն» 13-րդն է՝ 41 միավոր։Իտալիայի առաջնություն, 34-րդ տուր«Տորինո» - «Ինտեր»՝ 2:2 (տեսանյութ)Ջովանի Սիմեոնե, 70, Նիկոլա Վլաշիչ,79, 11մ - Մարկուս Տյուրամ, 23, Յան Բիսեկ, 61Հետևեք NEWS.am SPORT-ին Facebook-ում, Twitter և Telegram-ում",Sport,https://sport.news.am/arm/news/166058/
Հայաստանի հավաքականը լավագույնն է ծանրամարտի ԵԱ-ում,"Ծանրամարտի տղամարդկանց Հայաստանի հավաքականը լավագույնն է Բաթումիում ավարտված Եվրոպայի առաջնությունում։Երկրորդ տարին անընդմեջ տղամարդկանց Հայաստանի հավաքականը Եվրոպայի առաջնության թիմային հաշվարկի հաղթողն է:Կանանց Հայաստանի հավաքականը թիմային հաշվարկում երրորդն է:Հայաստանի առաջին մեդալը Բաթումիում նվաճել է Գառնիկ Չոլակյանը: 60 կգ քաշայինների պայքարում Չոլակյանը դարձավ Եվրոպայի փոխչեմպիոն: Երկամարտում նա հավաքեց 274 կգ (124+150): 71 կգ քաշային կարգում երկամարտի 330 կգ արդյունքով փոխչեմպիոն է հռչակվել Գոռ Սահակյանը (150+180):79 կգ քաշայինների պայքարում Մարտին Պողոսյանը երկամարտի 338 կգ արդյունքով նվաճել է բրոնզե մեդալ (152+186): Կանանց հավաքականից Ալեքսանդրա Գրիգորյանը (58 կգ) երկամարտի 210 կգ արդյունքով նվաճել է արծաթե մեդալ (91+119), Աննա Ամրոյանը (77 կգ) հրում վարժությունում 136 կգ արդյունքով փոքր ոսկե մեդալ է նվաճել եւ երիտասարդների ռեկորդ սահմանել:Ապրիլի 24-ին Հայաստանի առաջին ոսկե մեդալը նվաճել է Էմմա Պողոսյանը (86 կգ): Երկամարտում նա հավաքել է 248 կգ արդյունք (107+141): Եվրոպայի փոխչեմպիոն է դարձել Արա Աղանյանը (94 կգ): Երկամարտում նա գրանցել է 381 կգ արդյունք (175+206)։Ապրիլի 25-ին տղամարդկանց 110 կգ քաշայինների պայքարում Գարիկ Կարապետյանը երկամարտի 415 կգ արդյունքով երրորդ անգամ նվաճեց չեմպիոնի տիտղոսը (189+226):+110 կգ քաշայինների պայքարում երկամարտի 451 կգ արդյունքով օլիմպիական փոխչմեպիոն, աշխարհի չեմպիոն  Վարազդատ Լալայանը երրորդ անգամ կարիերայում նվաճեց չեմպիոնի տիտղոսը (210+241):Հայաստանի հավաքականները Եվրոպայի առաջնությանը մասնակցում էին 16 ծանրորդով՝ 8 տղամարդ, 8 կին:Հետևեք NEWS.am SPORT-ին Facebook-ում, Twitter և Telegram-ում",Sport,https://sport.news.am/arm/news/166059/
Նաիր Թիկնիզյանը «Ցրվենա Զվեզդայի» կազմում դարձավ Սերբիայի չեմպիոն,"Հայաստանի հավաքականի եզրային պաշտպան Նաիր Թիկնիզյանը Բելգրադի «Ցրվենա Զվեզդայի» կազմում դարձավ Սերբիայի չեմպիոն։Առաջնության ավարտից չորս տուր առաջ «Ցրվենա Զվեզդան» դարձավ անհասանելի մրցակիցների համար։33-րդ տուրում «Ցրվենա Զվեզդան» բելգրադյան դերբիում 3:0 հաշվով պարտության մատնեց «Պարտիզանին»  եւ վաստակեց 82 միավոր։ Երկրորդ տեղում գտնվող «Պարտիզանն» ունի 65 միավոր։«Ցրվենա Զվեզդան» շարունակում է պայքարը Եվրոպայի լիգայում եւ Սերբիայի գավաթի խաղարկությունում։Հետևեք NEWS.am SPORT-ին Facebook-ում, Twitter և Telegram-ում",Sport,https://sport.news.am/arm/news/166060/
«Միլանն» ու «Յուվենտուսը» հաղթողին չպարզեցին,"Իտալիայի առաջնության 34-րդ տուրում «Միլանն» ընդունեց «Յուվենտուսին»։Գրանցվեց ոչ ոքի։ Թիմերը գոլ չխփեցին՝ 0:0։«Միլանը» 67 միավորով երրորդն է։ «Յուվենտուսը» չորրորդ տեղում է՝ 64 միավոր։Հետևեք NEWS.am SPORT-ին Facebook-ում, Twitter և Telegram-ում",Sport,https://sport.news.am/arm/news/166061/
Կիվու․ Պետք է արժանին մատուցել մրցակցին,"Իտալիայի փոխչեմպիոն Միլանի «Ինտերի» ռումինացի գլխավոր մարզիչ Կրիստիան Կիվուն մեկնաբանել է «Տորինոյի» հետ ոչ ոքի արդյունքը (2:2) Իտալիայի առաջնության 34-րդ տուրի արտագնա խաղում, որի ընթացում «Ինտերը» հաղթում էր 2:0 հաշվով։«Պետք է արժանին մատուցել մրցակցին։ Չդիմացանք նրանց ճնշմանը, իսկ մրցակիցը մինչեւ վերջին պահը հավատում էր իր ուժերին, դրսեւորեց կամք եւ բարդացրեց մեր խնդիրը։Հնարավոր է՝ ամեն ինչ կարող էր ավելի վատ ավարտվել մեզ համար։ Մենք փորձում էինք հաղթահարել դժվարությունները, փոխարինման դուրս եկած ֆուտբոլիստներն էլ արեցին հնարավոր ամեն ինչ։Մենք հանգիստ ենք եւ ցանկանում ենք իրականացնել մեր երազանքն ինչքան հնարավոր է շուտ»,- Կիվուի խոսքը մեջբերում է Football Italia-ն։«Ինտերը» 79 միավորով գլխավորում է մրցաշարային աղյուսակը եւ 10 միավոր առաջ է երկրորդ տեղում գտնվող չեմպիոն «Նապոլիից»։Հետևեք NEWS.am SPORT-ին Facebook-ում, Twitter և Telegram-ում",Sport,https://sport.news.am/arm/news/166062/
Մոհամեդ Սալահը ծանր վնավասծք է ստացել,"Անգլիայի չեմպիոն «Լիվերպուլի» եւ Եգիպտոսի հավաքականի հարձակվող Մոհամեդ Սալահը ծնկատակի ջլի վնասվածք է ստացել «Քրիսթալ Փելասի» դեմ Պրեմիեր լիգայի 34-րդ տուրի խաղում։ «Լիվերպուլը» հաղթել էր 3:1 հաշվով։Սալահն այլեւս չի խաղա «Լիվերպուլի» մարզաշապիկով։ 33-ամյա ֆուտբոլիստի վերականգնման համար կպահանջվի առնվազն մեկ ամիս, հաղորդում է Reuters-ը։ Սալահն ու «Լիվերպուլը» հայտարարել էին այս մրցաշրջանի ավարտից հետո համագործակցությունն ավարտելու մասին։ Նա կստանա ազատ գործակալի կարգավիճակ։Սպասվում է, որ Մոհամեդ Սալահը պատրաստ կլինի հունիս-հուլիսին ԱՄՆ-ում, Մեքսիկայում եւ Կանադայում անցկացվելիք աշխարհի առաջնությանը, որի խմբային փուլում Եգիպտոսի մրցակիցները կլինեն Բելգիան, Նոր Զելանդիան եւ Իրանը։ Ընթացիկ մրցաշրջանում Սալահը «Լիվերպուլի» կազմում մասնակցել է 39 հանդիպման, խփել է 12 գոլ, կատարել 9 գոլային փոխանցում։Հետևեք NEWS.am SPORT-ին Facebook-ում, Twitter և Telegram-ում",Sport,https://sport.news.am/arm/news/166063/
Աշխարհի գավաթ․ Դավիթ Չալոյանն՝ արծաթե մեդալակիր (տեսանյութ),"Բրազիլիայում ավարտված բռնցքամարտի աշխարհի գավաթի խաղարկությունում աշխարհի փոխչեմպիոն, աշխարհի առաջնության բրոնզե մեդալակիր, գերծանր քաշային (90+) Դավիթ Չալոյանը նվաճեց արծաթե մեդալ։Հայաստանի ներկայացուցիչը եզրափակիչ մենամարտւ մրցավարների ոչ միաձայն որոշմամբ տանուլ տվեց ադրբեջանցի Մահամադ Աբդուլաեւին։Կիսաեզրափակիչում Դավիթ Չալոյանը  հաղթել էր  աշխարհի փոխչեմպիոն, ուզբեկ Ջախոնգիր Զակիրովին։Աշխարհի գավաթն անցկացնում էր WORLD BOXING-ը, որն IBA-ին այլընտրանքային համաշխարհային ասոցիացիան է։ Միջազգային օլիմպիական կոմիտեն ճանաչում է WORLD BOXING-ին, որն էլ կկազմակերպի օլիմպիական մրցաշարը։Հետևեք NEWS.am SPORT-ին Facebook-ում, Twitter և Telegram-ում",Sport,https://sport.news.am/arm/news/166064/
Ֆրանսիայի առաջնություն․ 31-րդ տուրի արդյունքներն ու մրցաշարային դրությունը,"Ֆուտբոլի Ֆրանսիայի առաջնությունում ավարտվել են 31-րդ տուրի հանդիպումները։Առաջատարը չեմպիոն ՊՍԺ-ն է, որը 30 խաղից հետո ունի 69 միավոր։Ֆրանսիայի առաջնություն, 31-րդ տուր«Բրեստ» - «Լանս»՝ 3:3«Լիոն» - «Օսեր»՝ 3:2«Անժե» - ՊՍԺ՝ 0:3«Թուլուզ» - «Մոնակո»՝ 2:2«Լորիան» - «Ստրասբուրգ»՝ 2:3«Հավր» - «Մեց»՝ 4:4«Փարիզ» - «Լիլ»՝ 0:1«Ռեն» - «Նանտ»՝ 2:1«Մարսել» - «Նիցա»՝ 1:1Հետևեք NEWS.am SPORT-ին Facebook-ում, Twitter և Telegram-ում",Sport,https://sport.news.am/arm/news/166065/
Մարկո Ռոյսի դուբլը հաղթանակ բերեց «Լոս Անջելես Գելաքսիին» (տեսանյութ),"ՄԼՍ-ի կանոնավոր առաջնության խաղում «Լոս Անջելես Գելաքսին» 2:1 հաշվով հաղթել է «Ռեալ Սոլթ Լեյքին»։Դաշտի տերերի կազմում դուբլի հեղինակ է դարձել գերմանացի հարձակվող Մարկո Ռոյսը։ՄԼՍ-ի ընթացիկ մրցաշրջանում Ռոյսը մասնակցել է 10 հանդիպման, խփել է 4 գոլ, կատարել 3 գոլային փոխանցում։Արեւմտյան կոնֆերեցիայում «Լոս Անջելես Գելաքսին» 10 խաղից հետո 12 միավորով 10-րդ տեղում է։ՄԼՍ, կանոնավոր առաջնություն«Լոս Անջելես Գելաքսի» - «Ռեալ Սոլթ Լեյք»՝ 2:1Մարկո Ռոյս, 9, 85 – Ջեյմս Մարսինկովսկի, 45+5, ինքնագոլՀետևեք NEWS.am SPORT-ին Facebook-ում, Twitter և Telegram-ում",Sport,https://sport.news.am/arm/news/166066/
Մբապեն բաց կթողնի մրցաշրջանի վերջնամասը,"Մադրիդի «Ռեալի» ֆրանսիացի հարձակվող Կիլիան Մբապեն վնասվածքի պատճառով բաց կթողնի ակումբային մրցաշրջանի վերջնամասը, հաղորդում է El Chiringuito TV-ն։ Մբապեն ձախ տնկատակի ջլի հետ կապված խնդիրներ ունի։ Նա փոխարինվել էր «Բետիսի» դեմ Իսպանիայի առաջնության 32-րդ տուրի հանդիպման (1:1) 81-րդ րոպեին։Լա Լիգայի ընթացիկ մրցաշրջանում Մբապեն մասնակցել է 28 հանդիպման, խփել է 24 գոլ, կատարել 4 գոլային փոխանցում։Transfermarkt-ը 27-ամյա ֆուտբոլիստի տրանսֆերային արժեքը գնահատում է 200 միլիոն եվրո։Հետևեք NEWS.am SPORT-ին Facebook-ում, Twitter և Telegram-ում",Sport,https://sport.news.am/arm/news/166067/
NBA. Օրվա արդյունքներն ու լավագույն դրվագները (տեսանյութ),"Բասկետբոլի ազգային ասոցիացիայի առաջնությունում տեղի են ունեցել փլեյ-օֆֆի առաջին շրջանի հերթական հանդիպումները․«Տորոնտո Ռեփթորս» - «Քլիվլենդ Քավալիերս»՝ 93:89 (շարքի ընդհանուր հաշիվը՝ 2-2)«Պորտլենդ Թրեյլ Բլեյզերս» - «Սան Անտոնիո Սփյորս»՝ 93:114 (1-3)«Ֆիլադելֆիա Սիքսերս» - «Բոստոն Սելթիքս»՝ 96:128 (1-3)«Հյուսթոն Ռոքեթս» - «Լոս Անջելես Լեյքերս»՝ 115:96 (1-3)Հետևեք NEWS.am SPORT-ին Facebook-ում, Twitter և Telegram-ում",Sport,https://sport.news.am/arm/news/166069/
«Բավարիայի» պատմական ռեկորդը,"Գերմանիայի չեմպիոն Մյունխենի «Բավարիան» պատմական ռեկորդ է գրանցել Բունդեսլիգայում՝ 31-րդ տուրում հյուրընկալվելիս «Մայնցին» 4:3 հաշվով հաղթելու շնորհիվ, հաղորդում է Bayern & Germany-ն։«Բավարիան» միակ թիմն է, որը Բունդեսլիգայի մեկ մրցաշրջանի արտագնա հանդիպումներում խփել է 50 եւ ավելի գոլ։Բելգիացի Վենսան Կոմպանիի գլխավորած թիմը մրցակիցների խաղադաշտերում խփել է 53 գոլ։ Ընթացիկ առաջնությունում «Բավարիան» եւս մեկ արտագնա խաղ ունի «Վուլֆսբուրգի» դեմ։Հետևեք NEWS.am SPORT-ին Facebook-ում, Twitter և Telegram-ում",Sport,https://sport.news.am/arm/news/166070/
Բունդեսլիգա․ 31-րդ տուրի արդյունքներն ու մրցաշարային դրությունը,"Ֆուտբոլի Գերմանիայի Բունդեսլիգայի առաջնությունում ավարտվել են 31-րդ տուրի հանդիպումները։Նորընծա չեմպիոն «Բավարիան» մրցաշարային աղյուսակը գլխավորում է 82 միավորով։ Երկրորդ տեղում է Դորտմունդի «Բորուսիան»՝ 67 միավոր։Գերմանիայի առաջնություն, 31-րդ տուր«ՌԲ Լայպցիգ» - «Ունիոն Բեռլին»՝ 3:1«Աուգսբուրգ» - «Այնտրախտ»՝ 1:1«Քյոլն» - «Բայեր»՝ 1:2«Հայդենհայմ» - «Սանկտ Պաուլի»՝ 2:0«Մայնց» - «Բավարիա»՝ 3:4«Վոլֆսբուրգ» - «Բորուսիա Մյոնխենգլադբախ»՝ 0:0«Համբուրգ» - «Հոֆենհայմ»՝ 1:2«Շտուտգարտ» - «Վերդեր»՝ 1:1«Բորուսիա Դորտմունդ» - «Ֆրայբուրգ»՝ 4:0Հետևեք NEWS.am SPORT-ին Facebook-ում, Twitter և Telegram-ում",Sport,https://sport.news.am/arm/news/166071/
«Ֆոքսիսը»՝ բասկետբոլի կանանց Հայաստանի առաջնության չեմպիոն,"«Ֆոքսիսը» նվաճեց բասկետբոլի կանանց Հայաստանի  առաջնության չեմպիոնի տիտղոսը։ Եզրափակիչում թիմը 63:48 հաշվով առավելության հասավ «Արցախ Գոլսի (Շենգավիթ)» նկատմամբ։Հանդիպման ամենաարդյունավետ խաղացող է ճանաչվել Սուսաննա Խաչատրյանը («Ֆոքսիս»)։ Նա վաստակել է 27 միավոր, 20 անգամ տիրել է օղակից անդրադարձող գնդակին և կատարել 1 արդյունավետ փոխանցում։Երրորդ տեղի համար պայքարում «Հատիսը» 92:70 հաշվով հաղթել է ՀԱԹ-ին։Հետևեք NEWS.am SPORT-ին Facebook-ում, Twitter և Telegram-ում",Sport,https://sport.news.am/arm/news/166072/
ԵԱ․ Ազատ ոճի ըմբշամարտի Հայաստանի հավաքականը երրորդն է,"Ազատ ոճի ըմբշամարտի Հայաստանի հավաքականը Ալբանիայի մայրաքաղաք Տիրանայում ավարտված Եվրոպայի առաջնության թիմային հաշվարկում գրավել է 3-րդ տեղը։57 կգ քաշային Մանվել Խնձրցյանը, 61 կգ քաշային Արսեն Հարությունյանն ու 65 կգ քաշային Վազգեն Թեւանյանը դարձել էին բրոնզե մեդալակիր։Հիշեցնենք, որ հունահռոմեական ոճի ըմբշամարտի Հայաստանի թիմը նվաճել էր 1-ական ոսկե, արծաթե եւ 3 բրոնզե մեդալ։5-րդ անգամ Եվրոպայի չեմպիոն էր հռչակվել 77 կգ քաշային Մալխաս Ամոյանը։ 60 կգ քաշային Սուրեն Աղաջանյանը դարձել էր արծաթե մեդալակիր։Բրոնզե մեդալ էին նվաճել Կարեն Ասլանյանը (63 կգ), Սլավիկ Գալստյանը (67 կգ) եւ Գասպար Տերտերյանը (72 կգ)։Հետևեք NEWS.am SPORT-ին Facebook-ում, Twitter և Telegram-ում",Sport,https://sport.news.am/arm/news/166073/
«Կրասնոդարի» մարզիչ. Սպերցյանը մեր առաջատարն է,"Ռուսաստանի չեմպիոն «Կրասնոդարի» գլխավոր մարզիչ Մուրադ Մուսաեւը պատմել է, թե ինչու է ռուսական Պրեմիեր լիգայի երկրորդ խաղում անընդմեջ փոխարինել թիմի ավագ, Հայաստանի հավաքականի կիսապաշտպան Էդուարդ Սպերցյանին։Ռուսաստանի առաջնության 27–րդ տուրում «Կրասնոդարը» 2։1 հաշվով հաղթել է Մախաչկալայի «Դինամոյին» եւ առաջատարն է։ Սպերցյանը չէր կարողացել արդյունավետ իրացնել 11–մետրանոցը։«Սպերցյանը պատրաստ է խաղալ 90 րոպե, բայց գրաֆիկը շատ բարդ է։ Նրա դիրքը շատ էներգածախսատար է։ Նա ամեն խաղում մեծ աշխատանք է կատարում։Սպերցյանը մեր առաջատարն է, մեր առաջնության լավագույն խաղացողներից է եւ գործնականում միշտ խաղում է առանց փոխարինման։ Պետք չէ ուշադրություն դարձնել, որ նա այս անգամ 9 րոպե քիչ խաղաց»,– Մուսաեւի խոսքը մեջբերում է championat.com–ը։«Կրասնոդարը» 27 խաղից հետո ունի 60 միավոր։ Երկրորդ տեղում գտնվող «Զենիթը» հետ է 1 միավոր։Հետևեք NEWS.am SPORT-ին Facebook-ում, Twitter և Telegram-ում",Sport,https://sport.news.am/arm/news/166074/
Լուիս Էնրիկե. ՊՍԺ-ն ու «Բավարիան» Եվրոպայի 2 լավագույն թիմերն են,"Ֆրանսիայի չեմպիոն, Չեմպիոնների լիգայի գավաթակիր ՊՍԺ-ի իսպանացի գլխավոր մարզիչ Լուիս Էնրիկեն խոսել է Գերմանիայի նորընծա չեմպիոն Մյունխենի «Բավարիայի» հետ առաջիկա դիմակայության մասին։ Թիմերը կհանդիպեն Չեմպիոնների լիգայի կիսաեզրափակիչում։«ՊՍԺ-ն ու «Բավարիան» Եվրոպայի երկու լավագույն թիմերն են, թեեւ «Արսենալն» էլ անցկացնում է գերազանց մրցաշրջան։ Կայունության տեսանկյունից «Բավարիան» մի փոքր գերազանցում է մեզ, քանի որ ընդամենը երկու պարտություն է ունեցել։ Բայց ցուցադրած խաղի տեսանկյունից մեզնից լավ թիմ չկա»,- Լուիս Էնրիկեի խոսքը մեջբերում է Bild-ը։Թիմերի առաջին հանդիպումը տեղի կունենա ապրիլի 28-ին Փարիզում եւ կմեկնարկի Երեւանի ժամանակով 23։00-ին։Հետևեք NEWS.am SPORT-ին Facebook-ում, Twitter և Telegram-ում",Sport,https://sport.news.am/arm/news/166075/
Միլիտաոն կվիրահատվի եւ բաց կթողնի 5 ամիս,"Իսպանիայի փոխչեմպիոն Մադրիդի «Ռեալի» եւ Բրազիլիայի հավաքականի 28-ամյա պաշտպան Էդեր Միլիտաոն կվիրահատվի այս շաբաթ Ֆինլանդիայում, հաղորդում է El Mundo-ն։Միլիտաոյի մոտ կրկնվել է 2025թ. դեկտեմբերին ստացած ազդրի վնասվածքը։ Նա չի կարողանա դուրս գալ խաղադաշտ մոտ 5 ամիս։Իսպանիայի ընթացիկ առաջնությունում Միլիտաոն մասնակցել է 16 հանդիպման, խփել է 2 գոլ։Հետևեք NEWS.am SPORT-ին Facebook-ում, Twitter և Telegram-ում",Sport,https://sport.news.am/arm/news/166076/
Զագրեբի «Դինամոն»՝ Խորվաթիայի 26-ակի չեմպիոն,"Զագրեբի «Դինամոն» 26-րդ անգամ հռչակվել է ֆուտբոլի Խորվաթիայի չեմպիոն։Մարիո Կովաչեւիչի գլխավորած թիմը երկրի առաջնության 32-րդ տուրում 2։1 հաշվով հաղթել է «Վարաջինին» եւ 76 միավորով գլխավորում է մրցաշարային աղյուսակը։Առաջնության ավարտից 4 տուր առաջ «Դինամոն» 15 միավորի առավելություն ունի երկրորդ տեղում ընթացող «Հայդուկի» նկատմամբ։Վերջին 9 մրցաշրջանում «Դինամոն» 8-րդ անգամ դարձավ երկրի չեմպիոն։ Խորվաթիայի երկրորդ ամենատիտղոսակիր ակումբը «Հայդուկն» է, որը 9 անգամ է հռչակվել չեմպիոն։Զագրեբի «Դինամոն» ունի 115 տարվա պատմություն։Հետևեք NEWS.am SPORT-ին Facebook-ում, Twitter և Telegram-ում",Sport,https://sport.news.am/arm/news/166077/
Սպերցյան․ Մենք կկռվենք մինչեւ վերջ,"Հայաստանի հավաքականի եւ Ռուսաստանի չեմպիոն «Կրասնոդարի» ավագ Էդուարդ Սպերցյանը ռուսական Պրեմիեր լիգայի 27-րդ տուրում Մախաչկալայի «Դինամոյի» նկատմամբ 2:1 հաշվով հաղթանակից հետո գրառում է արել սոցիալական ցանցերում։«Հպարտանում եմ թիմով։ Մենք կկռվենք մինչեւ վերջ։ Շնորհակալություն ձեր աջակցության համար»,- գրել է Սպերցյանը։Ընթացիկ  մրցաշրջանում Սպերցյանը «Կրասնոնարի» կազմում մասնակցել է 37 հանդիպման, խփել է 13 գոլ, կատարել 16 գոլային փոխանցում։«Կրասնոդարը» 60 միավորով գլխավորում է մրցաշարային աղյուսակը։ Երկրորդ տեղում գտնվող «Զենիթը» հետ է 1 միավոր։Հետևեք NEWS.am SPORT-ին Facebook-ում, Twitter և Telegram-ում",Sport,https://sport.news.am/arm/news/166078/
ՀԲՖ-ն բողոք է ներկայացրել WORLD BOXING միջազգային ֆեդերացիային,"Հայաստանի բռնցքամարտի ֆեդերացիան բողոք է ներկայացրել Բրազիլիայում աշխարհի գավաթի խաղարկությունն անցկացրած WORLD BOXING միջազգային ֆեդերացիային հայ մարզիկների մասնակցությամբ մենամարտերում անարդար մրցավարության հարցով։ՀԲՖ-ն հայտարարություն է տարածել․«Հայաստանի հավաքականը Աշխարհի գավաթն ավարտեց մեկ արծաթե մեդալով։ Դավիթ Չալոյանը դարձավ փոխչեմպիոն, թեպետ Չալոյանին եզրափակիչ մենամարտում հաղթանակ պետք է շնորհվեր, սակայն հերթական անգամ մրցավարները աչքի ընկան անհասկանալի որոշումներով` 3։2 հաշվով մենամարտը նվիրելով մրցակցին։ Մրցավարական անտրամաբանական բազմաթիվ որոշումների պատճառով մեր որոշ մարզիկներ էլ զրկվեցին մեդալից։Հայաստանի բռնցքամարտի ֆեդերացիան` Հովհաննես Հովսեփյանի գլխավորությամբ արդեն իսկ բողոք է ներկայացրել WORLD BOXING և հետամուտ է լինելու, որպեսզի մրցավարական անարդար որոշումները վերլուծվեն ու հետաքննվեն, իսկ մեղավորները պատժվեն»։Հետևեք NEWS.am SPORT-ին Facebook-ում, Twitter և Telegram-ում",Sport,https://sport.news.am/arm/news/166079/
Լուկա Մոդրիչը կոտրվածք է ստացել,"Իտալական «Միլանի» եւ Խորվաթիայի հավաքականի կիսապաշտպան Լուկա Մոդրիչը ձախ այտոսկրի կրկնակի կոտրված է ստացել «Յուվենտուսի» դեմ Իտալիայի առաջնության 34-րդ տուրի խաղում (0:0)։ Նա բախվել էր «Յուվենտուսի» խաղացող Մանուել Լոկատելիի հետ եւ փոխարինվել էր 80-րդ րոպեին։Մոդրիչը վիրահատվել է եւ բաց կթողնի ակումբային մրցաշրջանի վերջնամասը, հաղորդում է Jutarnji list-ը։Ամենայն հավանականությամբ, Մոդրիչը պաշտպանիչ դիմակով կմասնակցի հունիս-հուլիսին ԱՄՆ-ում, Կանադայում եւ Մեքսիկայում անցկացվելիք աշխարհի առաջնությանը։ Խմբային փուլում Խորվաթիայի մրցակիցները կլինեն Անգլիան, Գանան եւ Պանաման։40-ամյա ֆուտբոլիտն այս մրցաշրջանում «Միլանի» կազմում մասնակցել է 36 հանդիպման, խփել է 2 գոլ, կատարել 3 գոլային փոխանցում։Հետևեք NEWS.am SPORT-ին Facebook-ում, Twitter և Telegram-ում",Sport,https://sport.news.am/arm/news/166080/
«Ատալանտան» պարտվեց «Կալյարիին» (տեսանյութ),"Իտալիայի առաջնության 34-րդ տուրում «Կալյարին» ընդունեց Բերգամոյի «Ատալանտային» եւ առավելության հասավ 3:2 հաշվով։Դաշտի տերերից դուբլի հեղինակ դարձավ սենեգալցի հարձակվող Պոլ Մենդին։ Հաղթական գոլը խփեց իտալացի հարձակվող Ջենարո Բորելին։«Ատալանտայից» դուբլի հեղինակ դարձավ իտալացի հարձակվող Ջանլուկա Սկամական։«Ատալնտան» 54 միավորով 7-րդն է, «Կալյարին» 16-րդ տեղում է՝ 36 միավոր։Իտալիայի առաջնություն, 34-րդ տուր«Կալյարի» - «Ատալանտա»՝ 3:2 (տեսանյութ)Պոլ Մենդի, 1, 8, Ջենարո Բորելի, 48 - Ջանլուկա Սկամակա, 40, 45Հետևեք NEWS.am SPORT-ին Facebook-ում, Twitter և Telegram-ում",Sport,https://sport.news.am/arm/news/166081/
«Լացիոն» խուսափեց պարտությունից (տեսանյութ),"Իտալիայի առաջնության 34-րդ տուրում Հռոմի «Լացիոն» հյուրընկալեց «Ուդինեզեին»: Գրանցվեց ոչ ոքի՝ 3:3:«Լացիոյից» գոլերը խփեցին իտալացի պաշտպան Լուկա Պելեգրինին, իսպանացի հարձակվող Պեդրո Ռոդրիգեսը եւ իտալացի հարձակվող Դանիել Մալդինին։«Ուդինեզեից» դուբլի հեղինակ դարձավ ֆրանսիացի կիսապաշտպան Արթյուր Ատան։ Աչքի ընկավ նաեւ հոլանդացի պաշտպան Քինգսլի Էհիզիբուեն։«Լացիոն» 48 միավորով 8-րդն է, «Ուդինեզեն»՝ 11-րդն է՝ 44 միավոր։Իտալիայի առաջնություն, 34-րդ տուր«Լացիո» - «Ուդինեզե»՝ 3:3 (տեսանյութ)Լուկա Պելեգրինի, 50, Պեդրո Ռոդրիգես, 80, Դանիել Մալդինի, 90+5 - Քինգսլի Էհիզիբուե, 18, Արթյուր Ատա, 86, 90+3Հետևեք NEWS.am SPORT-ին Facebook-ում, Twitter և Telegram-ում",Sport,https://sport.news.am/arm/news/166082/
Իտալիայի Ա Սերիա․ 34-րդ տուրի արդյունքներն ու մրցաշարային դրությունը,"Ֆուտբոլի Իտալիայի Ա Սերիայի առաջնությունում ավարտվել են 34-րդ տուրի հանդիպումները։Առաջատարը փոխչեմպիոն «Ինտերն» է, որը վաստակել է 79 միավոր եւ 10 միավոր առաջ է երկրորդ տեղում գտնվող չեմպիոն «Նապոլիից»։Իտալիայի առաջնություն, 34-րդ տուր«Նապոլի» - «Կրեմոնեզե»՝ 4:0«Պարմա» - «Պիզա»՝ 1:0«Բոլոնիա» - «Ռոմա»՝ 0:2«Վերոնա» - «Լեչե»՝ 0:0«Ֆիորենտինա» - «Սասուոլո»՝ 0:0«Ջենոա» - «Կոմո»՝ 0:2«Տորինո» - «Ինտեր»՝ 2:2«Միլան» - «Յուվենտուս»՝ 0:0«Կալյարի» - «Ատալանտա»՝ 3:2«Լացիո» - «Ուդինեզե»՝ 3:3Հետևեք NEWS.am SPORT-ին Facebook-ում, Twitter և Telegram-ում",Sport,https://sport.news.am/arm/news/166083/
«Մանչեսթեր Յունայթեդը» պարտության մատնեց «Բրենթֆորդին» (տեսանյութ),"Ֆուտբոլի Անգլիայի Պրեմիեր լիգայի առաջնության 34-րդ տուրի խաղում «Մանչեսթեր Յունայթեդն» «Օլդ Տրաֆորդում» ընդունեց «Բրենթֆորդին» եւ պարտության մատնեց 2:1 հաշվով։Անգլիացի Մայքլ Քերիկի գլխավորած թիմից աչքի ընկան բրազիլացի կիսապաշտպան Կազեմիրոն եւ սլովենացի հարձակվող Բենիամին Շեշկոն։Հյուրերից հաշվի տարբերությունը կրճատեց դանիացի կիսապաշտպան Մատիաս Իենսենը։«Մանչեսթեր Յունայթեդը» 61 միավորով երրորդն է, «Բրենթֆորդը» 9-րդ տեղում է՝ 48 միավոր։Անգլիայի առաջնություն, 34-րդ տուր«Մանչեսթեր Յունայթեդ» - «Բրենթֆորդ»՝ 2:1 (տեսանյութ)Կազեմիրո, 11, Բենիամին Շեշկո, 43 - Մատիաս Իենսեն, 87Հետևեք NEWS.am SPORT-ին Facebook-ում, Twitter և Telegram-ում",Sport,https://sport.news.am/arm/news/166084/
Չեմպիոնների լիգա․ Մեկնարկում է կիսաեզրափակիչը,"Ֆուտբոլի եվրոպական Չեմպիոնների լիգայում ապրիլի 28-29-ին տեղի կունենան կիսաեզրափակիչի առաջին հանդիպումները։Չեմպիոնների լիգա, կիսաեզրափակիչԱռաջին հանդիպումներԱպրիլի 28ՊՍԺ - «Բավարիա»՝ 23:00 (Երեւանի ժամանակ)Ապրիլի 29«Աթլետիկո Մադրիդ» - «Արսենալ»Պատասխան հանդիպումներՄայիսի 5«Արսենալ» - «Աթլետիկո Մադրիդ»՝ 23:00Մայիսի 6«Բավարիա» - ՊՍԺ՝ 23:00Հետևեք NEWS.am SPORT-ին Facebook-ում, Twitter և Telegram-ում",Sport,https://sport.news.am/arm/news/166085/
«Մասթերս»․ Կարեն Խաչանովը պարտվեց երրորդ շրջանում,"Here, there, everywhere @mensik_jakub_ digs deeps to fend off Khachanov 6-4, 7-6(11).@MutuaMadridOpen | #MMOPEN pic.twitter.com/ZdkzIxP3fiԱշխարհի 16-րդ ռակետ, ռուսաստանցի Կարեն Խաչանովը չկարողացավ դուրս գալ Մադրիդում անցկացվող «Մասթերս» մրցաշարի 1/8 եզրափակիչ։Հայ թենիսիստը երրորդ շրջանում մրցեց աշխարհի 27-րդ ռակետ, չեխ Յակուբ Մենշիկի հետ եւ պարտվեց 4:6, 6:7 (11:13) հաշվով։ Մրցախաղը տեւեց 1 ժամ եւ 49 րոպե։Յակուբ Մենշիկի հաջորդ մրցակիցը կլինի աշխարհի երրորդ ռակետ, Գերմանիայի ներկայացուցիչ Ալեքսանդր Զվերեւը։Մադրիդի «Մասթերսի» մրցանակային հիմնադրամը 8,2 միլիոն եվրո է։Հետևեք NEWS.am SPORT-ին Facebook-ում, Twitter և Telegram-ում",Sport,https://sport.news.am/arm/news/166086/
NBA․ Չեմպիոնը հաղթեց ընդհանուր 4:0 հաշվով եւ փլեյ-օֆֆի երկրորդ փուլում է (տեսանյութ),"Բասկետբոլի ազգային ասոցիացիայի գործող չեմպիոն «Օկլահոմա Սիթի Թանդերը» դուրս եկավ փլեյ-օֆֆ-ի երկրորդ փուլ։«Ֆինիքս Սանզի» հետ դիմակայությունում չեմպիոնը հաղթեց ընդհանուր 4:0 հաշվով։Չորրորդ խաղում «Օկլահոմա Սիթի Թանդերը» չորրորդ խաղում առավելության հասավ 131:122 հաշվով։Ամենաարդյունավետը Շեյ Գիլջես-Ալեքսանդրն էր, որը վաստակեց 26 միավոր։Կանոնավոր առաջնության Արեւմտյան կոնֆերենցիայում «Օկլահոմա Սիթի Թանդերը» գրավել էր առաջին տեղը, «Ֆինիքս Սանզը»՝ 7-րդ տեղը։Հետևեք NEWS.am SPORT-ին Facebook-ում, Twitter և Telegram-ում",Sport,https://sport.news.am/arm/news/166087/
Աշխարհի ամենաթանկ ֆուտբոլային ակումբների տասնյակը,"Sportico-ն կազմել է 2026թ․ աշխարհի ամենաթանկ ֆուտբոլային ակումբների տասնյակը՝ հաշվի առնելով ակումբների բաց ֆինանսական հաշվետվությունները։Հետևեք NEWS.am SPORT-ին Facebook-ում, Twitter և Telegram-ում",Sport,https://sport.news.am/arm/news/166088/
Պրեմիեր լիգա․ 34-րդ տուրի արդյունքներն ու մրցաշարային դրությունը,"Ֆուտբոլի Անգլիայի Պրեմիեր լիգայի առաջնությունում ավարտվել են 34-րդ տուրի հանդիպումները։Առաջատարը փոխչեմպիոն «Արսենալն» է, որն ունի 73 միավոր։ Մեկ հանդիպում քիչ անցկացրած «Մանչեսթեր Սիթին» 70 միավորով երկրորդ տեղում է։Անգլիայի առաջնություն, 34-րդ տուր«Բրայթոն» - «Չելսի»՝ 3:0«Բորնմուտ» - «Լիդս Յունայթեդ»՝ 2:2«Բարնլի» - «Մանչեսթեր Սիթի»՝ 0:1«Սանդերլենդ» - «Նոթինգեմ Ֆորեսթ»՝ 0:5«Ֆուլհեմ» - «Աստոն Վիլա»՝ 1:0«Լիվերպուլ» - «Քրիսթալ Փելաս»՝ 3:1«Վեստ Հեմ» - «Էվերտոն»՝ 2:1«Վուլվերհեմփթոն» - «Տոտենհեմ»՝ 0:1«Արսենալ» - «Նյուքասլ Յունայթեդ»՝ 1:0«Մանչեսթեր Յունայթեդ» - «Բրենթֆորդ»՝ 2:1Հետևեք NEWS.am SPORT-ին Facebook-ում, Twitter և Telegram-ում",Sport,https://sport.news.am/arm/news/166089/
Լա Լիգա․ 32-րդ տուրի արդյունքներն ու մրցաշարային դրությունը,"Ֆուտբոլի Իսպանիայի Լա Լիգայի առաջնությունում ավարտվել են 32-րդ տուրի հանդիպումները։Առաջատարը չեմպիոն «Բարսելոնան» է, որը վաստակել է 85 միավոր եւ 11 միավոր առաջ է երկրորդ տեղում գտնվող փոխչեմպիոն «Ռեալից»։Իսպանիայի առաջնություն, 32-րդ տուր«Բետիս» - «Ռեալ Մադրիդ»՝ 1:1«Ալավես» - «Մալյորկա»՝ 2:1«Խետաֆե» - «Բարսելոնա»՝ 0:2«Վալենսիա» - «Ժիրոնա»՝ 2:1«Աթլետիկո Մադրիդ» - «Աթլետիկ Բիլբաո»՝ 3:2«Ռայո Վալիեկանո» - «Ռեալ Սոսիեդադ»՝ 3:3«Ռեալ Օվիեդո» - «Էլչե»՝ 1:2«Օսասունա» - «Սեւիլիա»՝ 2:1«Վիլյառեալ» - «Սելտա»՝ 2:1«Էսպանյոլ» - «Լեւանտե»՝ 0:0Հետևեք NEWS.am SPORT-ին Facebook-ում, Twitter և Telegram-ում",Sport,https://sport.news.am/arm/news/166090/
"Կարեն Խաչանով․ Ինձ կշտամբելու տեղ չունեմ, գոհ եմ իմ խաղից, տրամադրվածությունից","Աշխարհի 16-րդ ռակետ, ռուսաստանցի Կարեն Խաչանովը մեկնաբանել է Մադրիդի «Մասթերսի» երրորդ շրջանում աշխարհի 17-րդ ռակետ, չեխ Յակուբ Մենշիկից կրած 4:6, 6:7 (11:13) հաշվով պարտությունը։«Չստացվեց հաղթել՝ ահա եւ ամենը։ Պարտությունները տարբեր են լինում։ Ինձ կշտամբելու տեղ չունեմ, գոհ եմ իմ խաղից, տրամադրվածությունից, այդ պատճառով ցավալի է արդյունքը։Մրցախաղը ձեւավորվում է դրվագներից, եւ այդ դրվագներն դասավորվեցին մրցակցի օգտին։ Խաղում էի լավ թենիսիստի դեմ»,- Խաչանովի խոսքը մեջբերում է championat.com-ը։Յակուբ Մենշիկի հաջորդ մրցակիցը կլինի աշխարհի երրորդ ռակետ, Գերմանիայի ներկայացուցիչ Ալեքսանդր Զվերեւը։Մադրիդի «Մասթերսի» մրցանակային հիմնադրամը 8,2 միլիոն եվրո է։Հետևեք NEWS.am SPORT-ին Facebook-ում, Twitter և Telegram-ում",Sport,https://sport.news.am/arm/news/166091/
Լյուկա Զիդանը ծնոտի կոտրվածք եւ ուղեղի ցնցում է ստացել,"Ալժիրի հավաքականի եւ իսպանական «Գրանադայի» դարպասապահ Լյուկա Զիդանը ծնոտի կոտրվածք ու ուղեղի ցնցում է ստացել Իսպանիայի երկրորդ դիվիզիոնի առաջնության 37-րդ տուրի խաղում, հաղորդում է ակումբի կայքը։ Զիդանը փոխարինվել է վերջնամասում։ «Գրանադան» 4:2 հաշվով հաղթել է «Ալմերիային»։27-ամյա դարպասապահի ապաքինման ժամկետը դեռ պարզ չէ։ Նրա մասնակցությունը աշխարհի առաջնությանը հարցականի տակ է։Լյուկա Զիդանը աշխարհի ու Եվրոպայի չեմպիոն, Մադրիդի «Ռեալի» նախկին գլխավոր մարզիչ Զինեդին Զիդանի որդին է։Աշխարհի առաջնության խմբային փուլում Ալժիրի հավաքականի մրցակիցները կլինեն աշխարհի չեմպիոն Արգենտինան, Ավստրիան եւ Հորդանանը։Հետևեք NEWS.am SPORT-ին Facebook-ում, Twitter և Telegram-ում",Sport,https://sport.news.am/arm/news/166092/
«Ռեալի» ֆուտբոլիստներն այս մրցաշրջանում 55 վնասվածք են ստացել,"Իսպանիայի փոխչեմպիոն Մադրիդի «Ռեալի» ֆուտբոլիստներն այս մրցաշրջանում ստացել են 55 վնասվածք։ Անցած մրցաշրջանում եղել էր 63 դեպք, հաղորդում է AS-ը։«Բարսելոնայի» ֆուտբոլիստները երկու մրցաշրջանում ստացել են 82 վնասվածք, Մադրիդի «Աթլետիկոյի» ֆուտբոլիստները՝ 65 վնասվածք։«Ռեալի» ֆուտբոլիստներից այս մրցաշրջանում վնասվածք չեն ունեցել Վինիսիուս Ժունիորը, Ֆրան Գարսիան, Գոնսալո Գարսիա Տորեսը եւ Բրաիմ Դիասը։«Ռեալի» 13 խաղացող վնասվածքների պատճառով բաց է թողել 50-ից ավելի օր, 8 խաղացող՝ ավելի քան 100 օր։Հետևեք NEWS.am SPORT-ին Facebook-ում, Twitter և Telegram-ում",Sport,https://sport.news.am/arm/news/166093/
«Մասթերս». Յանիկ Սիները դուրս եկավ քառորդ եզրափակիչ,"Աշխարհի առաջին ռակետ Յանիկ Սիները դուրս եկավ Իսպանիայի մայրաքաղաք Մադրիդում անցկացվող «Մասթերս» մրցաշարի կիսաեզրափակիչ։Իտալացի թենիսիստը 6:2, 7:5 հաշվով պարտության մատնեց աշխարհի 23-րդ ռակետ, բրիտանացի Քեմերոն Նորիին։ Մրցախաղը տեւեց 1 ժամ եւ 25 րոպե։Յանիկ Սիների հաջորդ մրցակիցը կլինի աշխարհի 66-րդ ռակետ, չեխ Վիտ Կոպրիվայի եւ աշխարհի 42-րդ ռակետ, իսպանացի Ռաֆայել Խոդարի դիմակայության հաղթողը։Մադրիդի «Մասթերսի» մրցանակային հիմնադրամը 8,2 միլիոն եվրո է։Հետևեք NEWS.am SPORT-ին Facebook-ում, Twitter և Telegram-ում",Sport,https://sport.news.am/arm/news/166094/
«Ռեալի» նախագահը բանակցում է Մոուրինյոյի հետ,"Պորտուգալական «Բենֆիկայի» գլխավոր մարզիչ Ժոզե Մոուրինյոն Մադրիդի «Ռեալի» գլխավոր մարզիչի հիմնական թեկնածուն է։ Արքայական ակումբի նախագահ Ֆլորենտինո Պերեսն արդեն սկսել է բանակցել պորտուգալացի մասնագետի հետ ամռանը իսպանացի Ալվարո Արբելոային փոխարինելու հարցով, հաղորդում է The Athletic–ը։«Բենֆիկայի» հետ պայմանագրով Մոուրինյոյի հրաժարագինը պայմանագիրը միակողմանի խզելու դեպքում 3 միլիոն եվրո է, որը ստիպված կլինի վճարել մադրիդյան ակումբը։Մոուրինյոն «Ռեալը» գլխավորել է 2010–2013 թվականներին՝ նվաճելով Իսպանիայի չեմպիոնի, գավաթակրի եւ սուպերգավաթկրի կոչումները։Հետևեք NEWS.am SPORT-ին Facebook-ում, Twitter և Telegram-ում",Sport,https://sport.news.am/arm/news/166095/
"Սպերցյանը նշել է, թե ինչով է «Կրասնոդարն» ուժեղ «Զենիթից»","Հայաստանի հավաքականի եւ Ռուսաստանի չեմպիոն «Կրասնոդարի» ավագ, կիսապաշտպան Էդուարդ Սպերցյանը նշել է, թե ինչով է «Կրասնոդարը» գերազանցում  Սանկտ Պետերբուրգի «Զենիթին»։«Մենք մեկ թիմ ենք, մեկ ընտանիք ենք, կռվում ենք միմյանց համար, հակառակ ամեն ինչին։ Դրանով մենք ուժեղ ենք «Զենիթից»»,– Սպերցյանի խոսքը մեջբերում է Sport24.ru–ն։Ռուսաստանի Պրեմիեր լիգայի 27 տուրից հետո «Կրասնոդարը» 60 միավորով առաջատարն է, «Զենիթը» 59 միավորով երկրորդն է։Հետևեք NEWS.am SPORT-ին Facebook-ում, Twitter և Telegram-ում",Sport,https://sport.news.am/arm/news/166096/
Մ-17 ԵԱ. Հայաստանի հավաքականը հաղթեց Լիխտենշտեյնի թիմին (տեսանյութ),"Ֆուտբոլի Հայաստանի մինչեւ 17 տարեկանների հավաքականը Եվրոպայի առաջնության որակավորման փուլի B լիգայի 5-րդ խմբի երրորդ տուրի խաղում ընդունեց Լիխտենշտեյնի թիմին եւ հաղթեց 2։1 հաշվով։Առաջին տուրում հայ ֆուտբոլիստները տանը 2:2 հաշվով էին խաղացել Լյուքսեմբուրգի թիմի հետ։ Երկրորդ տուրում Հայաստանի թիմը մրցել էր հունգարացիների հետ եւ պարտություն կրել 1:3 հաշվով։Խմբի հաղթողը Հունգարիան է, որը կշարունակի պայքարը հաջորդ փուլում։ Հայաստանի հավաքականը տնային մրցաշարն ավարտեց երրորդ տեղում։Հետևեք NEWS.am SPORT-ին Facebook-ում, Twitter և Telegram-ում",Sport,https://sport.news.am/arm/news/166097/
Թիկնիզյանի գործակալ. Նաիրի ծառայություններով հետաքրքրված են մի քանի ակումբներ,"Հայաստանի հավաքականի եւ Սերբիայի նորընծա չեմպիոն Բելգրադի «Ցրվենա Զվեզդայի» եզրային պաշտպան Նաիր Թիկնիզյանի ծառայություններով հետաքրքրված են մի շարք եվրոպական ակումբներ։ Այդ մասին հայտնել է ֆուտբոլիստի գործակալ Ալեքսանդր Կլյուեւը։«Նաիրը շատ լավ մրցաշրջան է անցկացնում Սերբիայում։ Չեմպիոնությունից բաց Թիկնիզյանը «Ցրվենա Զվեզդայի» առաջատար խաղացողներից է։ Թիմը նաեւ պայքարում երկրի գավաթի եզրափակիչ դուրս գալու համար։ Նաիրը իրեն լավ է դրսեւորել նաեւ եվրագավաթային հանդիպումներում։ Թիմի գլխավոր մարզիչ Դեյան Ստանկովիչը գոհ է Նաիրից եւ տեսնում է, որ նա աճում է։Արդեն Թիկնիզյանի ծառայություններով հետաքրքրված են մի քանի ակումբներ»,– Կլյուեւի խոսքը մեջբերում է championat.com–ը։«Ցրվենա Զվեզդան» չեմպիոնի տիտղոսը նվաճել է Սերբիայի առաջնության ավարտից 4 տուր առաջ։Հետևեք NEWS.am SPORT-ին Facebook-ում, Twitter և Telegram-ում",Sport,https://sport.news.am/arm/news/166098/
"«Բարսելոնայում» հույս ունեն, որ Յամալը չի մասնակցի ԱԱ-2026-ի առաջին 2 հանդիպումներին","Իսպանիայի չեմպիոն «Բարսելոնան» խնդրանքով դիմել է Իսպանիայի հավաքականի ղեկավարությանը եզրային հարձակվող Լամին Յամալին աշխարհի առաջնության խմբային փուլի առաջին երկու հանդիպումներին չհայտավորելու համար, հաղորդում է Sport.es-ը։Յամալը վնասվածք է ստացել «Սելտայի» դեմ Իսպանիայի առաջնության 33-րդ տուրի խաղում (1:0) 11-մետրանոց իրացնելիս եւ փոխարինվել առաջին խաղակեսի վերջնամասում։«Բարսելոնայում» կարծում են, որ հունիսի սկզբին Յամալը լիարժեք վերականգնված չի լինի եւ կարող է խորացնել վնասվածքը։Աշխարհի առաջնությունը կանցկացվի հունիս-հուլիսին ԱՄՆ-ում, Կանադայում եւ Մեքսիկայում։Խմբային փուլի առաջին երկու տուրերում Իսպանիան կմրցի Կաբո Վերդեի եւ Սաուդյան Արաբիայի հետ։Հետևեք NEWS.am SPORT-ին Facebook-ում, Twitter և Telegram-ում",Sport,https://sport.news.am/arm/news/166099/
"Մակրոն. «Մարսելի» երկրպագու եմ, բայց այսօր կերկրպագեմ ՊՍԺ-ին","Ֆրանսիայի նախագահ Էմանուել Մակրոնը Չեմպիոնների լիգայի կիսաեզրափակիչում կերկրպագի ՊՍԺ-ին։ Ֆրանսիայի չեմպիոնը կընդունի Գերմանիայի նորընծա չեմպիոն Մյունխենի «Բավարիային»։«Ես «Մարսելի» երկրպագու եմ, բայց այսօր երեկոյան խաղում է ՊՍԺ-ն, եւ ես կերկրպագեմ ՊՍԺ-ին։ Կարծում եմ՝ 3։1 հաշվով կհաղթի փարիզյան թիմը։Չեմ կարող վստահաբար ասել, որ նրանք այս տարի դարձյալ կնվաճեն Չեմպիոնների լիգայի գավաթը, բայց ՊՍԺ-ն գերազանց թիմ է։ Կարծում եմ՝ մենք ունենք նաեւ գերազանց ազգային հավաքական։ Ես վստահում եմ Դեշամին»,– Մակրոնի խոսքը մեջբերում է L’Equipe-ը։ՊՍԺ - «Բավարիա» առաջին հանդիպումը տեղի կունենա ապրիլի 28-ին եւ կմեկնարկի Երեւանի ժամանակով 23։00-ին։Հետևեք NEWS.am SPORT-ին Facebook-ում, Twitter և Telegram-ում",Sport,https://sport.news.am/arm/news/166100/
RAF. Արման Ծառուկյանը կգոտեմարտի մայիսի 30-ին,"Խառը մենամարտերի թեթեւ քաշային կարգում (70 կգ) UFC դասակարգման երկրորդ համար Արման Ծառուկյանը (Հայաստան) հաջորդ գոտեմարտը ազատ ոճի ըմբշամարտի Real American Fighter (RAF) լիգայում կանցկացնի մայիսի 30-ին Դալլասում։ Արման Ծառուկյանի մրցակիցը կլինի ամերիկացի ըմբիշ, ինֆլյուենսեր Քիլոն Mugzy Ջիմիսոնը։Արման Ծառուկյանը 5 ամսում 5-րդ գոտեմարտը կանցկացնի RAF-ում։ Նախորդ գոտեմարտում նա հաղթել էր ամերիկացի Յուրայ Ֆայբերին։Ջիմիսոնը փորձ ունի պրոֆեսիոնալ ռեսթլինգում եւ մեկ սիրողական մենամարտ է անցկացրել ММА-ում (հաղթանակ 2019 թվականին)։ RAF-ում նա անցկացրել է երեք գոտեմարտ (1-2)։29-ամյա Ծառուկյանը MMA-ում ունի 23 հաղթանակ եւ 3 պարտություն։Հետևեք NEWS.am SPORT-ին Facebook-ում, Twitter և Telegram-ում",Sport,https://sport.news.am/arm/news/166102/
ՉԼ․ ՊՍԺ-ի եւ «Բավարիայի» մեկնարկային կազմերը,"Չեմպիոնների լիգայի կիսաեզրափակիչի առաջին խաղում Ֆրանսիայի չեմպիոն եւ Չեմպիոնների լիգայի գավաթակրի տիտղոսը պաշտպանող ՊՍԺ-ն կընդուն Գերմանիայի նորընծա չեմպիոն Մյունխենի «Բավարիային»։ՊՍԺ․ Սաֆոնով, Հակիմի, Մարկինյոս, Պաչո, Մենդեշ, Զաիր-Էմերի, Վիտինյա, Նեւեշ, Դուե, Դեմբելե, Կվարացխելիա։«Բավարիա»․ Նոյեր․ Դեւիս, Տա, Ուպամեկանո, Ստանիշիչ, Պավլովիչ, Կիմիխ, Դիաս, Մուսիալա, Օլիսե, Քեյն։Հանդիպումը կմեկնարկի Երեւանի ժամանակով 23:00-ին։Հետևեք NEWS.am SPORT-ին Facebook-ում, Twitter և Telegram-ում",Sport,https://sport.news.am/arm/news/166103/
Չեմպիոնների լիգա․ Օրվա հանդիպումը,"Ֆուտբոլի եվրոպական Չեմպիոնների լիգայում ապրիլի 29-ին տեղի կունենա կիսաեզրափակիչի մեկ հանդիպում։Մադրիդի «Աթլետիկոն» կընդունի Անգլիայի փոխչեմպիոն Լոնդոնի «Արսենալին»։Չեմպիոնների լիգա, կիսաեզրափակիչԱռաջին հանդիպում«Աթլետիկո Մադրիդ» - «Արսենալ»՝ 23:00 (Երեւանի ժամանակ)Պատասխան հանդիպումներՄայիսի 5«Արսենալ» - «Աթլետիկո Մադրիդ»՝ 23:00Մայիսի 6«Բավարիա» - ՊՍԺ՝ 23:00 (առաջին խաղ՝ 4:5)Հետևեք NEWS.am SPORT-ին Facebook-ում, Twitter և Telegram-ում",Sport,https://sport.news.am/arm/news/166104/
ՉԼ․ ՊՍԺ-ն առաջին խաղակեսում հաղթեց «Բավարիային»` 3:2 (տեսանյութ),"Չեմպիոնների լիգայի կիսաեզրափակիչի առաջին խաղում Ֆրանսիայի չեմպիոն եւ Չեմպիոնների լիգայի գավաթակրի տիտղոսը պաշտպանող ՊՍԺ-ն Փարիզում ընդունել է Գերմանիայի նորընծա չեմպիոն Մյունխենի «Բավարիային»։ Առաջին խաղակեսում 3:2 հաշվով հաղթեց փարիզյան թիմը (տեսանյութ)։17-րդ րոպեին հանդիպման հաշիվը 11-մետրանոցից բացեց «Բավարիայի» անգլիացի հարձակվող Հարի Քեյնը։24-րդ րոպեին պատասխան գոլը խփեց վրացի հարձակվող Խվիչա Կվարացխելիան։Իսպանացի Լուիս Էնրիկեի գլխավորած թիմին առաջ մղեց պորտուգալացի կիսապաշտպան Ժոաո Նեւեշը, որն աչքի ընկավ 33-րդ րոպեին։41-րդ րոպեին հավասարությունը վերականգնեց «Բավարիայի» ֆրանսիացի կիսապաշտպան Մայքլ Օլիսեն։Ավելացված 5-րդ րոպեին ՊՍԺ-ից ֆրանսիացի հարձակվող Ուսման Դեմբելեն արդյունավետ իրացրեց 11-մետրանոցը։Ընդմիջում է։Հետևեք NEWS.am SPORT-ին Facebook-ում, Twitter և Telegram-ում",Sport,https://sport.news.am/arm/news/166105/
Տիբո Կուրտուան վերսկսել է մարզումները վնասվածքից հետո,"Իսպանիայի փոխչեմպիոն Մադրիդի «Ռեալի» բելգիացի դարպասապահ Տիբո Կուրտուան վերականգնվել է ազդրի վնասվածքից հետո, որը ստացել էր մարտի 17-ին անգլիական «Մանչեսթեր Սիթիի» դեմ Չեմպիոնների լիգայի 1/8 եզրափակիչի պատասխան խաղում (2:1)։ Նա վերսկսել է մարզումները, հաղորդում է Արքայական ակումբի կայքը։Սպասվում է, որ Կուրտուան կկարողանա մասնակցել չեմպիոն «Բարսելոնայի» դեմ Լա Լիգայի հանդիպմանը մայիսի 10-ին, հաղորդում է Marca-ն։33-ամյա ֆուտբոլիստն ընթացիկ մրցաշրջանում «Ռեալի» հետ մասնակցել է 41 հանդիպման, բաց է թողել 39 գոլ, 15 խաղում դարպասը պահել է անառիկ։Transfermarkt-ը Կուրտուայի տրանսֆերային արժեքը գնահատում է 18 միլիոն եվրո։Հետևեք NEWS.am SPORT-ին Facebook-ում, Twitter և Telegram-ում",Sport,https://sport.news.am/arm/news/166106/
ՉԼ-ի կիսաեզրափակիչում առաջին անգամ՝ 5 գոլ առաջին խաղակեսում,"Չեմպիոնների լիգայի կիսաեզրափակիչում առաջին անգամ առաջին խաղակեսում գրանցվել է 5 գոլ, հաղորդում է Opta-ն։Փարիզում տեղի ունեցած կիսաեզրափակիչի առաջին Ֆրանսիայի չեմպիոն եւ Չեմպիոնների լիգայի գավաթակրի տիտղոսը պաշտպանող ՊՍԺ-ն առաջին խաղակեսից հետո 3:2 հաշվով հաղթում էր խաղում Գերմանիայի չեմպիոն Մյունխենի «Բավարիային»։ՊՍԺ-ից աչքի էին ընկել հարձակվողներ Խվիչա Կվարացխելիան ու Ուսման Դեմբելեն եւ կիսապաշտպան Ժոաու Նեւեշը, «Բավարիայից»՝ հարձակվող Հարի Քեյնն ու կիսապաշտպան Մայքլ Օլիսեն։Հանդիպումն ավարտվել էր ՊՍԺ-ի հաղթանակով՝ 5:3: Պատասխան խաղը Մյունխենում տեղի կունենա մայիսի 6-ին։Հետևեք NEWS.am SPORT-ին Facebook-ում, Twitter և Telegram-ում",Sport,https://sport.news.am/arm/news/166107/
ՉԼ․ ՊՍԺ-ն հաղթեց  «Բավարիային»՝ 5:4 (տեսանյութ),"Չեմպիոնների լիգայի կիսաեզրափակիչի առաջին խաղում Ֆրանսիայի չեմպիոն եւ Չեմպիոնների լիգայի գավաթակրի տիտղոսը պաշտպանող ՊՍԺ-ն Փարիզում ընդունեց Գերմանիայի նորընծա չեմպիոն Մյունխենի «Բավարիային» եւ հաղթեց 5:4 հաշվով։ 17-րդ րոպեին հանդիպման հաշիվը 11-մետրանոցից բացեց «Բավարիայի» անգլիացի հարձակվող Հարի Քեյնը։24-րդ րոպեին պատասխան գոլը խփեց վրացի հարձակվող Խվիչա Կվարացխելիան։Իսպանացի Լուիս Էնրիկեի գլխավորած թիմին առաջ մղեց պորտուգալացի կիսապաշտպան Ժոաու Նեւեշը, որն աչքի ընկավ 33-րդ րոպեին։41-րդ րոպեին հավասարությունը վերականգնեց «Բավարիայի» ֆրանսիացի կիսապաշտպան Մայքլ Օլիսեն։Առաջին խաղակեսի ավելացված 5-րդ րոպեին ՊՍԺ-ից ֆրանսիացի հարձակվող Ուսման Դեմբելեն արդյունավետ իրացրեց 11-մետրանոցը։Երկրորդ խաղակեսում թիմերը եւս երկուական գոլ խփեցին։56-րդ րոպեին դուբլ ձեւակերպեց Խվիչա Կվարացխելիան։ 3 րոպե անց ՊՍԺ-ի 5-րդ գոլը խփեց Դեմբելեն։65-րդ րոպեին հաշվի տարբերությունը կրճատեց գերմանական թիմի ֆրանսիացի պաշտպան Դեո Ուպամեկանոն։ 69-րդ րոպեին «Բավարիայի» չորրորդ գոլը խփեց կոլումբացի հարձակվող Լուիս Դիասը։Պատասխան հանդիպումը Մյունխենում տեղի կունենա ապրիլի 6-ին։Եզրափակիչի մյուս ուղեգիրը կվիճարկեն Անգլիայի փոխչեմպիոն «Արսենալն» ու Մադրիդի «Աթլետիկոն»։ Այս թիմերի առաջին հանդիպումը տեղի կունենա ապրիլի 29-ին Լոնդոնում։Չեմպիոնների լիգա, կիսաեզրափակիչ, առաջին հանդիպումՊՍԺ - «Բավարիա»՝ 5:4 (տեսանյութ)Խվիչա Կվարացխելիա, 24, 56, Ժոաու Նեւեշ, 33, Ուսման Դեմբելե, 45+5, 11մ, 59 - Հարի Քեյն, 17, 11մ, Մայքլ Օլիսե, 41, Դեո Ուպամեկանո, 65, Լուիս Դիաս, 69Հետևեք NEWS.am SPORT-ին Facebook-ում, Twitter և Telegram-ում",Sport,https://sport.news.am/arm/news/166108/
Կվարացխելիան՝ ՊՍԺ-ի ռեկորդակիր Չեմպիոնների լիգայում,"Ֆրանսիայի չեմպիոն եւ Չեմպիոնների լիգայի գավաթակիր ՊՍԺ-ի եւ Վրաստանի հավաքականի եզրային հարձակվող Խվիչա Կվարացխելիան Գերմանիայի չեմպիոն Մյունխենի «Բավարիայի» դեմ Չեմպիոնների լիգայի կիսաեզրափակիչի առաջին խաղում (5:4) երկու գոլ խփելու շնորհիվ դարձել է փարիզյան ակումբի ռեկորդակիր գլխավոր եվրագավաթային մրցաշարի մեկ մրցաշրջանում արդյունավետ գործողությունների քանակով, հաղորդում է Opta-ն։Չեմպիոնների լիգայի ընթացիկ մրցաշրջանում Կվարացխելիան խփել է 10 գոլ, կատարել 5 գոլային փոխանցում։Նախորդ ռեկորդակիրը ֆրանսիացի հարձակվող Ուսման Դեմբելեն էր, որն անցած մրցաշրջանում խփել էր 8 գոլ, կատարել 6 գոլային փոխանցում։Խվիչա Կվարացխելիան 2025թ․ հունվարից է հանդես գալիս ՊՍԺ-ում։ Նրա պայմանագիրը նախատեսված է մինչեւ 2029թ․ հունիս։Transfermarkt-ը Կվարացխելիայի տրանսֆերային արժեքը գնահատում է 90 միլիոն եվրո։Հետևեք NEWS.am SPORT-ին Facebook-ում, Twitter և Telegram-ում",Sport,https://sport.news.am/arm/news/166109/
"Հայաստանն ու Վրաստանը համատեղ կհյուրընկալեն ֆուտբոլի աշխարհի երիտասարդական 
առաջնությունը","Հայաստանն ու Վրաստանը համատեղ կհյուրընկալեն ֆուտբոլի 2029թ․ աշխարհի երիտասարդական առաջնությունը։Կանադայի Վանկուվեր քաղաքում կայացել է ՖԻՖԱ-ի Գործկոմի նիստը, որի ընթացքում հաղթող է ճանաչվել Հայաստանի ու Վրաստանի՝ մրցաշարը հյուրընկալելու համատեղ հայտը։«Սա աննախադեպ իրադարձություն է հայկական ֆուտբոլի համար։Առաջին անգամ մեր երկիրը կհյուրընկալի համաշխարհային մակարդակի խոշորագույն ֆուտբոլային մրցաշար, ինչը վկայում է միջազգային հանրության մեծ վստահության մասին։Սա անգնահատելի նվեր է հայ երկրպագուին, հայկական ֆուտբոլի սիրահարներին և, իհարկե, պատանի ֆուտբոլիստներին, ովքեր հնարավորություն կունենան սեփական հարկի տակ զգալու Աշխարհի առաջնության շունչը և երազելու մեծ հաղթանակների մասին։Սա մեր բոլորի հաղթանակն է։ Բարի գալուստ Աշխարհի առաջնություն, բարի գալուստ Հայաստան և Վրաստան։ Պատրաստվենք միասին ընդունելու աշխարհի ուժեղագույն երիտասարդական թիմերին»,- գրում է ՀՖՖ-ի կայքը:Armenia and Georgia set to host the FIFA U-20 World Cup 2029! This will be the first ever FIFA tournament to be held in either country pic.twitter.com/ESjKREAuVg

Հետևեք NEWS.am SPORT-ին Facebook-ում, Twitter և Telegram-ում",Sport,https://sport.news.am/arm/news/166110/
ՉԼ․ Լուիս Էնրիկեն գերազանցեց Գվարդիոլայի ռեկորդը,"Չեմպիոնների լիգայի կիսաեզրափակիչի առաջին խաղում Գերմանիայի չեմպիոն Մյունխենի «Բավարիային» 5:4 հաշվով հաղթելու շնորհիվ Ֆրանսիայի չեմպիոն եւ Չեմպիոնների լիգայի գավաթակրի տիտղոսը պաշտպանող ՊՍԺ-ի իսպանացի գլխավոր մարզիչ Լուիս Էնրիկեն գերազանցել է անգլիական «Մանչեսթեր Սիթիի» գլխավոր մարզիչ Խոսեպ Գվարդիոլայի ռեկորդը գլխավոր եվրագավաթային մրցաշարում։Լուիս Էնրիկեն մարզչական կարիերայում 50-րդ հաղթանակն է տարել Չեմպիոնների լիգայում։ Դրա համար նրան պահանջվել է 77 հանդիպում։Խոսեպ Գվարդիոլան 50 հաղթանակին հասել էր 80 խաղում։«Բավարիա» - ՊՍԺ պատասխան հանդիպումը Մյունխենում տեղի կունենա մայիսի 6-ին։Հետևեք NEWS.am SPORT-ին Facebook-ում, Twitter և Telegram-ում",Sport,https://sport.news.am/arm/news/166111/
Չեմպիոնների լիգա․ Օրվա լավագույն գոլերը (տեսանյութ),"One game, four amazing contenders for Goal of the Day Kvara, Olise, Luis Díaz or Dembélé... which was your favourite? @Heineken | #UCLGOTD pic.twitter.com/ycEkqqWtqpՉեմպիոնների լիգայի կիսաեզրափակիչի ՊՍԺ - «Բավարիա» առաջին հանդիպումից հետո ՈՒԵՖԱ-ն ներկայացրել է օրվա լավագույն գոլերը փարիզյան թիմի հարձակվողներ Խվիչա Կվարացխելիայի, Ուսման Դեմբելեի եւ մյունխենյան թիմի հարձակվողներ Լուիս Դիասի եւ Մայքլ Օլիսեի կատարմամբ։5:4 հաշվով առավելության էր հասել Չեմպիոնների լիգայի գավաթակրի տիտղոսը պաշտպանող ՊՍԺ-ն։ Հանդիպման լավագույն խաղացող է ճանաչվել Դեմբելեն։Պատասխան հանդիպումը Մյունխենում տեղի կունենա մայիսի 6-ին։Dembélé POTM in one of the greatest #UCL games pic.twitter.com/qgh0r1ZylL

Հետևեք NEWS.am SPORT-ին Facebook-ում, Twitter և Telegram-ում",Sport,https://sport.news.am/arm/news/166112/
"Լուիս Էնրիկե․ Անկասկած, լավագույն հանդիպումն էր իմ մարզչական կարիերայում","Luis Enrique #UCL pic.twitter.com/ZAzZ5p1UqtՖրանսիայի չեմպիոն եւ Չեմպիոնների լիգայի գավաթակրի տիտղոսը պաշտպանող ՊՍԺ-ի իսպանացի գլխավոր մարզիչ Լուիս Էնրիկեն մեկնաբանել է Գերմանիայի նորընծա չեմպիոն Մյունխենի «Բավարիայի» նկատմամբ 5:4 հաշվով հաղթանակը Չեմպիոնների լիգայի կիսաեզրափակիչի առաջին խաղում։«Շատ լարված մրցախաղ էր։ Անկասկած, սա լավագույն հանդիպումն էր իմ մարզչական կարիերայում։Ես շատ եմ հոգնել, թեեւ ոչ մի կիլոմետր չեմ վազել։ Այդ պատճառով, նույնիսկ, չգիտեմ, թե ինչ ինքնազգացողություն ունեն ֆուտբոլիստները»,- Լուիս Էնրիկեի խոսքը մեջբերում է ESPN-ը։Պատասխան հանդիպումը Մյունխենում տեղի կունենա մայիսի 6-ին։Հետևեք NEWS.am SPORT-ին Facebook-ում, Twitter և Telegram-ում",Sport,https://sport.news.am/arm/news/166113/
WTA-1000․ Արինա Սաբալենկայի սենսացիոն պարտությունը,"MIC DROP @savvy_bap saved six match points against World No.1 Sabalenka to advance to the semifinals!#MMOPEN pic.twitter.com/4g76CM1G2hԱշխարհի առաջին ռակետ Արինա Սաբալենկան սենսացիոն պարտություն է կրել Մադրիդում անցկացվող WTA-1000 մրցաշարում։Բելառուսի ներկայացուցիչը քառորդ եզրափակիչում մրցել է աշխարհի 32-րդ ռակետ, ամերիկացի Հեյլի Բապտիստի հետ եւ պարտվել է 6:2, 2:6, 6:7 (6:8) հաշվով։ Պայքարը տեւել է 2 ժամ եւ 29 րոպե։Կիսաեզրափակիչում Հեյլի Բապտիստի մրցակիցը կլինի աշխարհի 8-րդ ռակետ, ռուսաստանցի Միրա Անդրեեւան։Հետևեք NEWS.am SPORT-ին Facebook-ում, Twitter և Telegram-ում",Sport,https://sport.news.am/arm/news/166114/
NBA. Օրվա արդյունքներն ու լավագույն դրվագները (տեսանյութ),"«Սան Անտոնիո Սփերսը» դուրս եկավ Բասկետբոլի ազգային ասոցիացիայի փլեյ-օֆֆի քառորդ եզրափակիչ՝ պայքարից դուրս թողնելով «Պորտլենդ Թրեյլ Բլեյզերսին»։ Շարքի 5-րդ խաղում «Սան Անտոնիո Սփյորսը» հաղթեց 114:95 հաշվով՝ տանելով չորրորդ հաղթանակը։NBA, փլեյ-օֆֆ, առաջին շրջան«Սան Անտոնիո Սփերս» - «Պորտլենդ Թրեյլ Բլեյզերս»՝ 114:95 (շարքի ընդհանուր հաշիվ՝ 4-1)«Նյու Յորք Նիքս» - «Ատլանտա Հոուքս»՝ 126:97 (3-2)«Բոստոն Սելթիքս» - «Ֆիլադելֆիա Սիքսերս»՝ 97:113 (3-2)Հետևեք NEWS.am SPORT-ին Facebook-ում, Twitter և Telegram-ում",Sport,https://sport.news.am/arm/news/166115/
Հակոբ Փիլոսյան. Եվրոպայի առաջնության արդյունքները գոհացնող են,"Եվրոպայի առաջնության արդյունքները գոհացնող են: Տղաների մոտ որոշակի խնդիրներ առանձնացրի ինձ համար, ինչի վրա պետք է աշխատենք մինչեւ աշխարհի առաջնություն, որպեսզի ավելի լավ թիմը տանեմ առաջ:Այս մասին լրագրողների հետ զրույցում ասաց տղամարդկանց Հայաստանի հավաքականի գլխավոր մարզիչ Հակոբ Փիլոսյանը:Ծանրամարտի Հայաստանի հավաքականների գլխավոր մարզիչներն ամփոփել են ապրիլի 19-26-ը Վրաստանի Բաթումի քաղաքում անցկացված Եվրոպայի առաջնությունը:Երկրորդ տարին անընդմեջ տղամարդկանց Հայաստանի հավաքականը Եվրոպայի առաջնության թիմային հաշվարկի հաղթողն է:«Այս առաջնությունը լավ էր մեզ համար: Ունեցանք 6 մեդալ՝ 2 չեմպիոն, 3 փոխչեմպիոն եւ 1 բրոնզե մեդալակիր: Ինձ համար այս առաջնությունն առաջին փորձություն էր: Երեւի ինձ ժամանակ է պետք, որպեսզի ավելի լավ հասկանամ բացթողումները եւ թիմն ավելի լավ տանեմ առաջ: Նկատել եմ, որ տղաները ժամանակից շուտ են բավարարվում եւ հրաժարվում պայքարից: Եթե ապահովել են 3-րդ տեղը, առաջին տեղին գնալու համար ժամանակից շուտ են ավարտում պայքարը: Կփորձեմ մյուս մրցաշարերում ավելի մեծ ուշադրություն դարձնել այդ խնդիրներին:Թիմային փոփոխությունն ենք ունենալու աշխարհի առաջնությունից առաջ: Սիմոն Մարտիրոսյանին խանգարում է քաշի փոփոխությունը: Նա շատ տաղանդավոր տղա է: Մարզումներին այն կիլոգրամներ են բարձրացրել, որոնք մրցահարթակում կլինեին հաղթական: Նրա խնդիրը մրցումային օրերին քաշային փոփոխությունն է, որը խանգարում է նույնն անել մրցահարթակում»,- ասաց Հակոբ Փիլոսյանը:Կանանց ծանրամարտի Հայաստանի հավաքականը Եվրոպայի առաջնությունում թիմային հաշվարկում երրորդն է: Հավաքականի գլխավոր մարզիչ Արտաշես Ներսիսյանին արդյունքները գոհացնում են, բայց չեն բավարարում:«Ի տարբերություն տղամակարդկանց հավաքականի, կանանց հավաքականն ունի յուրահատկություն. մենք շատ քիչ ընտրության հնարավորություն ունենք: Ֆեդերացիային խնդրեցի, որպեսզի այս առաջնությանը մասնակցենք ամբողջ թիմով: Շուտով թիմում լինելու է սերնդափոխություն եւ գալու է ժամանակ, որ չենք ունենալու 8 հոգանոց թիմ: Մերի Թումասյանը, Տաթեւ Հակոբյանը ավարտեցին կարիերան: Կլինեն ծանրորդներ, որ ավարտելու են կարիերան եւ չենք կարողանալու ունենալ 8 հոգանոց թիմ:Այս առաջնությունում գրավեցինք 3-րդ տեղը, չկարողացանք կրկնել անցած հաջողությւնը: Արդյունքները գոհացնող են: Ունեցանք 7 մեդալ՝ փոքրերն էլ միասին: Անցած տարվա համեմատ արդյունքների որակն է բարձրացրել, մեդալների գույնն է փոխվել: Երկամարտում երկու մեդալ ունեցան՝ Էմմա Պողոսյանի ոսկին եւ Ալեքսանդրա Գրիգորյանի արծաը: Մեր առջեւ խնդիր էինք դրել թիմային պայքարում լինել առաջինը: Չստացվեց: Աննա Ամրոյանը կորցրեց ոսկե մեդալը: Պոկում վարժությունում այդ պահին չկարողացավ մտնել մրցումային վիճակի մեջ: Հոգեբանական խնդիր էր: Նախավարժանքի ժամանակ շատ լավ էր անում պոկումի կիլագրամները:Մրցաշարը համարում եմ կայացած մեզ համար: Իհարկե, շատ աշխատելու տեղ ունենք: Առջեւում երիտասարդների աշխարհի առաջնությունն է Եգիպտոսում:Կանանց հավաքականը գնում է սերդնափոխության: Սահուն չի ստացվում այդ սերդնափոխությունը, որովհետեւ, ինչպես ասել էի նախկինում, մարզվողների քանակը քիչ է: Խոստումնալի մարզիկներ ունենք, որոնց հետ մեծ ու ճիշտ աշխատանքի արդյունքում կունենանք բարձր արդյունքներ»,- ասաց Արտաշես Ներսիսյանը:Հայաստանի առաջին մեդալը Բաթումիում նվաճել է Գառնիկ Չոլակյանը: 60 կգ քաշայինների պայքարում Չոլակյանը դարձավ Եվրոպայի փոխչեմպիոն: Երկամարտում նա հավաքեց 274 կգ (124+150):71 կգ քաշային կարգում երկամարտի 330 կգ արդյունքով փոխչեմպիոն է հռչակվել Գոռ Սահակյանը (150+180):79 կգ քաշայինների պայքարում Մարտին Պողոսյանը երկամարտի 338 կգ արդյունքով նվաճել է բրոնզե մեդալ (152+186):Կանանց հավաքականից Ալեքսանդրա Գրիգորյանը (58 կգ) երկամարտի 210 կգ արդյունքով նվաճել է արծաթե մեդալ (91+119), Աննա Ամրոյանը (77 կգ) հրում վարժությունում 136 կգ արդյունքով փոքր ոսկե մեդալ է նվաճել եւ երիտասարդների ռեկորդ սահմանել:Ապրիլի 24-ին Հայաստանի առաջին ոսկե մեդալը նվաճել է Էմմա Պողոսյանը (86 կգ): Երկամարտում նա հավաքել է 248 կգ արդյունք (107+141): Եվրոպայի փոխչեմպիոն է դարձել Արա Աղանյանը (94 կգ): Երկամարտում նա գրանցել է 381 կգ արդյունք (175+206)։Ապրիլի 25-ին տղամարդկանց 110 կգ քաշայինների պայքարում Գարիկ Կարապետյանը երկամարտի 415 կգ արդյունքով երրորդ անգամ նվաճեց չեմպիոնի տիտղոսը (189+226):+110 կգ քաշայինների պայքարում երկամարտի 451 կգ արդյունքով օլիմպիական փոխչմեպիոն, աշխարհի չեմպիոն Վարազդատ Լալայանը երրորդ անգամ կարիերայում նվաճեց չեմպիոնի տիտղոսը (210+241):Լուսինե ՇահբազյանՀետևեք NEWS.am SPORT-ին Facebook-ում, Twitter և Telegram-ում",Sport,https://sport.news.am/arm/news/166116/
"Վարազդատ Լալայան. Ինձ եւ հայ ազգի համար ուրախալի է, որ երրորդ անգամ 
դարձա չեմպիոն","Դարձա Եվրոպայի եռակի չեմպիոն, ինչը շատ ուրախալի փաստ է ինձ համար, ֆեդերացիայի համար, հայ ազգի համար:  Այսպես իր հաղթանակը ծանրամարտի Եվրոպայի առաջնությունում մեկնաբանեց օլիմպիական փոխչեմպիոն, աշխարհի կրկնակի, Եվրոպայի եռակի չեմպիոն Վարազդատ Լալայանը: Ապրիլի 19-26-ը Վրաստանի Բաթումի քաղաքում անցկացված Եվրոպայի առաջնությունում +110 կգ քաշայինների պայքարում երկամարտի 451 կգ արդյունքով Վարազդատ Լալայանը երրորդ անգամ կարիերայում նվաճեց չեմպիոնի տիտղոսը (210+241):«Եվրոպայի առաջնությունն ինձ համար ստացված էր, որովհետեւ հաղթել եմ: Սա, իհարկե, վերաբերում է հաղթանակին: Արդյունքներս քիչ էինք, ուշ էի սկսել մարզումներս: Դարձա Եվրոպայի եռակի չեմպիոն, ինչը շատ ուրախալի փաստ է ինձ համար, ֆեդերացիայի համար, հայ ազգի համար: Լուրջ պատճառ չկար, որ ուշ եմ սկսել մարզումները: Այնդքան էր ինձ պետք հաղթանակի համար, այդքան էի պատրաստվել: Եվրոպայի ռեկորդ էի ցանկանում սահմանել, բայց իմ նպատակն աշխարհի ռեկորդները սահմանելն : Մրցակցությունը թույլ էր: 2025 թ. պարզ էր, որ կիլոգրամները ցածր են լինելու: Ես բարձրացրի այնքան, ինչին պատրաստ էի այդ պահին: Ես մրցում եմ ծանրաձողի հետ, մարզիկների հետ չեմ պայքարում: Աշխարհի առաջնությունում մրցակցությունը մեծ է, կա մրցակցություն: Հիմա հանգստանում ենք, կպատրաստվենք աշխարհի առաջնության: Այս կիլոգրամներով աշխարհի առաջնությանը չես կարող պայքարել մեդալի կամ հաղթանակի համար»,- ասաց Վարազդատ Լալայանը: Հայաստանի հավաքականի կազմում երրորդ անգամ Եվրոպայի չեմպիոն դարձավ նաեւ Գարիկ Կարապետյանը (110 կգ): Ապրիլի 25-ին տղամարդկանց 110 կգ քաշայինների պայքարում Գարիկ Կարապետյանը երկամարտում գրանցեց 415 կգ արդյունքով (189+226):«Այս Եվրոպայի առաջնությունը ինձ համար, ասես, աշխարհի առաջնություն լիներ: Շատ դժվար պայքար ունեցա: Շատ ուրախ եմ, որ երրորդ անգամ կարողացա դառնալ Եվրոպայի չեմպիոն»,- նշեց Գարիկ Կարապետյանը: Լուսինե ՇահբազյանՀետևեք NEWS.am SPORT-ին Facebook-ում, Twitter և Telegram-ում",Sport,https://sport.news.am/arm/news/166117/
"Արմեն Բաբալարյան. Արդյունքներից գոհ կլինեմ, եթե թիմով հաղթենք եւ բոլոր քաշերում 
մեդալներ ունենանք"," Եվրոպայի առաջնությունում 5 մեդալով գրավեցինք 4-րդ տեղը: Սա նշանակում է, որ Եվրոպայում շատ ուժեղ թիմեր կան: Թիմի մասնակցությունից գոհ կլինեմ, եթե թիմը կհաղթի եւ բոլոր քաշային կարգերում մեդալներ նվաճենք:Այս մասին լրագրողների հետ զրույցում ասաց հունահռոմեական ոճի ըմբշամարտի Հայաստանի հավաքականի գլխավոր մարզիչ Արմեն Բաբալարյանը:Ապրիլի 20-26-ը Ալբանիայի մայրաքաղաք Տիրանայում անցկացված Եվրոպայի առաջնությունում Արմեն Բաբալարյանի գլխավորած թիմը նվաճեց 5 մեդալ՝ 1 ոսկի, մեկ արծաթ եւ երեք բրոնզ:Եվրոպայի չեմպիոնությունը 5-րդ անգամ նվաճեց Օլիմպիական խաղերի բրոնզե մեդալակիր, աշխարհի կրկնակի չեմպիոն Մալխաս Ամոյանը(77 կգ), արծաթե մեդալակիր դարձավ Եվրոպայի Մ23 չեմպիոն Սուրեն Աղաջանյանը (60 կգ), բրոնզե մեդալակիրներ՝ Կարեն Ասլանյան, Սլավիկ Գալստյան եւ Գասպար Տերտերյան:«Եվրոպայի առաջնության արդյունքները լավ են, չեմ ասում՝ բավարար են, բայց ավելին կարող էինք, ավելի շատ մեդալ կարող էինք ունենալ. չստացվեց: 5 մեդալով գրավեցինք 4-րդ տեղը: Սա նշանակում է, որ Եվրոպայում շատ ուժեղ թիմեր կան: Թիմի մասնակցությունից գոհ կլինեմ այն ժամանակ, երբ թիմը կհաղթի եւ բոլոր քաշային կարգերում մեդալներ կնվաճի:Մալխաս Ամոյանից բոլորս էինք սպասում հաղթանակ: 7 օր առաջ դեռ բուժվում էր, թոքաբորբ էր: Այնքան էլ լավ մարզավիճակում չէր, ինչպես սովորաբար գտնվում է: Մալխասը, բացի հաղթանակի ցանկությունը, գոտեմարտը բարձր մակարդակով անցկացնելը, ունի մեծ կամային հատկություններ: Ամեն մարզիկ չի կարող վատ առողջական վիճակում գտնվելուց հետո ուժ գտնել իր մեջ, մարզվել, դուրս գալ գորգ եւ հաղթել: 77 կգ քաշային կարգն ամենաուժեղներից է աշխարհում: Իր կամքի, կամային որակների հաշվին, հաղթելու մեծ կամքի շնորհիվ նվաճեց ոսկե մեդալ:Արծաթե մեդալակիր Սուրեն Աղաջանյանից արդեն սպասելիքներ շատ են: Երեք հաղթանակ տարավ, նաեւ պարտության մատնեց ադրբեջանցի մրցակցին: Եզրափակիչում մրցում էր ռուս ըմբիշի հետ, որը ներկայացնում էր Սերբիան: Հավասար հաշվի դեպքում 2:2 միավորով զիջեց: Սուրենը կարող էր ոսկե մեդալակիր դառնալ:Կարեն Ասլանյանը բրոնզե մեդալակիր դարձավ: Չեմ ցանկանում անդրադառնալ մրցավարությանը: Խնդիրները մեր մեջ պիտի գտնենք: Մեր թերությունները կուղղենք, կփորձենք այնպես անել, որ մաքուր հաղթանակներ ունենանք, հաղթենք մրցակցին եւ որեւէ մրցավար ոչինչ չկարողանա անել:Սլավիկ Գալստյանը փորձառու ըմբիշ է, բայց խնդիր կա: Պետք է կարողնանք պարտված գոտեմարտը հետ բերել: Դրա վրա պետք է աշխատենք: Սլավիկը երկրորդ գոտեմարտում հանդիպեց թուրքին: Ուզում էր հնարք կատարեր, բայց մրցակիցը հակագրոհի գնաց, Սլավիկը չհասկացավ պահը: Մինչեւ վերջ չստացվեց միավորները հետ բերել: Սլավիկ Գալստյանը դեռ մեծ խոսք ունի ասելու գորգում:Գասպար Տերտերյանից շատ գոհ եմ: Հրաշալի աշխատանք կատարեց: Գասպարն ունի հաղթելու, մինչեւ վերջին վայրկյանը պայքարելու մեծ ցանկություն եւ ձգտում: Շատ դեպքերում մարզիչի համար  ավելի կարեւոր է տեսնել, որ ըմբիշը 1:1 հաշվի դեպքում կարողանում է համբերել եւ հաղթանակ տանել: Այս պարագայում հաղթելն ավելի դժվար է, քան 7:0, 8:0 հաշիվների դեպքում: Սա խոսում է ըմբիշի բարձր կարգ ունենալու մասին:Հայկ Խլոյանից շատ սպասելիքներ ունեինք: Երկար ժամանակ է՝ նա մեծահասակների միջազգային մրցաշարեր է հաղթում, եզրափակիչներ է դուրս գալիս: Հույս ունեի, որ մեդալին կմոտենա: Ցավոք, հենց առաջին գոտեմարտում հանդիպեց այդ քաշային կարգի ֆավորիտ հունգարացուն, հաղթում էր 3:0 հաշվով, բայց ինչ-որ բան կատարվեց եւ պարտվեց: Երեւի՝ հոգեբանական խնդիր էր. կխոսենք, կհասկանանք: Բրոնզե մեդալի համար պայքարում էր թուրք ըմբիշի հետ: Այստեղ էլ հոգեբանական խնդիր էր: Շատ վատ հանդես եկավ: Հայկ Խլոյանը պատրաստ էր ամեն ինչի: Մարզումներին Արթուր Ալեքսանյանի հետ հավասար կռիվ էր տալիս: Եվրոպայի առաջնությունում այդքան էլ չգոհացրեց: Հույս ունեմ, որ ապագայում նա դեռ իր խոսքը կասի:Ինչ վերաբերում է Արթուր Ալեքսանյանին, որին փոխարինեց Հայկ Խլոյանը, մեր լեգենդար ըմբիշը մարզվում է: Թիմի հետ, այս առաջնության նախապատրաստական փուլում շատ աշխատեց թիմի հետ աջակցեց, խորհուրդներ տվեց:Ասում են՝ Արթուր Ալեքսանյանն արդեն տարիքով է: Տարիքը նրան չի խանգարում: Մի լավ խոսք կա. շնորհալի մարդուն տարիքը շնորհք է բերում: Արթուր Ալեքսանյանը, եթե լավ է զգում իրեն, կարողանում է մարզվել, աշխատել, կմասնակցի մրցաշարերին: Առողջական վիճակը նորմալ է, վերականգնվում է: Եթե ամեն ինչ լավ լինի կմասնակցի հաջորդ մրցաշարին»,- ասաց Արմեն Բաբալարյանը:Լուսինե Շահբազյան Հետևեք NEWS.am SPORT-ին Facebook-ում, Twitter և Telegram-ում",Sport,https://sport.news.am/arm/news/166118/
"Հայաստանի եւ Վրաստանի ֆուտբոլի ֆեդերացիաների նախագահները հանդիպել են 
Ինֆանտինոյի հետ","Արմեն Մելիքբեկյանն ու Լևան Կոբիաշվիլին հանդիպել են Ֆուտբոլի միջազգային ֆեդերացիայի  (ՖԻՖԱ) նախագահ Ջաննի Ինֆանտինոյի հետ, հաղորդում է ՀՖՖ–ի կայքը։Նրա հետ զրույցում Հայաստանի և Վրաստանի ֆուտբոլի ֆեդերացիաների նախագահները նշել են, որ մեծագույն պատիվ և պատասխանատվություն է ստանձնել 2029 թվականի աշխարհի երիտասարդական առաջնության հյուրընկալումը:2 երկրների ֆուտբոլային ֆեդերացիաների ղեկավարներն իրենց խորին երախտագիտությունն են հայտնել ՖԻՖԱ-ի ֆուտբոլային ընտանիքին՝ Հայաստանի և Վրաստանի նկատմամբ ցուցաբերած նման բարձր վստահության համար: Հանդիպման ընթացքում կողմերը վերահաստատել են իրենց լիակատար պատրաստակամությունը՝ միավորելու ամբողջ ներուժն ու ջանքերը՝ կազմակերպելու բարձր մակարդակի ֆուտբոլային մրցաշար:Արմեն Մելիքբեկյանը և Լևան Կոբիաշվիլին ընդգծել են, որ երկու երկրներն էլ վճռական են տրամադրված 2029 թվականի աշխարհի առաջնությունը վերածելու իսկական ֆուտբոլային տոնի, որը կառանձնանա իր բարձրակարգ կազմակերպվածությամբ և հյուրընկալության յուրահատուկ մթնոլորտով:Հետևեք NEWS.am SPORT-ին Facebook-ում, Twitter և Telegram-ում",Sport,https://sport.news.am/arm/news/166119/
Մալխաս Ամոյան. Կփորձեմ այս տարի հռչակվել աշխարհի եռակի չեմպիոն,"Կուզեի Եվրոպայի առաջնությունում ավելի լավ զգալ ինձ եւ ավելի լավ հանդես գալ: Եվրոպայի առաջնությունում հաղթեցինք, այժմ մոռացանք եւ շարժվում ենք դեպի աշխարհի առաջնությանը: Կփորձեմ այս տարի հռչակվել աշխարհի եռակի չեմպիոն: Ամեն ինչ կանեմ երրորդ հաղթանակի համար: Այսպես իր 5-րդ հաղթանակը Եվրոպայի առաջնությունում մեկնաբանեց Օլիմպիական խաղերի բրոնզե մեդալակիր, աշխարհի կրկնակի չեմպիոն Մալխաս Ամոյանը:Ալբանիայի մայրաքաղաք Տիրանայում անցկացվող հունահռոմեական ոճի ըմբշամարտի Եվրոպայի առաջնությունում Փարիզի Օլիմպիական խաղերի բրոնզե մեդալակիր, աշխարհի կրկնակի չեմպիոն Մալխաս Ամոյանը 5-րդ անգամ հռչակվեց չեմպիոն:77 կգ քաշային կարգի եզրափակիչում Ամոյանը լարված գոտեմարտում 1:1 հաշվով հաղթեց վրացի Ռամազ Զոիձեին։Ոսկե մեդալի ճանապարհին Մալխաս Ամոյանն անցկացրեց 4 գոտեմարտ: 1/8 եզրափակիչում 4:0 հաշվով պարտության մատնեց շվեդ Կառլ Հյուգո Բաֆին, քառորդ եզրափակիչում 10:0 հաշվով տպավորիչ հաղթանակ տարավ Ուկրաինայի ներկայացուցիչ Իրֆան Միրզոեւի նկատմամբ, կիսաեզրափակիչում 3:1 հաշվով հաղթեց Մոլդովայի ներկայացուցիչ Ալեքսանդր Գուտուին։«Շատ լավ աշխատանք էինք արել Եվրոպայի առաջնությունից առաջ: 5 հավաք էինք անցկացրել: Երեւի այդ մարզումների շնորհիվ է, որ կարողացա հաղթել: Ճիշտ է, այնպես չէի զգում ինձ գորգի վրա, ինչպես կցանկանայի, բայց այդ մարզումների շնորհիվ կարողացա ինձ պահել: Եզրափակիչ գոտեմարտում կուզեի ավելի լավ հանդես գալ, փորձեի հնարք կատարել: Վրացի մրցակիցս տեխնիկապես հարուստ է, նրա հետ պետք է զգույշ գոտեմարտել: Այդ պահին ինձ համար կարեւորը հաղթանակն էր: Կուզեի ավելի լավ հանդես գալ: Չեմպիոնություն պահելն ավելի բարդ է, ինձ վրա զգում եմ դա, թե ամեն տարի ինչ բարդ է տրվում ինձ  հաղթանակը: Բոլորն էլ պատրաստվում են քո դեմ, ուզում են քեզ հաղթել, դու էլ պատրաստվում ես նրանց դեմ, պատասխանատվությունդ ավելի է մեծանում: Այդքանով արդեն հաղթելը դժվարանում է: Մտնում են գորգ եւ ուզում են քեզ հաղթել:Իմ նպատակն այս տարվա աշխարհի առաջնությունում երրորդ տիտղոսը նվաճելն է: Չեմ ցանկանում առաջ ընկնել: Այս Եվրոպայի առաջնությունը հաղթեցինք, մոռացանք եւ այժմ կպատրաստվենք աշխարհի առաջնությանը: Կփորձեմ այս տարի հռչակվել աշխարհի եռակի չեմպիոն: Ամեն ինչ կանեմ դրա համար: Առողջությունս հիմա լավ է: 20-25 օր ջերմել եմ: Չէր անցնում այդ հիվանդությունը: Լավ էր, որ մրցումներից 10 օր առաջ արդել լավացել էի: Վերակագնվելու շրջանն էր բարդ: Ամեն գոտեմարտից հետո մի փոքր բարդ էի վերականգնվում: Եթե նույնիսկ պարտվեի, չեմպիոն չդառնայի, հաստատ պատճառը հիվանդության մեջ չէի փնտրի»,- ասաց Մալխաս Ամոյանը:Լուսինե ՇահբազյանՀետևեք NEWS.am SPORT-ին Facebook-ում, Twitter և Telegram-ում",Sport,https://sport.news.am/arm/news/166120/
Հունահռոմեականներն ամփոփել են Եվրոպայի առաջնությունը,"Ապրիլի 20-26-ը Ալբանիայի մայրաքաղաք Տիրանայում անցկացված Եվրոպայի առաջնությունում Արմեն Բաբալարյանի գլխավորած թիմը նվաճեց 5 մեդալ՝ մեկ ոսկի, մեկ արծաթ եւ երեք բրոնզ:Եվրոպայի չեմպիոնությունը 5-րդ անգամ նվաճեց Օլիմպիական խաղերի բրոնզե մեդալակիր, աշխարհի կրկնակի չեմպիոն Մալխաս Ամոյանը (77 կգ), արծաթե մեդալակիր դարձավ Եվրոպայի Մ23 չեմպիոն Սուրեն Աղաջանյանը (60 կգ), բրոնզե մեդալակիրներ՝ Կարեն Ասլանյան (63 կգ), Սլավիկ Գալստյան(67կգ)  եւ Գասպար Տերտերյան(72 կգ):Հունահռոմեականներն ամփոփել են Եվրոպայի առաջնության արդյունքները:Եվրոպայի փոխչեմպիոն Սուրեն Աղաջանյան (60կգ)«Եզրափակիչի գոտեմարտից գոհ չեմ, որովհետեւ չկարողացա իմ ամբողջ ուժերը գործադրել: Այս պարտությունն ինձ համար ավելի մեծ մոտիվացիա է, ավելի շատ է առաջ մղում, որպեսզի աշխարհի առաջնությանը ավելի լավ պատրաստվեմ եւ արդյունքս բարելավեմ: Իրականում դժվար էր մեկ ամսում երկու Եվրոպայի առաջնության մասնակցել, պատրաստվել, հոգեպես տրամադրվել: Եվրոպայի առաջնությունից առաջ մասնակցել էի Եվրոպայի Մ23 առաջնությանը, որտեղ դարձա հաղթող»,- ասաց Սուրեն Աղաջանյանը:Եվրոպայի քառակի բրոնզե մեդալակիր Կարեն Ասլանյան (63 կգ) «Լավ էի պատրաստվել Եվրոպայի առաջնությանը: Լավ էի ինձ զգում գորգի վրա: Քառորդ եզրափակիչում տակտիկական սխալ թույլ տվեցի, այդ պատճառով բրոնզե մեդալ նվաճեցի: Միշտ գնում եմ միայն հաղթանակի հետեւից եւ ստանում եմ այն, ինչին արժանի եմ լինում այդ պահին: Մրցակիցներիցս կառանձնացնեմ  ռուս Սերգեյ Եմելինին, ում պարտվեցի քառորդ եզրափակիչում: Այդքանը կարողացա անել այդ պահին: Ուրախ եմ, որ իմ սխալները պարզ երեւաց եւ գիտեմ, թե ինչու ես նրան չհաղթեցի: Չեմ կարող ասել, որ սխալ դատեցին: Ճիշտ է, այդ պահին բուռն արձագանքեցի. Երբեմն հույզերս չես կարողանում զսպել: Չեմ ուզում մտածել, որ մրցավարությունն էր վատ: Պարտությունից ավելի շատ եմ մոտիվացված: Ուզում եմ ավելի շատ աշխատել իմ սխալների վրա»,- նշեց Կարեն Ասլանյանը:Եվրոպայի բրոնզե մեդալակիր Գասպար Տերտերյան (72 կգ)«Այդքան էլ գոհ չեմ իմ գոտեմարտերից: Այս Եվրոպայի առաջնությունն իմ առաջին փորձն էր մեծահասակներում: Միայն առաջին գոտեմարտն ինձ հեշտ տրվեց: Ադրբեջանցի մրցակցիս կառանձնանցեմ: Նախորդ մեր հանդիպմանը պարտվել էի նրան, այս անգամ հաղթեցի, ինքն ուրախացնում է ինձ: Մեծահասակներում այլ է պայքարը: Ամեն ինչ ուրիշ է: Կոշտ պայքարի սիրահար եմ: Ավելի շատ փորձի պակաս զգացի: Վստահ եմ, որ մյուս մրցաշարերում հաստատ հաղթելու եմ: Այս առաջնությունն ինձ վստահություն տվեց»,- նկատեց Գասպար Տերտերյանը:Եվրոպայի քառակի բրոնզե մեդալակիր Սլավիկ Գալստյան (67 կգ)«Գնացել էի ոսկե մեդալ նվաճելու նպատակով: Նորմալ մարզավիճակում էի գտնվում: Իմ զամբյուղում ուժեղ մրցակից էի համարում թուրք ըմբիշին, ում նախկինում բազմիցս հանդիպել էի, հաղթել էի, պարտվել: Հանդիպեցի նրան եւ չստացվեց հաղթել այս անգամ:Ուրախ եմ, որ առանց մեդալ չվերադարձա հայրենիք: Այսքան մարզվել էի եւ ուրախ եմ նրա համար, որ առանց մեդալի չմնացի: Ամեն ինչ արել էի լավ ներկայանալու համար: Մյուս անգամ կփորձեմ ոսկի նվաճել: Կարեւորն այն է, որ տեսնում ենք, թե ինչու եմ պարտվում եւ գիտեմ, թե ինչի վրա ենք աշխատելու: Ձգտում եմ չեմպիոնության: Կփորձեմ սխալներիս վրա աշխատել, աշխարհի առաջնությանը պատրաստվել»,- ամփոփեց Սլավիկ Գալստյանը:  Հետևեք NEWS.am SPORT-ին Facebook-ում, Twitter և Telegram-ում",Sport,https://sport.news.am/arm/news/166121/
Հաբեթնակ Կուրղինյան. Եվրոպայի առաջնության արդյունքները բավարար են,"Շնորհակալ եմ տղաներին, իրենց մարզիչներին՝ կատարած աշխատանքի համար: Արդյունքները բավարար են, տղաների կատարած աշխատանքը բարձր եմ գնահատում: Ուզում եմ, որ տղաները կենտրոնանան իրենց գոտեմարտերի վրա, այլ ոչ մրցավարության:Այս մասին լրագրողների հետ զրույցում ասաց ազատ ոճի ըմբշամարտի Հայաստանի հավաքականի գլխավոր մարզիչ Հաբեթնակ Կուրղինյանը, որն ամփոփել է Ալբանիայում անցկացված Եվրոպայի առաջնությունը: «Թիմային պայքարում երրորդն ենք, ինչն ուրախացնող է: Մնացած քաշերում էլ արդեն կարողանում ենք մեդալային պայքար տանել: Թիմի մրցելույթները գնահատում եմ բավարար: Արսեն Հարությունյանի եւ Վազգեն Թեւանյանի դեպքում կարող էր ավելի բարձր մեդալներ լինել՝ մինչեւ ոսկի: Երեւի երկուսին էլ խանգարեց փորձը չելենջների դեպքում: Հասկանալի է, որ գորգում երկուսն էլ փորձառու են:Կար թերություն, աշխատանքի տեղ կար: Ժամանակ ունենք մինչեւ աշխարհի առաջնություն այդ թերությունների վրա աշխատանք կտանենք: Մրցավարական խնդիրներ շատ են եղել, Եվրոպայի առաջնությունում առաջին դեպքը չէր: Այդքան չեմ կենտրոնանում մրցավարության վրա: Որպես մարզիչ կուզեի, որ տղաները կենտրոնանային իրենց գոտեմարտերի վրա, այլ ոչ մրցավարության: Հակառակը, կարելի է նման պահերն ի օգուտ մեզ օգտագործել: Պետք է ստեղծել հնարավորություն, որ գոտեմարտը անցնի այնպես, որ չհասնի մրցավարությանը:Վազգեն Թեւանյանի գոտեմարտի մասով մրցավարական միջամտություն եղել է, բայց այդքան շատ կոպիտ վրիպում չէր: Այս պահին միտում չեմ տեսնում մրցավարի կողմից: Աշխատանքային գոտուց հանելը կամ չհանել, միտումնավոր մրցավարություն չէր: Կանոնները կատարյալ չեն: Չեմ ուզում մեղքը բարդել մրցավարների, մրցավարության վրա:Ամեն դեպքում՝ տղաների ելույթները բավարար են ինձ համար, ինչ վերաբերում է  նրանց ելույթներին, շատ բարձր եմ գնահատում: Արսեն Հարությունյանը պարտվեց Օլիմպիական չեպիոնին, որը նաեւ աշխարհի գործող չեմպիոնն է: Թիմը բավականին լավ է ելույթ ունեցել: Սխալներ կան, որոնք ուղղելի են: Ինձ համար կարեւոր է, որ իրենք տեսել են իրենց սխալները, թերությունները: Իմ գլխավորած տարիներին երկար ժամանակ թիմով 3-րդ տեղ չէինք գրավել: 8 մասնակից ունեինք, որից 5-ը պայքարում էին բրոնզե մեդալի համար: Այնպես, որ արդյունքը բավականին մեծ են մեր նման երկրի համար: Աշխատանք կա, շնորհակալ եմ տղաներին, իրենց մարզիչներին կատարած աշխատանքի համար»,- ասաց Հաբեթնակ Կուրղինյանը:Լուսինե ՇահբազյանՀետևեք NEWS.am SPORT-ին Facebook-ում, Twitter և Telegram-ում",Sport,https://sport.news.am/arm/news/166122/
"Արսեն Հարությունյան. Ես պատրաստվել էի միայն մեկի դեմ, որն իմ ամենամեծ սխալն էր","Ամիսներ շարունակ մարզվել եմ մի նպատակով, որ հաղթեմ ռուս ըմբիշ Ուգուեւին: Դա իմ ամենամեծ սխալն էր, որ ես պատրաստվել էի միայն մեկի դեմ:Այսպես իր մրցելույթները Եվրոպայի առաջնությունում մեկնաբանեց Եվրոպայի քառակի չեմպիոն, աշխարհի քառակի բրոնզե մեդալակիր Արսեն Հարությունյանը, որն Ալբանիայում բավարարվեց բրոնզե մեդալով:«Իմ մեդալից եւ մրցելույթներից գոհ չեմ: Շատ սխալներ թույլ տվեցի մրցաշարի ժամանակ: Ամիսներ շարունակ մարզվել եմ մի նպատակով, որ հաղթեմ ռուս ըմբիշին: Դա իմ ամենամեծ սխալն էր, որ ես պատրաստվել էի մեկի դեմ: Մեկնարկային գոտեմարտերում մտքով կիսաեզրափակիչում էի, ռուս ըմբիշի հետ էի գոտեմարտում:Այդպիսի սխալ չպետք է թույլ տայի:Այսքան ժամանակ մարզվել էի տանջվել էի ու սխալ թույլ տվեցի: Կարող էի հաղթել: Ինքն ինձ հաղթել էր: Իմ քաշում միայն նրան էի պարտվել: Շատ էի կենտրոնացել նրան հաղթելու վրա: Եթե կենտրոնանայի ոսկե մեդալ նվաճելու վրա, կհաղթեի: Շատ էի լարվել այդ մտքից: Արդեն իր հետ գոտեմարտում լարվածությունս թուլացավ: Առաջին երեք րոպեն շատ լավ գոտեմարտ անցկացրի: Երկրորդ մրցափուլում արդեն ուզում էի մտածել հաղթանակիս մասին, այդ մտքից երեւի թուլացա, սխալ թույլ տվեցի, մրցկակիցս էլ օգտվեց այդ սխալից»,- ասաց Արսեն Հարությունյանը:  61 կգ քաշային կարգում Հայաստանի առաջատար ըմբիշը Ալբանիայի մայրաքաղաք Տիրանայում անցկացված Եվրոպայի առաջնությունում կիսաեզրափակիչում պարտվեց օլիմպիական չեմպիոն, աշխարհի քառակի եւ գործող չեմպիոն, Եվրոպայի կրկնակի չեմպիոն ռուս Զաուր Ուգուեւին եւ չկարողացավ շարունակել պայքարը Եվրոպայի 5-րդ չեմպիոնության համար:Լուսինե ՇահբազյանՀետևեք NEWS.am SPORT-ին Facebook-ում, Twitter և Telegram-ում",Sport,https://sport.news.am/arm/news/166123/
"Վազգեն Թեւանյան. Բողոքելու հետ սեր չունենք, հատկապես, երբ այդ ամենից ոչինչ չի փոխվում","Տեսնում եմ, որ մենք, մեր թիմը, տղաներն ավելի մեծ ուժ ունենք: Եվրոպայի առաջնությունում կարող էինք ավելի լավ մեդալներ նվաճել: Բողոքելու հետ սեր չունենք, հատկապես, երբ այդ ամենից ոչինչ չի փոխվում:Այս մասին լրագրողների հետ զրույցում ասաց Եվրոպայի չեմպիոն, աշխարհի բրոնզե մեդալակիր Վազգեն Թեւանյանը:Ալբանիայի մայրաքաղաք Տիրանայում անցկացված Եվրոպայի առաջնությունում 65 կգ քաշայինների կիսաեզրափակիչում Թեւանյանը գոտեմարտեց ռուսաստանցի Բաշիր Մագոմեդովի հետ եւ պարտվեց տանուլ տված վերջին միավորի հետեւանքով՝ 3։3։ Բրոնզե մեդալի համար պայքարում Թեւանյանը 7:0 հաշվով պարտության մատնեց ադրբեջանցի Ռաշիդ Բաբազադեին եւ նվաճեց մեդալը:«Այս առաջնությանը բրոնզե մեդալակիր դարձա: Ադյունքից այդքան էլ գոհ չեմ, որովետեւ կարող էի ոսկե մեդալ նվաճել, չեմպիոն դառնալ: Գոտեմարտերը լավ եմ անցկացրել, գիտեմ տակտիկական եւ տեխնիկական սխալները: Համաձայն եմ, որ փորձի պակաս կա չելենջ գցելու առումով: Գոտեմարտիս ժամանակ չելենջն այդ պահին պետք չէր:  Հետհայացք եմ գցում եւ հասկանում եմ, որ պետք չէր բողոքարկել: Ունեի 3 րոպե ժամանակ եւ կարող էի դեռ գոտեմարտը հետ բերել:  Բողոքելու հետ սեր չունենք, հատկապես երբ այդ ամենից ոչինչ չի փոխվելու: Մրցավարներն այդ պահին մի բան են ասում, հաջորդ օրը՝ մեկ այլ բան: Պետք է ավելի լավ պատրաստվել, ավելի ուժեղ լինել մի քանի անգամ, որպեսզի մրցավարները չկարողանան միջամտել:Շատ լավ մարզավիճակով էինք մոտեցել Եվրոպայի առաջնությանը, շատ լավ հավաքներ էինք անցկացրել: Մրցակցությունը մեծ էր, 8-9 ռուս մասնակիցներ էին, որոնք ներկայացնում էին այլ երկրներ:Տեսնում եմ, որ մենք, մեր թիմը, տղաները ավելի մեծ ուժ ունենք, կարող էինք ավելի լավ մեդալներ նվաճել»,- ասաց Վազգեն Թեւանյանը:Եվրոպայի կրկնակի բրոնզե մեդալակիր Մանվել Խնձրցյանը խոստովանում է, որ երբեք չի հաջողվել Եվրոպայի կամ աշխարհի առաջնություններում հաղթել, բայց նվաճած մեդալից չի ընկճվում: Բրոնզե մեդալի համար գոտեմարտին մասնակցել է ծնկի վնասվածքով, իսկ հաղթել նրան օգնել է Վազգեն Թեւանյանն իր խորհուրդներով:«Նախ ուզում եմ Վազգենին շնորհակալություն հայտնել իմ նվաճած մեդալի համար: Ինչպես ցանկացած մրցաշար, Եվրոպայի առաջնությունն էլ իր ժդվարությունն ունի: Երկու տարի ինձ չէր հաջողվում մեդալ նվաճել: Ուրախ եմ, որ այդ դադարից հետո կարողացա մեդալով վերադառնալ: Երբեք չեմ դարձել Եվրոպայի եւ աշխարհի առաջնության հաղթող, միայն մեդալակիր եմ եղել:Չեմ բավարարվում այդ մեդալներով: Եվրոպայի առաջնությունում բրոնզ ունեմ, իմ երկրորդ բրոնզն է: Ամեն ինչ փորձում եմ անել, որ վերջնական արդյունքում այս մեդալները ոսկու վերածվեն: Այս առաջնությունում հոգեբանական սխալներ եղան ինձ համար: Բրոնզե մեդալի համար գոտեմարտի օրն էմոցիոնալ առումով շատ բարդ էր ինձ համար: Այդ օրն ապրել եմ հիասթափություն, ափսոսանք, դրական եւ բացական հույզեր: Վազգենի հետ խոսեցի գոտեմարտից առաջ, նա ինձ խորհուրդ տվեց՝ ինչպես վարեմ գոտեմարտս: Վնասվածք էի ստացել նախորդ օրը: Ծնկի կապանի վնասվածք եմ ստացել: Նա ինձ օգնեց ճիշտ տրամադրվել գոտեմարտին այնպես, որ ոչ ես տուժեմ, ոչ գոտեմարտը»,- նշեց Մանվել Խնձրցյանը:57 կգ քաշային կարգի կիսաեզրափակիչում Խնձրցյանը գոտեմարտեց ռուսաստանցի Մուսա Մեխտիխանովի հետ եւ պարտվեց 0։5 հաշվով։ Բրոնզե մեդալի համար գոտեմարտում 18:6 հաշվով հաղթեց Սերբիան ներկայացնող Ազամատ Տուսկաեւին։Լուսինե ՇահբազյանՀետևեք NEWS.am SPORT-ին Facebook-ում, Twitter և Telegram-ում",Sport,https://sport.news.am/arm/news/166124/
Հայաստանի գավաթ․ «Նոան» ու «Ուրարտուն» եզրափակիչում են (տեսանյութ),"Ֆուտբոլի Հայաստանի չեմպիոն, գավաթակիր, սուպերգավաթակիր «Նոան» ու «Ուրարտուն» դուրս եկան Հայաստանի գավաթի խաղարկության եզրափակիչ։«Նոան» կիսաեզրափակիչի պատասխան խաղում ընդունեց «Արարատ-Արմենիային»։ Գրանցվեց ոչ ոքի՝ 0:0:Թիմերի առաջին խաղում 1:0 հաշվով հաղթել էր «Նոան»։«Ուրարտուն» պատասխան խաղում 1:0 հաշվով հաղթեց «Անդրանիկին»։ 33-րդ րոպեին 11-մետրանոցն արդյունավետ իրացրեց բրազիլացի հարձակվող Բրունո Միշելը։Այս թիմերի առաջին խաղում գրանցվել էր ոչ ոքի՝ 1:1:Հետևեք NEWS.am SPORT-ին Facebook-ում, Twitter և Telegram-ում",Sport,https://sport.news.am/arm/news/166125/
ՉԼ․ Մադրիդի «Աթլետիկոյի» եւ «Արսենալի» մեկնարկային կազմերը,"Ֆուտբոլի Չեմպիոնների լիգայի կիսաեզրափակիչի առաջին խաղում Մադրիդի «Աթլետիկոն» կընդունի Անգլիայի փոխչեմպիոն Լոնդոնի «Արսենալին»։ Հայտնի են թիմերի մեկնարկային կազմերը։«Աթլետիկո»․ Օբլակ, Պուբիլ, Ռուջերի, Լիորենտե, Գանցկո, Սիմեոնե, Կոկե, Կարդոզո, Գրիզման, Լուկման, Ալվարես։«Արսենալ»․ Ռայա, Սալիբա, Մագլյանս, Ինկապիե, Ուայթ, Ռայս, Սուբիմենդի, Էդեգոր, Մարտինելի, Դյոկերեշ, Մադուեկի։Հանդիպումը Մադրիդում կմեկնարկի Երեւանի ժամանակով 23:00-ին։Հետևեք NEWS.am SPORT-ին Facebook-ում, Twitter և Telegram-ում",Sport,https://sport.news.am/arm/news/166126/
"«Յուվենտուսի» ակադեմիայի տեխնիկական տնօրենը Երեւանում է․ օգոստոսին կբացվի 
ակումբի հայաստանյան ակադեմիան","Թուրինի «Յուվենտուսի» ֆուտբոլային ակադեմիայի տեխնիկական տնօրեն Ջուզեպե Զապելան Երեւանում է։ Նա ծանոթացել է իտալական ակումբի հայաստանյան ակադեմիայի բացմանն ընդառաջ կատարված աշխատանքներին։«Շուրջ մեկ տարի առաջ «Յուվենտուսն» ինձ ներկայացրեց Հայաստանում իրականացվելիք նախագիծը, որը շատ հետաքրքիր էր ինձ համար։ Առաջին անգամ ժամանելով Հայաստան՝ այցելեցի մարզաբազաների շինհրապարակներ և տեսա, որ այս ամենն իսկապես գերազանցում է իմ սպասելիքները։ Կարող եմ հավաստիացնել, որ Իտալիայում քիչ են այն ակումբները, որոնք ունեն այսպիսի պայմաններ։«Յուվենտուսի» միջազգային ակադեմիաների նախագիծն առաջին հերթին նպատակ ունի ձևավորել ուժեղ մարդու, իսկ հետո արդեն՝ ուժեղ ֆուտբոլիստի։ Եթե ուզում ենք ապագայում ունենալ ուժեղ ֆուտբոլիստներ, սկզբում մենք պետք է ունենանք ուժեղ անհատականություններ։ Ցանկանում ենք, որ մեր ակադեմիայի սաներն աճեն «Յուվենտուսի» փիլիսոփայությամբ։Մեր մեթոդաբանությունը հիմնված է գիտականորեն ապացուցված մի քանի սկզբունքի վրա։ Ակադեմիայի ծրագիրը ներառում է նաև հայ մարզիչների ընտրություն, որը ես կկատարեմ մինչև հուլիսը ներառյալ։ Կարևոր գործոն է, որ յուրքանչյուր թիմ ունենա Եվրոպայից ժամանած բարձրակարգ ու որակավորված մարզիչ։ Թիմերից յուրաքանչյուրի մարզչական շտաբը կազմված է լինելու մեկական եվրոպացի ու տեղացի մարզիչից։ Ակադեմիան ունենալու է նաև մեկական դարպասապահների ու ֆիզպատրաստության որակավորված մարզիչ։ Ակադեմիան կունենա նաև հոգեբան, որն ամենօրյա ռեժիմով կաշխատի մեր երեխաների հետ»,- ասել է իտալացի մասնագետը։Ապրիլի 29-ին հայտարարվել էր իտալական աշխարհահռչակ ակումբի հայաստանյան ակադեմիայի նախագրանցման մեկնարկը։ «Յուվենտուսի» հայաստանյան ակադեմիան կբացվի  այս տարվա օգոստոսին, Երեւանում ունենալու է երկու մարզաբազա, առաջինը՝ Ավան վարչական շրջանում (Աճառյան 20/4), երկրորդը՝ «Հրազդան» ստադիոնի հարևանությամբ (Ծիծեռնակաբերդի խճուղի 2/3), նաեւ ՈՒԵՖԱ-ի երկրորդ կատեգորիայի նորակառույց մարզադաշտ։Մեկնարկային տարում ընդունելությունը նախատեսված է լինելու 5-12 տարեկան երեխաների համար (առավելագույնը՝ 1000, հաջորդող տարիներին մինչև 100 նոր երեխա)։ Ամսական ուսման վարձը կազմելու է 164 հազար դրամ։ 5-10 տարեկանների համար լինելու են միայն վճարովի խմբեր։11-12 տարեկան երեխաների համար տեղերը սահմանափակ են, լինելու են վճարովի ու անվճար խմբեր (սելեկցիայի հիման վրա)։ Ակադեմիայում կարող է մարզվել շուրջ 1500 երեխա։ 100 երեխա ունենալու է անվճար մարզվելու հնարավորություն, նրանցից 40-ը լինելու են մարզերից։Սեպտեմբերից Նոր Հաճն քաղաքում կմեկնարկեն ակադեմիայի երրորդ մարզաբազայի շինարարական աշխատանքները։Հետևեք NEWS.am SPORT-ին Facebook-ում, Twitter և Telegram-ում",Sport,https://sport.news.am/arm/news/166127/
Եվրոպայի լիգա․ Մեկնարկում է կիսաեզրափակիչը,"Ֆուտբոլի Եվրոպայի լիգայում ապրիլի 30-ին տեղի կունենան կիսեզրափակիչի առաջին հանդիպումները։Եվրոպայի լիգա, կիսաեզրափակիչԱռաջին հանդիպում, ապրիլի 30«Բրագա» (Պորտոիգալիա) - «Ֆրայբուրգ» (Գերմանիա)՝ 23:00 (Երեւանի ժամանակ)«Նոթինգեմ Ֆորեսթ» (Անգլիա) - «Աստոն Վիլա» (Անգլիա)՝ 23:00Պատասխան հանդիպում, մայիսի 7«Աստոն Վիլա» (Անգլիա) - «Նոթինգեմ Ֆորեսթ» (Անգլիա)՝ 23:00«Ֆրայբուրգ» (Գերմանիա) - «Բրագա» (Պորտուգալիա)՝ 23:00Հետևեք NEWS.am SPORT-ին Facebook-ում, Twitter և Telegram-ում",Sport,https://sport.news.am/arm/news/166128/
Կոնֆերենցիաների լիգա․ Մեկնարկում է կիսաեզրափակիչը,"Ֆուտբոլի Կոնֆերենցիաների լիգայում ապրիլի 30-ին տեղի կունենան կիսաեզրափակիչի առաջին հանդիպումները։Կոնֆերենցիաների լիգա, կիսաեզրափակիչԱռաջին հանդիպումԱպրիլի 30«Շախտյոր» (Ուկրաինա) - «Քրիսթալ Փելաս» (Անգլիա)՝ 23:00 (Երեւանի ժամանակ)«Ռայո Վալիեկանո» (Իսպանիա) - «Ստրասբուրգ» (Ֆրանսիա)՝ 23:00Պատասխան հանդիպումՄայիսի 7«Քրիսթալ Փելաս» (Անգլիա) - «Շախտյոր» (Ուկրաինա)՝ 23:00«Ստրասբուրգ» (Ֆրանսիա) - «Ռայո Վալիեկանո» (Իսպանիա)՝ 23:00Հետևեք NEWS.am SPORT-ին Facebook-ում, Twitter և Telegram-ում",Sport,https://sport.news.am/arm/news/166129/
Ռոման Բերեզովսկին նշել է ՊՍԺ - «Բավարիա» դիմակայության ֆավորիտին,"Հայաստանի հավաքականի եւ Մոսկվայի «Դինամոյի» նախկին դարպասապահ Ռոման Բերեզովսկին նշել է ֆավորիտին Չեմպիոնների լիգայի կիսաեզրափակիչի ՊՍԺ - «Բավարիա» դիմակայությունում։«Կարծում եմ՝ «Բավարիան» թեեւ պարտվեց Փարիզում, սակայն մնում է այս դիմակայության ֆավորիտը։ Նրանց խաղն ավելի լիարժեք է, ամրության ավելի մեծ պաշար ունեն թիմային խաղում, մրցակցից գնդակ խլելիս»,- Բերեզովսկու խոսքը մեջբերում է Sovsport-ը։ՊՍԺ-ն Փարիզում հաղթել էր 5:4 հաշվով։ Պատասխան հանդիպումը Մյունխենում տեղի կունենա մայիսի 6-ին։Հետևեք NEWS.am SPORT-ին Facebook-ում, Twitter և Telegram-ում",Sport,https://sport.news.am/arm/news/166130/
ՉԼ․ «Արսենալն» առաջին խաղակեսում հաղթեց «Աթլետիկոյին» (տեսանյութ),"Ֆուտբոլի Չեմպիոնների լիգայի կիսաեզրափակիչի առաջին խաղակեսում Անգլիայի փոխչեմպիոն Լոնդոնի «Արսենալը» հյուրընկալվել է Մադրիդի «Աթլետիկոյին» եւ առաջին խաղակեսից հետո հաղթում է 1:0 հաշվով։44-րդ րոպեին 11-մետրանոցն արդյունավետ իրացրեց Շվեդիայի հավաքականի հարձակվող Վիկտոր Դյոկերեշը (տեսանյութ)։Ընդմիջում է։Հետևեք NEWS.am SPORT-ին Facebook-ում, Twitter և Telegram-ում",Sport,https://sport.news.am/arm/news/166131/
ՉԼ․ «Արսենալն» ու «Աթլետիկոն» խաղացին ոչ ոքի (տեսանյութ),"Ֆուտբոլի Չեմպիոնների լիգայի կիսաեզրափակիչի առաջին խաղում Անգլիայի փոխչեմպիոն Լոնդոնի «Արսենալը» հյուրընկալվեց Մադրիդի «Աթլետիկոյին»։ Գրանցվեց ոչ ոքի՝ 1:1:44-րդ րոպեին 11-մետրանոցն արդյունավետ իրացրեց անգլիական ակումբի եւ Շվեդիայի հավաքականի հարձակվող Վիկտոր Դյոկերեշը (տեսանյութ)։56-րդ րոպեին հավասարությունը վերականգնեց իսպանական թիմի արգենտինացի հարձակվող Խուլիան Ալվարեսը, որը դիպուկ իրացրեց 11-մետրանոցը (տեսանյութ)։Պատասխան հանդիպումը Լոնդոնում տեղի կունենա մայիսի 5-ին։Հետևեք NEWS.am SPORT-ին Facebook-ում, Twitter և Telegram-ում",Sport,https://sport.news.am/arm/news/166132/
Ռոնալդուի 970-րդ գոլը (տեսանյութ),"Սաուդյան «Ալ Նասրի» եւ Պորտոիգալիայի հավաքականի 41-ամյա հարձակվող Կրիշտիանու Ռոնալդուն 970-րդ գոլն է խփել պրոֆեսիոնալ կարիերայում։ Սաուդյան Արաբիայի առաջնության 30-րդ տուրում «Ալ Նասրը» 2:0 հաշվով հաղթել է «Ալ Ահլիին»։Ռոնալդուն պորտուգալացի հարձակվող Ժոաու Ֆելիշի փոխանցումից հետո աչքի է ընկել 76-րդ րոպեին (տեսանյութ)։Երկրորդ գոլը 90-րդ րոպեին խփեց ֆրանսիացի հարձակվող Քինգսլի Քոմանը։«Ռոնալդուն 828 գոլ խփել է ակումբային հանդիպումներում, 142 գոլ՝ Պորտուգալիայի հավաքականի կազմում։Հետևեք NEWS.am SPORT-ին Facebook-ում, Twitter և Telegram-ում",Sport,https://sport.news.am/arm/news/166133/
ՉԼ․ Շաբաթվա լավագույն խաղացողի մրցանակի հավակնորդները,"Չեմպիոնների լիգայի կիսաեզրափակիչի առաջին հանդիպումներից հետո ՈՒԵՖԱ-ն ներկայացրել է շաբաթվա լավագույն խաղացողի մրցանակի երկու հավակնորդներին․ Ֆրանսիայի չեմպիոն եւ Չեմպիոնների լիգայի գավաթակիր ՊՍԺ-ի ֆրանսիացի հարձակվող Ուսման Դեմբելե եւ Մադրիդի «Աթլետիկոյի» ֆրանսիացի հարձակվող Անտուան Գրիզմանը։Դեմբելեն դուբլի եւ գոլային փոխանցման հեղինակ է դարձել Գերմանիայի չեմպիոն Մյունխենի «Բավարիայի» դեմ խաղում։ ՊՍԺ-ն Փարիզում հաղթել էր 5:4 հաշվով։Գրիզմանն առանցքային խաղացողներից էր «Աթլետիկո» - «Արսենալ» մրցախաղում (1:1)։Հետևեք NEWS.am SPORT-ին Facebook-ում, Twitter և Telegram-ում",Sport,https://sport.news.am/arm/news/166134/
NBA. Օրվա արդյունքներն ու լավագույն դրվագները (տեսանյութ),"Բասկետբոլի ազգային ասոցիացիայի (NBA) առաջնությունում շարունակվում է փլեյ-օֆֆի առաջին շրջանը․ «Դետրոյթ Փիսթոնս» - «Օռլանդո Մեջիք»՝ 116:109 (շարքի ընդհանուր հաշիվ՝ 2-3)«Քլիվլենդ Քավալիերս» - «Տորոնտո Ռեփթորս»՝ 125:120 (3-2)«Լոս Անջելես Լեյքերս» - «Հյուսթոն Ռոքեթս»՝ 93:99 (3-2)Հետևեք NEWS.am SPORT-ին Facebook-ում, Twitter և Telegram-ում",Sport,https://sport.news.am/arm/news/166135/
Դվալիշվիլին հրաժարվել է գոտեմարտել Ծառուկյանի հետ,"Խառը մենամարտերի UFC-ի վրացի մարտիկ Մերաբ Դվալիշվիլին հրաժարվել է գոտեմարտել Արման Ծառուկյանի (Հայաստան) հետ պրոֆեսիոնալ ազատ ոճի ըմբշամարտի RAF լիգայում։ «Ինձ առաջարկում էին գոտեմարտել Արման Ծառուկյանի հետ, բայց այդ գոտեմարտն անիմաստ էր։ Արմանը երկու քաշային կարգով բարձր է ինձնից։ Ես տեսա, թե ինչպես Ծառուկյանը հաղթեց Ֆայբերին եւ հիասթափված էի։ Ծառուկյանը նրան պետք է չհրեր դեպի տրիբունա։ Յուրայը շատ լավ մարդ է եւ հրաշալի մարտիկ։Արմանը միշտ հարգանքով է վերաբերվել ինձ, հրաշալի մարտիկ է եւ Վրաստանում ծնված իմ հարեւանն է Հայաստանից։ Մտածում էի նրա հետ գոտեմարտել, բայց նա ինձնից ուժեղ է ըմբշամարտում»,- ասել է Դվալիշվիլին Արիել Հելվանիի հետ հարցազրույցում։Դվալիշվիլին եւ Ծառուկյանը մայիսի 30-ին Դալլասում հանդես կգան RAF 9 մրցաշարում։Վրացի մարզիկի մրցակիցը կլինի ամերիկացի Ֆրենկի Էդգարը։ Ծառուկյանը կգոտեմարտի Քիլոն Ջիմիսոնի հետ։Հետևեք NEWS.am SPORT-ին Facebook-ում, Twitter և Telegram-ում",Sport,https://sport.news.am/arm/news/166136/
Հակիմին բաց կթողնի «Բավարիայի» դեմ պատասխան հանդիպումը,"Ֆրանսիայի չեմպիոն եւ Չեմպիոնների լիգայի գավաթակիր ՊՍժ-ն բաց կթողնի Գերմանիայի չեմպիոն «Բավարիայի» դեմ Չեմպիոնների լիգայի կիսաեզրափակիչի պատասխան հանդիպումը Մյունխենում, հաղորդում է ESPN-ը։Մարոկկացի ֆուտբոլիստը ծնկատակի ջլի վնասվածք է ստացե «Բավարիայի» դեմ առաջին խաղում։ ՊՍԺ-ն Փարիզում հաղթել էր 5։4 հաշվով։Պատասխան հանդիպումը տեղի կունենա մայիսի 6-ին։Հետևեք NEWS.am SPORT-ին Facebook-ում, Twitter և Telegram-ում",Sport,https://sport.news.am/arm/news/166138/
Խաչանովը «Մետրոպոլիտանո» ստադիոնում հետեւել է «Աթլետիկո» - «Արսենալ» հանդիպմանը,"Աշխարհի 16-րդ ռակետ, ռուսաստանցի թենիսիստ Կարեն Խաչանովը Մադրիդում հետեւել է Չեմպիոնների լիգայի կիսաեզրափակիչի «Աթլետիկո» - «Արսենալ» հանդիպմանը։«Մետրոպոլիտանո» ստադիոնում տեղի ունեցած հանդիպումն ավարտվել էր ոչ ոքի՝ 1։1։Կարեն Խաչանովը ստադիոնից լուսանկար է հրապարակել Ինստագրամում՝ նշելով «Աթլետիկոյի» դարպասապահ Յան Օբլակին։Պատասխան հանդիպումը Լոնդոնում տեղի կունենա մայիսի 5-ին։Հետևեք NEWS.am SPORT-ին Facebook-ում, Twitter և Telegram-ում",Sport,https://sport.news.am/arm/news/166139/
Էշլի Յանգն ավարտում է կարիերան,"Публикация от Ashley Young (@youngy_18)Անգլիայի հավաքականի եւ «Մանչեսթեր Յունայթեդի» նախկին խաղացող, պաշտպան Էշլի Յանգը սոցիալական ցանցերում արած գրառմամբ հայտարարել է պրոֆեսիոնալ կարիերան ավարտելու մասին։ 40-ամյա ֆուտբոլիստն այժմ հանդես է գալիս «Իպսվիչում», որը Չեմպիոնշիփի առաջնության ավարտից մեկ տուր առաջ հավակնում է Պրեմիեր լիգայի ուղեգրի։«Սա ճամփորդություն էր, որի մասին մանկական տարիներին կարող է միայն երազել։ Այդ երազանքը պետք է ունենա ավարտ։ ՔՊՌ–ի դեմ հանդիպումը կարող է վերջինը լինել իմ պրոֆեսիոնալ կարիերայում։ 23 տարի եւ վերջ։ Կլինի շարունակություն»,- գրել է Էշլի Յանգը։Անգլիացի ֆուտբոլիստը կարիերան սկսել է «Ուոթֆորդում»։ Նա հանդես է եկել նաեւ «Աստոն Վիլայում», «Ինտերում» եւ «Էվերտոնում», դարձել է Անգլիայի եւ Իտալիայի չեմպիոն, Եվրոպայի լիգայի գավաթակիր, Անգլիայի գավաթակիր եւ սուպերգավաթակիր։Հետևեք NEWS.am SPORT-ին Facebook-ում, Twitter և Telegram-ում",Sport,https://sport.news.am/arm/news/166140/
"Յուրի Ջորկաեֆ. Պետք է գիտակցել, որ ՖԻՖԱ-ն Հայաստանին ու Վրաստանին վստահել է իր 
նշանակությամբ երկրորդ մրցաշարը","Ապրիլի 28-ին Կանադայի Վանկուվեր քաղաքում կայացավ ՖԻՖԱ-ի Գործկոմի նիստը, որտեղ հաղթեց Հայաստանի ու Վրաստանի՝ Աշխարի 2029 թվականի երիտասարդական առաջնությունն ընդունելու համատեղ հայտը։Հայաստանի ֆուտբոլի ֆեդերացիայի նախագահ Արմեն Մելիքբեկյանն ու ՖԻՖԱ-ի նախագահի ֆուտբոլի հարցերով հատուկ խորհրդական Յուրի Ջորկաեֆը ՀՖՖ-ի հետ այսօր կայացած զրույցում խոսել են Աշխարի 2029 թվականի երիտասարդական առաջնության անցկացման մասին։ Արմեն Մելիքբեկյան«Շնորհավորում եմ ֆուտբոլային հանրությանը և մեր բոլոր հայրենակիցներին։ Որքան էլ խոսենք՝ իրականում բարդ է պատկերացնել այս մրցաշարի կարևորությունը մեր երկրի և ֆուտբոլի համար։ Քայլ առ քայլ հաղթահարելով դժվարությունները՝ ավելի լավ կգիտակցենք՝ ինչ իրադարձություն է սա։ ՖԻՖԱ-ի՝ տղամարդկանց ֆուտբոլում կարևորությամբ երկրորդ մրցաշարն է, շատ լուրջ մարտահրավեր, որը մենք մեր գործընկերների հետ կհաղթահարենք։ Գործընթացը բավական երկար է տևել․ առաջին իսկ օրից մեզ աջակցել և շատ ակտիվ մասնակցություն է ունեցել Հայաստանի Կառավարությունը, անձամբ Հայաստանի վարչապետ Նիկոլ Փաշինյանը։ Ցանկանում նաև ընդգծել ԿԳՄՍ նախարար Ժաննա Անդրեասյանի և կառավարության մեր գործընկերների դերակատարությունը․ այս գործընթացում նրանք մշտապես աջակցել են մեզ։ Իհարկե, ՀՖՖ-ն ևս քրտնաջան աշխատել է այս տարիներին, քանի որ մրցակցությունը շատ մեծ է եղել։ Չեմ կարող փակագծերը բացել, բայց հասկանում եք, որ տղամարդկանց ֆուտբոլում ՖԻՖԱ-ի երկրորդ մրցաշարն ընդունելու հավակնորդները շատ են եղել․․․ Շատ շնորհակալ ենք ՖԻՖԱ-ի և ՈւԵՖԱ-ի մեր գործընկերներին, որոնք այս գործընթացն անցել են մեզ հետ և հավատացել են, որ մեր երկու երկրները կկարողանան նման ծավալի մրցաշար կազմակերպել։ Մրցաշարն անցկացվելու է երեք քաղաքում՝ Վանաձորում, Իջևանում և Երևանում։ Հայաստանի Կարավարությունը կառուցելու և բարելավելու է ենթակառուցվածքները։ Խաղերի քանակի և տեղերի մանրամասները կհայտնենք, երբ ՖԻՖԱ-ի ներկայացուցիչներն այցելեն Հայաստան, և մենք շատ մանրամասն քննարկենք ապագա անելիքները։ Հայաստանն արդեն փորձ ունի ընդունելու Եվրոպայի մինչև 19 տարեկանների եզրափակիչ փուլը, ինչպես նաև ֆուտզալի Չեմպիոնների լիգայի եզրափակիչը։ ՈւԵՖԱ-ն բավական բարձր է գնահատել այդ առաջնությունների անցկացումը, դրա համար էլ այս գործընթացում մեծապես աջակցել է մեզ։ Կարծում եմ՝ միասնական ուժերով և, իհարկե, կառավարության աջակցությամբ կկարողանանք հաղթահարել բոլոր դժվարությունները և կազմակերպել այն տոնը, որին բոլորս սպասում ենք»։Յուրի Ջորկաեֆ«Սա երիտասարդ ֆուտբոլիստների համար լավագույն մրցաշարն է։ Պետք է գիտակցել, որ ՖԻՖԱ-ն Հայաստանին ու Վրաստանին վստահել է իր նշանակությամբ երկրորդ մրցաշարը։ Սա եզակի և չափազանց մեծ հնարավորություն է երկու երկրների համար։Մ-20 Աշխարհի առաջնությունն ամենահաջողված մրցաշարերից է, որը հյուրընկալելու ցանկություն ունեն գրեթե բոլոր երկրները։ ՖԻՖԱ-ի համար առանցքային է գործակցել այն ֆեդերացիաների հետ, որոնք անմիջականորեն ներգրավված են իրենց տարածաշրջանում ֆուտբոլի զարգացման գործում։ Նման մասշտաբի մրցաշար նախկինում չի անցկացվել ո՛չ Հայաստանում, ո՛չ Վրաստանում։ Սա լավ նշան է, որ ՖԻՖԱ-ն վստահում է մեր երկրներին։ Այդ վստահությունը Հայաստանին թույլ կտա զարգացնել ենթակառուցվածքները, կառուցել նոր մարզադաշտեր և լավագույնս ներկայանալ աշխարհին։ Անկեղծորեն հպարտ եմ, որ Հայաստանի ֆուտբոլի ֆեդերացիան նման հսկայածավալ աշխատանք է կատարել, որպեսզի 2029 թվականին Վրաստանի հետ միասին հյուրընկալենք Մ-20 Աշխարհի գավաթը։Երբեմն թվում է՝ ֆուտբոլը հասարակ խաղ է, բոլորը կարող են խաղալ, բայց այդպես չէ։ Ամեն ինչ սկսվում է ինչ-որ կետից։ Հայաստանի համար սա հենց այդ մեկնարկն է։ 17-19 տարեկան ֆուտբոլիստների համար այս մրցաշարին մասնակցելը մեծ երազանք է։ Երազանք է նաև տեսնել Հայաստանի Մ-20 հավաքականին այս առաջնությունում։ Վստահ եմ՝ մինչև 2029 թվականը Հայաստանը մեծ ջանքեր կներդնի մրցաշարը լավագույնս անցկացնելու գործում»։Հետևեք NEWS.am SPORT-ին Facebook-ում, Twitter և Telegram-ում",Sport,https://sport.news.am/arm/news/166141/
«Մանչեսթեր Յունայթեդը» երկարաձգեց պայմանագիրը Կոբի Մայնուի հետ,"Անգլիական «Մանչեսթեր Յունայթեդը» երկարաձգեց պայմանագիրը 21-ամյա անգլիացի կիսապաշտպան Կոբի Մայնուի հետ։ Պայմանագիրը նախատեսված է մինչեւ 2031թ. հունիս, հաղորդում է մանչեսթերյան ակումբի կայքը։«Մայնուն իր սերնդի ամենատաղանդավոր ֆուտբոլիստներից։ Նա համաշխարհային համբավ ունեցող ակումբային ակադեմիայի սան է 2014-ից, սակայն «Մանչեսթեր Յունայթեդի» հետ կապված է 6 տարեկանից»,- նշվում է հաղորդագրությունում։Մայնուն «Մանչեսթեր Յունայթեդի» կազմում անցկացրել է 98 հանդիպման, 2024թ. Անգլիայի գավաթի եզրափակիչում խփեց հաղթական գոլը եւ Անգլիայի հավաքականի կազմում հանդես եկավ Եվրո-2024-ում։Հետևեք NEWS.am SPORT-ին Facebook-ում, Twitter և Telegram-ում",Sport,https://sport.news.am/arm/news/166142/
Չեմպիոնների լիգա. Շաբաթվա լավագույն խաղացողը,"1st: Ousmane Dembélé2nd: Antoine GriezmannDembélé takes Player of the Week @PlayStationEU | #UCLPOTW pic.twitter.com/9MjounzmJdՖրանսիայի չեմպիոն եւ Չեմպիոնների լիգայի գավաթակրի տիտղոսը պաշտպանող ՊՍԺ–ի ֆրանսիացի հարձակվող Ուսման Դեմբելեն ճանաչվել է շաբաթվա լավագույն խաղացող Չեմպիոնների լիգայի կիսաեզրափակիչի առաջին հանդիպումների արդյունքում։Գերմանիայի չեմպիոն Մյունխենի «Բավարիայի» դեմ տնային խաղում Դեմբելեն դարձել էր դուբլի եւ գոլային փոխանցման հեղինակ։ ՊՍԺ–ն հաղթել էր 5։4 հաշվով։ՈՒԵՖԱ–ի կայքում անցկացված քվեարկությունում Դեմբելեն գերազանցել է Մադրիդի «Աթլետիկոյի» ֆրանսիացի հարձակվող Անտուան Գրիզմանին, որը առանցքային դերակատար էր եղել Անգլիայի փոխչեմպիոն Լոնդոնի «Արսենալի» դեմ տնային խաղում։ Մադրիդում գրանցվել էր ոչ ոքի՝ 1։1։Հետևեք NEWS.am SPORT-ին Facebook-ում, Twitter և Telegram-ում",Sport,https://sport.news.am/arm/news/166143/
ՉԼ․ Շաբաթվա խորհրդանշական հավաքականը,"Ֆուտբոլի եվրոպական Չեմպիոնների լիգայի կիսաեզրափակիչի առաջին հանդիպումներից հետո ՈՒԵՖԱ-ն ներկայացրել է շաբաթվա խորհրդանշական հավաքականը։Դարպասապահ․ Ռայա («Արսենալ»)։Պաշտպաններ․ Գաբրիել («Արսենալ»), Պուբիլ («Աթլետիկո Մադրիդ»), Ուպամեկանո («Բավարիա»)։Կիսապաշտպաններ․ Վիտինյա (ՊՍԺ), Օլիսե («Բավարիա»), Ժոաու Նեւեշ (ՊՍԺ), Կվարացխելիա (ՊՍԺ)։Հարձակվողներ․ Դեմբելե (ՊՍԺ), Լուիս Դիաս («Բավարիա»), Գրիզման («Աթլետիկո Մադրիդ»)։Ֆրանսիայի չեմպիոն եւ Չեմպիոնների լիգայի գավաթակրի տիտղոսը պաշտպանող ՊՍԺ-ն Փարիզում 5:4 հաշվով հաղթել էր Գերմանիայի նորընծա չեմպիոն Մյունխենի «Բավարիային»։ Մադրիդի «Աթլետիկոն» տանը 1:1 հաշվով էր խաղացել Անգլիայի փոխչեմպիոն Լոնդոնի «Արսենալի» հետ։Հետևեք NEWS.am SPORT-ին Facebook-ում, Twitter և Telegram-ում",Sport,https://sport.news.am/arm/news/166144/
«Ոսկե գնդակի» ֆավորիտները,"Goal.com-ը ներկայացրել է 2026թ․ «Ոսկե գնդակի» հավակնորդների նոր դասակարգումը։Հետևեք NEWS.am SPORT-ին Facebook-ում, Twitter և Telegram-ում",Sport,https://sport.news.am/arm/news/166145/
Հայաստանի Պրեմիեր լիգա․ Մեկնարկում է 24-րդ տուրը,"Ֆուտբոլի Հայաստանի Պրեմիեր լիգայի առաջնությունում մայիսի 1-3-ին տեղի կունենան 24-րդ տուրի հանդիպումները։ Հայաստանի առաջնություն, 24-րդ տուր«Շիրակ» - «Արարատ»՝ 16:00Մայիսի 2ԲԿՄԱ - «Ալաշկերտ»՝ 16:00«Գանձասար» - «Վան»՝ 19:00Մայիսի 3«Նոա» - «Փյունիկ»՝ 19:00«Ուրարտու» - «Արարատ-Արմենիա»՝ 19:00Հետևեք NEWS.am SPORT-ին Facebook-ում, Twitter և Telegram-ում",Sport,https://sport.news.am/arm/news/166146/
Իտալիայի Ա Սերիա․ Մեկնարկում է 35-րդ տուրը,"Ֆուտբոլի Իտալիայի Ա Սերիայի առաջնությունում մայիսի 1-ին «Պիզա» - «Լեչե» մրցախաղով կմեկնարկի 35-րդ տուրը։Առաջատարը փոխչեմպիոն Միլանի «Ինտերն» է, որն ունի 79 միավոր։ Երկրորդ տեղում գտնվող չեմպիոն «Նապոլին» հետ է 10 միավոր։Իտալիայի առաջնություն, 35-րդ տուր«Պիզա» - «Լեչե»՝ 22։45 (Երեւանի ժամանակ)Մայիսի 2 «Ուդինեզե» - «Տորինո»՝ 17։00«Կոմո» - «Նապոլի»՝ 20։00«Ատալանտա» - «Ջենոա»՝ 22։45Մայիսի 3«Բոլոնիա» - «Կալյարի»՝ 14։30«Սասուոլո» - «Միլան»՝ 17։00«Յուվենտուս» - «Վերոնա»՝ 20։00«Ինտեր» - «Պարմա»՝ 22։45Մայիսի 4 «Կրեմոնեզե» - «Լացիո»՝ 20։30«Ռոմա» - «Ֆիորենտինա»՝ 22։45Հետևեք NEWS.am SPORT-ին Facebook-ում, Twitter և Telegram-ում",Sport,https://sport.news.am/arm/news/166147/
Լա Լիգա․ Մեկնարկում է 34-րդ տուրը,"Ֆուտբոլի Իսպանիայի Լա Լիգայի առաջնությունում մայիսի 1-ին «Ժիրոնա» - «Մալյորկա» մրցախաղով կմեկնարկի 34-րդ տուրը։Առաջատարը չեմպիոն «Բարսելոնան» է, որը վաստակել է 85 միավոր։ Երկրորդ տեղում գտնվող փոխչեմպիոն Մադրիդի «Ռեալն» ունի 74 միավոր։ Իսպանիայի առաջնություն, 34-րդ տուր«Ժիրոնա» - «Մալյորկա»՝ 23։00 (Երեւանի ժամանակ)Մայիսի 2«Վիլյառեալ» - «Լեւանտե»՝ 16։00«Վալենսիա» - «Աթլետիկո Մադրիդ»՝ 18։15«Ալավես» - «Աթլետիկ Բիլբաո»՝ 20։30«Օսասունա» - «Բարսելոնա»՝ 23։00 Մայիսի 3 «Սելտա» - «Էլչե»՝ 16։00«Խետաֆե» - «Ռայո Վալիեկանո»՝ 18։15«Բետիս» - «Ռեալ Օվիեդո»՝ 20։30«Էսպանյոլ» - «Ռեալ Մադրիդ»՝ 23։00Մայիսի 4 «Սեւիլիա» - «Ռեալ Սոսիեդադ»՝ 23։00 Հետևեք NEWS.am SPORT-ին Facebook-ում, Twitter և Telegram-ում",Sport,https://sport.news.am/arm/news/166148/
Պրեմիեր լիգա․ Մեկնարկում է 35-րդ տուրը,"Ֆուտբոլի Անգլիայի Պրեմիեր լիգայի առաջնությունում մայիսի 1-ին «Լիդս Յունայթեդ» - «Բարնլի» մրցախաղով կմեկնարկի 35-րդ տուրը։Առաջատարը փոխչեմպիոն Լոնդոնի «Արսենալն» է (73 միավոր)։ Երկրորդ տեղում է «Մանչեսթեր Սիթին» (70 միավոր), որը մեկ խաղ քիչ է անցկացրել։ Անգլիայի առաջնություն, 35-րդ տուր«Լիդս Յունայթեդ» - «Բարնլի»՝ 23:00 (Երեւանի ժամանակ)Մայիսի 2 «Բրենթֆորդ» - «Վեստ Հեմ»՝ 18:00«Նյուքասլ Յունայթեդ» - «Բրայթոն»՝ 18:00«Վուլվերհեմփթոն» - «Սանդերլենդ»՝ 18:00«Արսենալ» - «Ֆուլհեմ»՝ 20:30Մայիսի 3 «Բորնմուտ» - «Քրիսթալ Փելաս»՝ 17:00«Մանչեսթեր Յունայթեդ» - «Լիվերպուլ»՝ 18:30«Աստոն Վիլա» - «Տոտենհեմ»՝ 22:00Մայիսի 4 «Չելսի» - «Նոթինգեմ Ֆորեսթ»՝ 18:00«Էվերտոն» - «Մանչեսթեր Սիթի»՝ 23:00Հետևեք NEWS.am SPORT-ին Facebook-ում, Twitter և Telegram-ում",Sport,https://sport.news.am/arm/news/166149/
Ինֆանտինո․ Իրանը կմասնակցի ԱԱ-2026-ին ԱՄՆ-ում,"Ֆուտբոլի միջազգային ֆեդերացիայի (ՖԻՖԱ) նախագահ Ջանի Ինֆանտինոն վստահեցրել է, որ Իրանի հավաքականը կմասնակցի հունիս-հուլիսին ԱՄՆ-ում, Կանադայում եւ Մեքսիկայում  անցկացվելի աշխարհի առաջնությանը։«Իրանը կլինի աշխարհի առաջնությունում։ Իհարկե, կխաղա ԱՄՆ-ում։ Պատճառը  պարզ է․ մենք պետք է միավորենք մարդկանց։ Ֆուտբոլը միավորում է»,- Ինֆանտինոյի խոսքը մեջբերում է AS-ը։Խմբային փուլի հանդիպումները Իրանը կանցկացնի Լոս Անջելեսում եւ Սիեթլում։Հետևեք NEWS.am SPORT-ին Facebook-ում, Twitter և Telegram-ում",Sport,https://sport.news.am/arm/news/166150/
"Ֆրանսիայի առաջնություն․ Մրցաշրջանի լավագույն ֆուտբոլիստի եւ մարզիչի կոչումների 
հավակնորդները","Ֆրանսիայի պրոֆեսիոնալ ֆուտբոլիստների ազգային միությունը (UNFP) ներկայացրել է Ֆրանսիայի ավարտվող առաջնության լավագույն ֆուտբոլիստի եւ մարզիչի մրցանակների հավակնորդներին։ Լավագույն խաղացողի կոչմանը հավակնում են Ուսման Դեմբելեն, Նունու Մենդեշը, Վիտինյան (բոլորը՝ ՊՍԺ), Ֆլորիան Տովենը («Լանս»), Մեյսոն Գրինվուդը («Մարսել»)։Լավագույն մարզիչի մրցանակին հավակնում են Լուիս Էնրիկեն (ՊՍԺ), Պիեր Սաժը («Լանս»), Պաուլու Ֆոնսեկան («Լիոն»), Օլիվե Պանտալոնին («Լորիան»), Բրյունո Ժենեզյոն («Լիլ»)։Հետևեք NEWS.am SPORT-ին Facebook-ում, Twitter և Telegram-ում",Sport,https://sport.news.am/arm/news/166151/
Եվրոպայի լիգա․ Օրվա արդյունքները (տեսանյութ),"Ֆուտբոլի Եվրոպայի լիգայում տեղի ունեցան կիսաեզրափակիչի առաջին հանդիպումները։Անգլիական թիմերի պայքարում «Նոթինգեմ Ֆորեսթը» 1:0 հաշվով պարտության մատնեց «Աստոն Վիլային»։Պորտուգալական «Բրագանը» տանը 2:1 հաշվով պարտության մատնեց  գերմանական «Ֆրայբուրգին»։Պատասխան հանդիպումները տեղի կունենան մայիսի 7-ին։Եվրոպայի լիգա, կիսաեզրափակիչ, առաջին հանդիպում«Բրագա» (Պորտուգալիա) - «Ֆրայբուրգ» (Գերմանիա)՝ 2:1 (տեսանյութ)Դեմիր Թիքնազ, 8, Մարիո Դորժելես, 90+2 - Վինչենցո Գրիֆո, 16Չիրացրած 11մ՝ Ռոդրիգո Սալասար («Բրագա»), 45+2«Նոթինգեմ Ֆորեսթ» (Անգլիա) - «Աստոն Վիլա» (Անգլիա)՝ 1:0 (տեսանյութ)Քրիս Վուդ, 71, 11մՊատասխան հանդիպում, մայիսի 7«Աստոն Վիլա» (Անգլիա) - «Նոթինգեմ Ֆորեսթ» (Անգլիա)՝ 23:00«Ֆրայբուրգ» (Գերմանիա) - «Բրագա» (Պորտուգալիա)՝ 23:00Հետևեք NEWS.am SPORT-ին Facebook-ում, Twitter և Telegram-ում",Sport,https://sport.news.am/arm/news/166152/
«Բավարիայի» լավագույն ռմբարկուների տասնյակը պատմության մեջ,"Transfermarkt-ը ներկայացրել է Մյունխենի «Բավարիայի» լավագույն ռմբարկուների տասնյակը պատմության մեջ։Առաջին տեղում է լեգենդար Գերդ Մյուլերը։10-րդ տեղ է բարձրացել անգլիացի հարձակվող Հարի Քեյնը։ Հետևեք NEWS.am SPORT-ին Facebook-ում, Twitter և Telegram-ում",Sport,https://sport.news.am/arm/news/166153/
"ԿԼ․ «Շախտյորը» պարտվեց «Քրիսթալ Փելասին», «Ռայո Վալիեկանոն» ուժեղ էր 
«Ստրասբուրգից» (տեսանյութ)","Ֆուտբոլի Կոնֆերենցիաների լիգայում տեղի ունեցան կիսաեզրափակիչի առաջին հանդիպումները։Ուկրաինական «Շախտյորը» պարտվեց անգլիական «Քրիսթալ Փելասին»։Իսպանական «Ռայո Վալիեկանոն» 1:0 հաշվով առավելության հասավ ֆրանսիական «Ստրասբուրգի» նկատմամբ։Կոնֆերենցիաների լիգա, կիսաեզրափակիչ, առաջին հանդիպում«Շախտյոր» (Ուկրաինա) - «Քրիսթալ Փելաս» (Անգլիա)՝ 1:3 (տեսանյութ)Օլեգ Օչերետկո, 47 - Իսմաիլա Սառ, 1, Դաիթի Կամադա, 58, Յորգեն Ստրան Լարսեն, 85«Ռայո Վալիեկանո» (Իսպանիա) - «Ստրասբուրգ» (Ֆրանսիա)՝ 1:0 (տեսանյութ)Ալեշանդրե Ժուրավսկի, 54Պատասխան հանդիպումՄայիսի 7«Քրիսթալ Փելաս» (Անգլիա) - «Շախտյոր» (Ուկրաինա)՝ 23:00«Ստրասբուրգ» (Ֆրանսիա) - «Ռայո Վալիեկանո» (Իսպանիա)՝ 23:00Հետևեք NEWS.am SPORT-ին Facebook-ում, Twitter և Telegram-ում",Sport,https://sport.news.am/arm/news/166154/
RAF. Արման Ծառուկյանը կգոտեմարտի լեգենդար Թոնի Ֆերգյուսոնի հետ,"Խառը մենամարտերի թեթեւ քաշային կարգում (70 կգ) UFC դասակարգման երկրորդ համար Արման Ծառուկյանը (Հայաստան) պրոֆեսիոնալ ազատ ոճի ըմբշամարտի Real American Fighter (RAF) 10 մրցաշարում կգոտեմարտի UFC-ի նախկին լեգենդ Թոնի Ֆերգյուսոնի հետ։Գոտեմարտը տեղի կունենա հունիսի 13-ին ԱՄՆ-ի Սենթ Լուիս քաղաքում։Մայիսի 30-ին Դալլասում Արման Ծառուկյանը RAF-ի մրցաշարում կգոտեմարտի ամերիկացի ըմբիշ, ինֆլյուենսեր Քիլոն Mugzy Ջիմիսոնի հետ։29-ամյա Ծառուկյանը MMA-ում ունի 23 հաղթանակ եւ 3 պարտություն։Հետևեք NEWS.am SPORT-ին Facebook-ում, Twitter և Telegram-ում",Sport,https://sport.news.am/arm/news/166156/
Եվրոպայի լիգա․ Օրվա լավագույն մրցելույթներն ու սեյվերը (տեսանյութ)," Nottingham Forest edge all-English clash Braga with stoppage-time winner Most impressive performance? #UELPOTWՖուտբոլի Եվրոպայի լիգայի կիսաեզրափակիչի առաջին հանդիպումներից հետո ՈՒԵՖԱ-ն ներկայացրել է օրվա լավագույն մրցելույթներն ու սեյվերը։Stop what you're doing and watch this Emi Martínez save #UELsaves | @Betano_PT pic.twitter.com/YVsct8VgrE

Անգլիական թիմերի պայքարում «Նոթինգեմ Ֆորեսթը» 1:0 հաշվով պարտության մատնեց «Աստոն Վիլային»։Պորտուգալական «Բրագանը» տանը 2:1 հաշվով հաղթեց  գերմանական «Ֆրայբուրգին»։Պատասխան հանդիպումները տեղի կունենան մայիսի 7-ին։Եվրոպայի լիգա, կիսաեզրափակիչ, առաջին հանդիպում«Բրագա» (Պորտուգալիա) - «Ֆրայբուրգ» (Գերմանիա)՝ 2:1 (տեսանյութ)Դեմիր Թիքնազ, 8, Մարիո Դորժելես, 90+2 - Վինչենցո Գրիֆո, 16Չիրացրած 11մ՝ Ռոդրիգո Սալասար («Բրագա»), 45+2«Նոթինգեմ Ֆորեսթ» (Անգլիա) - «Աստոն Վիլա» (Անգլիա)՝ 1:0 (տեսանյութ)Քրիս Վուդ, 71, 11մՊատասխան հանդիպում, մայիսի 7«Աստոն Վիլա» (Անգլիա) - «Նոթինգեմ Ֆորեսթ» (Անգլիա)՝ 23:00«Ֆրայբուրգ» (Գերմանիա) - «Բրագա» (Պորտուգալիա)՝ 23:00Հետևեք NEWS.am SPORT-ին Facebook-ում, Twitter և Telegram-ում",Sport,https://sport.news.am/arm/news/166157/
Կոնֆերենցիաների լիգա․ Օրվա լավագույն գոլերն ու սեյվերը (տեսանյութ),"Sarr, Alemão and Strand Larsen with huge semi-final goals Which one was your favourite? #UECLGOTD | @FlixBus_DEՖուտբոլի Կոնֆերենցիաների լիգայի կիսաեզրափակիչի առաջին հանդիպումներից հետո ՈՒԵՖԱ-ն ներկայացրել է օրվա լավագույն գոլերն ու սեյվերը։Jaw-dropping stops from Dmytro Riznyk and Mike Penders Who executed the best save? #UECLsaves | @Betano_PT pic.twitter.com/5YceliDZfV

Ուկրաինական «Շախտյորը» պարտվեց անգլիական «Քրիսթալ Փելասին»։Իսպանական «Ռայո Վալիեկանոն» 1:0 հաշվով առավելության հասավ ֆրանսիական «Ստրասբուրգի» նկատմամբ։Կոնֆերենցիաների լիգա, կիսաեզրափակիչ, առաջին հանդիպում«Շախտյոր» (Ուկրաինա) - «Քրիսթալ Փելաս» (Անգլիա)՝ 1:3 (տեսանյութ)Օլեգ Օչերետկո, 47 - Իսմաիլա Սառ, 1, Դաիթի Կամադա, 58, Յորգեն Ստրան Լարսեն, 85«Ռայո Վալիեկանո» (Իսպանիա) - «Ստրասբուրգ» (Ֆրանսիա)՝ 1:0 (տեսանյութ)Ալեշանդրե Ժուրավսկի, 54Պատասխան հանդիպումՄայիսի 7«Քրիսթալ Փելաս» (Անգլիա) - «Շախտյոր» (Ուկրաինա)՝ 23:00«Ստրասբուրգ» (Ֆրանսիա) - «Ռայո Վալիեկանո» (Իսպանիա)՝ 23:00Հետևեք NEWS.am SPORT-ին Facebook-ում, Twitter և Telegram-ում",Sport,https://sport.news.am/arm/news/166158/
"Հայաստանի մինչեւ 14 եւ 15 տարեկանների հավաքականները կանցկացնեն հավաք. թիմերի 
կազմերը","Հայաստանի Մ-14 և Մ-15 հավաքականներն ուսումնմարզական հավաք կանցկացնեն և կնախապատրաստվեն Երևանում կայանալիք Զարգացման Գավաթի մրցաշարին։Հայաստանի Մ-14 հավաքականը մրցաշարին կմասնակցի 2 թիմով։Մ-15 հավաքականը մայիսի 4-ից 12-ը ուսումնամարզական հավաք կանցկացնի ՀՖՖ տեխնիկական կենտրոն/Ֆուտբոլի Ակադեմիայում։Հավաքականի գլխավոր մարզիչ Նարեկ Դավթյանը հրավիրել է հետևյալ խաղացողներին։ ԴարպասապահներԴանիել Գևորգյան - «Փյունիկ-10-1»Արտյոմ Յայլոյան - «Նոա-11»Քրիստոֆեր Հայրապետյան - «Մարսետ» (Իսպանիա)ՊաշտպաններՎլադիմիր Խրիստակյան - «Փյունիկ-11-1»Նարեկ Մինասյան - «Ուրարտու-11-1»Հայկ Ադամյան - «Ակադեմիա-11-1»Արամե Մինասյան - «Պերսեպոլիս» (Իրան)Աշոտ Միրաբյան - «Ակադեմիա-11-1»Վարդան Նազարյան - «Ակադեմիա-11-1»Վաչե Բարսեղյան - «Փյունիկ-11-1»Հարութ Բաղդասարյան - «Ուրարտու-11-1»ԿիսապաշտպաններՄիքայել Խանգելդյան - «Մոնտկադա» (Իսպանիա)Հովսեփ Հովսեփյան - «Ակադեմիա-11-1»Մարատ Եգայան - «Կուբան» (Ռուսաստան)Տիգրան Խաչատրյան - «Ուրարտու-11-1»Սարգիս Ստեփանյան - «Արարատ-Արմենիա-10»Հովիկ Խաչատրյան - «Ուրարտու-11-1»Նարեկ Ավետիսյան - «Փյունիկ-11-1»ՀարձակվողներԴավիթ Իշխանյան - «Ակադեմիա-11-1»Թեո Վարտանիան - ԱԻԿ (Շվեդիա)Նարեկ Թաթոսյան - «Ակադեմիա-11-1»Սամվել Աթասունց - «Փյունիկ-11-1»Արեն Սարգսյան - «Փյունիկ-11-1»Արտյոմ Թաթուլյան - «Կուբան» (Ռուսաստան)Մինչև 14 տարեկանների առաջին թիմն ուսումնամարզական հավաք կանցկացնի ՀՖՖ Տեխնիկական կենտրոն ֆուտբոլի ակադեմիայում մայիսի 4-10-ը, 2-րդ թիմը՝ մայիսի 7-12-ը: Արման Առաքելյանը հրավիրվել է հետևյալ խաղացողներին։ ԴարպասապահներՎահե Աջամողլյան - «Փյունիկ-12-1»Հայկ Իսպիրյան - «Փյունիկ-12-2»Աշոտ Մկրտչյան - «Սարդարապատ-12-1»ՊաշտպաններՄանուել Դաշյան - «Ուրարտու-12-2»Ալեքսանդր Շահբազյան - «Փյունիկ-12-1»Ալեքս Գալստյան  «Ուրարտու-12-2»Հայկ Հովհաննիսյան - «Ուրարտու-12-2»Քրիստիան Միրզախանյան - PAYFAԳագիկ Խաչատրյան - «Փյունիկ-12-1»Գոռ Գրիգորյան - «Փյունիկ-12-1»Պաշ Զոհրաբյան - PAYFAԿիսապաշտպաններՆարեկ Մարկոսյան - Բիդրիխ Վիսբադեն» (Գերմանիա)Սուրեն Միլիտոնյան - «Խետաֆե». (Իսպանիա)Ալեքս Չիտչյան - PAYFAՌաֆայել Գեղամյան - «Փյունիկ-12-1»Տիգրան Ավետիսյան - «Փյունիկ-12-1»Դավիթ Մխիթարյան - «Ուրարտու-12-2»Ռաֆայել Մկրտչյան - «Ուրարտու-12-2»Գրիգոր Գալստյան - PAYFAՄարտին Սարգսյան - «Ուրարտու-12-2»Միքայել Կրբաշյան - «Փյունիկ-12-1»Էմիլիո Զարուկյան - «Դարմշտադտ 1898» (Գերմանիա)ՀարձակվողներՏիգրան Հակոբյան - «Ակադեմիա-12-1»Կարեն Բեգլարյան - «Ուրարտու-12-2»Հայկ Սուքիասյան - PAYFAՀայաստանի Մ-14 հավաքական, 2-րդ թիմԴարպասապահներԳարիկ Մկրտումյան - «Փյունիկ-12-2»Գառնիկ Ավագյան - «Ուրարտու-12-2»ՊաշտպաններՆարեկ Աբրահամյան - «Նոա-12-1»Ալեքս Հակոբյան - «Ակադեմիա-12-1»Վահե Ստեփանյան - «Փյունիկ-12-1»Արտյոմ Զաքարյան - «Ուրարտու-12-1»Ռաֆայել Մարտիրոսյան - «Ակադեմիա-12-1»Ռաֆայել Բաղիրյան - «Ակադեմիա-12-1»ԿիսապաշտպաններԷմիլ Հայրապետյան - «Փյունիկ-12-2»Էդգար Ղազարյան - «Փյունիկ-12-2»Մարկ Սարգսյան - «Ակադեմիա-12-1»Սամվել Քիշմիրյան - «Ուրարտու-12-2»Նարեկ Թադևոսյան - «Ուրարտու-12-2»Հայկ Մարտիրոսյան - «Փյունիկ-12-1»Համլետ Պողոսյան - «Նոա-12-1»Առնո Մելքումյան - «Ակադեմիա-12-1»ՀարձակվողներԱրեգ Բուդաղյան - «Փյունիկ-12-1»Հետևեք NEWS.am SPORT-ին Facebook-ում, Twitter և Telegram-ում",Sport,https://sport.news.am/arm/news/166159/
«Արարատը» հաղթեց «Շիրակին» (տեսանյութ),"Ֆուտբոլի Հայաստանի Պրեմիեր լիգայի առաջնության 24-րդ տուրում «Շիրակը» Գյումրիում» ընդունեց Երեւանի «Արարատին» եւ պարտություն կրեց 0։2 հաշվով։Դուբլի հեղինակ դարձավ Մալին ներկայացնող հարձակվող Կալիֆալա Դումբիան, որը 58-րդ րոպեին արդյունավետ իրացրեց 11-մետրանոցը, իսկ 72-րդ րոպեին կրկնապատկեց հյուրերի առավելությունը։«Արարատը» եւ «Շիրակը» 12-ական միավորով հետնապահներն են։Հետևեք NEWS.am SPORT-ին Facebook-ում, Twitter և Telegram-ում",Sport,https://sport.news.am/arm/news/166160/
Յանիկ Սիների 350-րդ հաղթանակը ATP-ի մրցաշարերում,"Աշխարհի առաջին ռակետ Յանիկ Սիները 350-րդ հաղթանակը (438 մրցախաղում) տարավ Պրոֆեսիոնալ թենիսիստների ասոցիացիայի (ATP) մրցաշարերում։Իսպանիայի մայրաքաղաք Մադրիդում անցկացվող «Մասթերս» մրցաշարի կիսաեզրափակիչում իտալացի թենիսիստը 6:2, 6:4 հաշվով հաղթեց աշխարհի 25-րդ ռակետ, ֆրանսիացի Արթյուր Ֆիսին։Եզրափակիչում Յանիկ Սիների մրցակիցը կլինի աշխարհի երրորդ ռակետ, Գերմանիայի ներկայացուցիչ Ալեքսանդր Զվերեւի եւ աշխարհի 69-րդ ռակետ, բելգիացի Ալեքսանդր Բլոկսի դիմակայության հաղթողը։Հետևեք NEWS.am SPORT-ին Facebook-ում, Twitter և Telegram-ում",Sport,https://sport.news.am/arm/news/166161/
Օրվա հանդիպումների անոնս,"Ֆուտբոլի Հայաստանի, Անգլիայի, Իսպանիայի, Իտալիայի, Գերմանիայի եւ Ֆրանսիայի առաջնություններում մայիսի 2-ին տեղի կունենան հերթական տուրերի հանդիպումները։ Հայաստանի առաջնություն, 24-րդ տուրԲԿՄԱ - «Ալաշկերտ»՝ 16:00«Գանձասար» - «Վան»՝ 19:00Անգլիայի առաջնություն, 35-րդ տուր«Բրենթֆորդ» - «Վեստ Հեմ»՝ 18:00 (Երեւանի ժամանակ)«Նյուքասլ Յունայթեդ» - «Բրայթոն»՝ 18:00«Վուլվերհեմփթոն» - «Սանդերլենդ»՝ 18:00«Արսենալ» - «Ֆուլհեմ»՝ 20:30Իսպանիայի առաջնություն, 34-րդ տուր«Վիլյառեալ» - «Լեւանտե»՝ 16։00«Վալենսիա» - «Աթլետիկո Մադրիդ»՝ 18։15«Ալավես» - «Աթլետիկ Բիլբաո»՝ 20։30«Օսասունա» - «Բարսելոնա»՝ 23։00 Իտալիայի առաջնություն, 35-րդ տուր«Ուդինեզե» - «Տորինո»՝ 17։00«Կոմո» - «Նապոլի»՝ 20։00«Ատալանտա» - «Ջենոա»՝ 22։45Գերմանիայի առաջնություն, 32-րդ տուր«Բավարիա» - «Հայդենհայմ»՝ 17:30«Այնտրախտ» - «Համբուրգ»՝ 17:30«Հոֆենհայմ» - «Շտուտգարտ»՝ 17:30«Ունիոն Բեռլին» - «Քյոլն»՝ 17:30«Վերդեր» - «Աուգսբուրգ»՝ 17:30«Բայեր» - «ՌԲ Լայպցիգ»՝ 20:30Ֆրանսիայի առաջնություն, 32-րդ տուր«Նանտ» - «Մարսել»՝ 17:00ՊՍԺ - «Լորիան»՝ 19:00«Մեց» - «Մոնակո»՝ 21:00«Նիցա» - «Լանս»՝ 23:05Հետևեք NEWS.am SPORT-ին Facebook-ում, Twitter և Telegram-ում",Sport,https://sport.news.am/arm/news/166162/
"Զարգացման գավաթ․ Հայաստանի մինչեւ 14 եւ 16 տարեկանների հավաքականների 
խաղացանկը","Երևանում կանցկացվի ֆուտբոլի Զարգացման գավաթի մրցաշար Մ-14 (2012թ․ ծնվածներ) և Մ-15 (2011թ․ ծնվածներ) տարիքային խմբերում։Մ-15 տարեկանների մրցաշարին կմասնակցեն Հայաստանի, Ուզբեկստանի, Մոլդովայի և Վրաստանի հավաքականները։ԽաղացանկՀայաստան Մ-15 - Ուզբեկստան Մ-15, 08․05․2026, 11։00 Մոլդովա Մ-15 - Վրաստան Մ-15, 08․05․2026, 13։00Հայաստան Մ-15 - Մոլդովա Մ-15, 10.05.2026, 11:00Ուզբեկստան Մ-15 - Վրաստան Մ-15, 10․05․2026, 13։00  Հայաստան Մ-15 - Վրաստան Մ-15, 12.05.2026, 11:00 Մոլդովա Մ-15 - Ուզբեկստան Մ-15 12․05․2026, 11։00Մ-14 տարեկանների մրցաշարին Հայաստանը կներկայանա երկու թիմով։ Երևան կժամանի նաև Լատվիայի թիմը։ԽաղացանկՀայաստան Մ-14 - Լատվիա Մ-14, 08․05․2026, 17։00Հայաստան Մ-14 - Հայաստան Մ-14-2, 10․05․2026, 17։00Լատվիա Մ-14 - Հայաստան Մ-14-2, 12․05․2026, 13։30Բոլոր հանդիպումները կանցկացվեն ՀՖՖ Տեխնիկական կենտրոն/ֆուտբոլի ակադեմիայում։Հետևեք NEWS.am SPORT-ին Facebook-ում, Twitter և Telegram-ում",Sport,https://sport.news.am/arm/news/166163/
«Շիրակը» հեռացրեց գլխավոր մարզիչին,"Արսեն Հովհաննիսյանը հեռացել է Գյումրու «Շիրակի» գլխավոր մարզիչի պաշտոնից, հաղորդում է ակումբի մամուլի ծառայությունը։  Արսեն Հովհաննիսյանը երկրորդ անգամ «Շիրակի» գլխավոր մարզիչի պաշտոնում նշանակվել էր անցած տարվա հունիսին։Արսեն Հովհաննիսյանի գլխավորությամբ «Շիրակը» նախկինում դարձել է Հայաստանի Սուպերգավաթակիր: Մինչեւ անցած տարվա նշանակումը նա զբաղեցրել էր «Շիրակի» ակադեմիայի տեխնիկական տնօրենի պաշտոնը:Հետևեք NEWS.am SPORT-ին Facebook-ում, Twitter և Telegram-ում",Sport,https://sport.news.am/arm/news/166164/
«Ալաշկերտը» բաց թողեց հաղթանակը 2:0-ից հետո (տեսանյութ),"Ֆուտբոլի Հայաստանի Պրեմիեր լիգայի առաջնության նախավերջին տուրում «Ալաշկերտը» հյուրընկալվեց ԲԿՄԱ-ին եւ բաց թողեց երկու գոլի առավելությունը։ Գրանցվեց ոչ ոքի՝ 2:2:«Ալաշկերտը» 44 միավորով չորրորդն է, ԲԿՄԱ-ն 7-րդն է՝ 22 միավոր։Հայաստանի առաջնություն, 24-րդ տուրԲԿՄԱ - «Ալաշկերտ»՝ 2:2Սուրեն Կիրակոսյան, 80, Հարություն Մանուկյան, 82 - Կարեն Նալբանդյան, 4, Մոմո Տուրե, 56Հեռացում՝ Ռոբերտ Հակոբյան («Ալաշկերտ»), 63, երկրորդ դեղին քարտՀետևեք NEWS.am SPORT-ին Facebook-ում, Twitter և Telegram-ում",Sport,https://sport.news.am/arm/news/166165/
«Բավարիան» վերջին վայրկյաններին խուսափեց պարտությունից (տեսանյութ),"Գերմանիայի Բունդեսլիգայի ընթացիկ մրցաշրջանի չեմպիոնությունն ապահոված «Բավարիան» Մյունխենում երկրի առաջնության 32-րդ տուրի խաղում մրցեց «Հայդենհայմի» հետ եւ պարտությունից խուսափեց ավելացված 10-րդ րոպեին։ Գրանցվեց ոչ ոքի՝ 3:3 հաշվով։Բելգիացի Վենսան Կոմպանիի գլխավորած թիմից դուբլի հեղինակ դարձավ գերմանացի կիսապաշտպան Լեոն Գորեցկան։«Հայդենհայմից» դուբլ ձեւակերպեց վրացի հարձակվող Բուդու Զիվզիվաձեն։ Աչքի ընկավ նաեւ թուրք կիսապաշտպան Էրեն Դինքչին։Ավելացված վերջին րոպեին սեփական դարպասը գրավեց հյուրերի գերմանացի դարպասապահ Դիանտ Ռամայը։«Բավարիան» ունի 83 միավոր։ «Հայդենհայմը» 23 միավորով վերջին տեղում է եւ լքելու է Բունդեսլիգան։Գերմանիայի առաջնություն, 32-րդ տուր«Բավարիա» - «Հայդենհայմ»՝ 3:3 (տեսանյութ)Լեոն Գորեցկա, 44, 57, Դիանտ Ռամայ, 90+10, ինքնագոլ - Բուդու Զիվզիվաձե, 22, 76, Էրեն Դինքչի, 31Հետևեք NEWS.am SPORT-ին Facebook-ում, Twitter և Telegram-ում",Sport,https://sport.news.am/arm/news/166166/
Մադրիդի «Աթլետիկոն» հաղթեց «Վալենսիային» (տեսանյութ)," Iker Luque nunca olvidará el 2 de mayo de 2026. ValenciaAtleti | LALIGAHighlights | DesenlaceLALIGA pic.twitter.com/vc6a5We4KLԻսպանիայի առաջնության 34-րդ տուրում Մադրիդի «Աթլետիկոն» հյուրընկալվեց «Վալենսիային»։ Արգենտինացի Դիեգո Սիմեոնեի գլխավորած թիմն առավելության հասավ 2:0 հաշվով։Աչքի ընկան իսպանացի հարձակվողներ Իկեր Լուկեն եւ Միգել Կուբոն։«Աթլետիկոն» 63 միավորով չորրորդն է, «Վալենսիան» 13-րդն է՝ 30 միավոր։Իսպանիայի առաջնություն, 34-րդ տուր«Վալենսիա» - «Աթլետիկո Մադրիդ»՝ 0:2 (տեսանյութ)Իկեր Լուկե, 74, Միգել Կուբո, 82Հետևեք NEWS.am SPORT-ին Facebook-ում, Twitter և Telegram-ում",Sport,https://sport.news.am/arm/news/166167/
ՊՍԺ-ն չհաղթեց տանը (տեսանյութ),"Ֆրանսիայի առաջնության 32-րդ տուրում չեմպիոն ՊՍԺ-ն հյուրընկալեց «Լորիանին» եւ բավարարվեց ոչ ոքի արդյունքով՝ 2:2:ՊՍԺ-ն 70 միավորով գլխավորում է մրցաշարային աղյուսակը, «Լորիանը» 9-րդն է՝ 42 միավոր։Ֆրանսիայի առաջնություն, 32-րդ տուրՊՍԺ - «Լորիան»՝ 2:2 (տեսանյութ)Իբրահիմ Մբայե, 6, Ուորեն Զաիր-Էմերի, 62 - Պաբլո Պաժի, 12, Այեգուն Թոսին, 78Հետևեք NEWS.am SPORT-ին Facebook-ում, Twitter և Telegram-ում",Sport,https://sport.news.am/arm/news/166168/
«Վանն» ուժեղ էր «Գանձասարից» (տեսանյութ),"Հայաստանի Պրեմիեր լիգայի առաջնության 24-րդ տուրի խաղում «Գանձասարն» ընդունեց «Վանին» եւ պարտվեց 0։1 հաշվով։37-րդ րոպեին աչքի ընկավ կիսապաշտպան Բենիկ Հովհաննիսյանը։«Վանը» 28 միավորով 6-րդն է, «Գանձասարն» ունի 21 միավոր եւ 8-րդ տեղում է։Հետևեք NEWS.am SPORT-ին Facebook-ում, Twitter և Telegram-ում",Sport,https://sport.news.am/arm/news/166169/
«Կոմոն» ու «Նապոլին» գոլ չխփեցին,"Իտալիայի առաջնության 35-րդ տուրում չեմպիոն «Նապոլին» հյուրընկալվեց «Կոմոյին»։Գրանցվեց ոչ ոքի՝ 0:0:«Նապոլին» 70 միավորով երկրորդն է, «Կոմոն» 5-րդ տեղում է՝ 62 միավոր։Հետևեք NEWS.am SPORT-ին Facebook-ում, Twitter և Telegram-ում",Sport,https://sport.news.am/arm/news/166170/
«Արսենալը» պարտության մատնեց «Ֆուլհեմին» (տեսանյութ),"Անգլիայի Պրեմիեր լիգայի առաջնության 35-րդ տուրում փոխչեմպիոն «Արսենալը» տանը մրցեց «Ֆուլհեմի» հետ։Իսպանացի Միկել Արտետայի գլխավորած թիմը հաղթեց 3:0 հաշվով։ Դուբլի հեղինակ դարձավ Շվեդիայի հավաքականի հարձակվող Վիկտոր Դյոկերեշը եւ անգլիացի հարձակվող Բուկայո Սական։«Արսենալը» 76 միավորով գլխավորում է մրցաշարային աղյուսակը եւ 6 միավոր առաջ է երկրորդ տեղում գտնվող «Մանչեսթեր Սիթիից», որը 2 հանդիպում քիչ է անցկացրել։ «Ֆուլհեմը» 10-րդն է՝ 48 միավոր։Անգլիայի առաջնություն, 35-րդ տուր«Արսենալ» - «Ֆուլհեմ»՝ 3:0 (տեսանյութ)Վիկտոր Դյոկերեշ, 9, 45+4, Բուկայո Սակա, 40Հետևեք NEWS.am SPORT-ին Facebook-ում, Twitter և Telegram-ում",Sport,https://sport.news.am/arm/news/166171/
Օրվա հանդիպումների անոնս,"Ֆուտբոլի Հայաստանի, Անգլիայի, Իսպանիայի, Իտալիայի, Գերմանիայի եւ Ֆրանսիայի առաջնություններում մայիսի 3-ին տեղի կունենան հերթական տուրերի հանդիպումները։Հայաստանի առաջնություն, 24-րդ տուր «Նոա» - «Փյունիկ»՝ 19:00«Ուրարտու» - «Արարատ-Արմենիա»՝ 19:00Անգլիայի առաջնություն, 35-րդ տուր«Բորնմուտ» - «Քրիսթալ Փելաս»՝ 17:00 (Երեւանի ժամանակ)«Մանչեսթեր Յունայթեդ» - «Լիվերպուլ»՝ 18:30«Աստոն Վիլա» - «Տոտենհեմ»՝ 22:00Իսպանիայի առաջնություն, 34-րդ տուր«Սելտա» - «Էլչե»՝ 16։00«Խետաֆե» - «Ռայո Վալիեկանո»՝ 18։15«Բետիս» - «Ռեալ Օվիեդո»՝ 20։30«Էսպանյոլ» - «Ռեալ Մադրիդ»՝ 23։00Իտալիայի առաջնություն, 35-րդ տուր«Բոլոնիա» - «Կալյարի»՝ 14։30«Սասուոլո» - «Միլան»՝ 17։00«Յուվենտուս» - «Վերոնա»՝ 20։00«Ինտեր» - «Պարմա»՝ 22։45Գերմանիայի առաջնություն, 32-րդ տուր«Սանկտ Պաուլի» - «Մայնց»՝ 17:30«Բորուսիա Մյոնխենգլադբախ» - «Բորուսիա Դորտմունդ»՝ 19:30«Ֆրայբուրգ» - «Վոլֆսբուրգ»՝ 21:30Ֆրանսիայի առաջնություն, 32-րդ տուր«Լիլ» - «Հավր»՝ 17:00«Օսեր» - «Անժե»՝ 19:15«Փարիզ» - «Բրեստ»՝ 19:15«Ստրասբուրգ» - «Թուլուզ»՝ 19:15«Լիոն» - «Ռեն»՝ 19:15Հետևեք NEWS.am SPORT-ին Facebook-ում, Twitter և Telegram-ում",Sport,https://sport.news.am/arm/news/166172/
Լեւանդովսկու եւ Տորեսի գոլերը հաղթանակ բերեցին «Բարսելոնային» (տեսանյութ),"Իսպանիայի առաջնության 34-րդ տուրում չեմպիոն «Բարսելոնան» հյուրընկալվեց «Օսասունային» եւ հաղթեց 2:1 հաշվով։Գերմանացի Հանս-Դիտեր Ֆլիկի գլխավորած թիմից գոլերը խփեցին լեհ հարձակվող Ռոբերտ Լեւանդովսկին եւ իսպանացի հարձակվող Ֆերան Տորեսը։«Բարսելոնան» 88 միավորով գլխավորում է մրցաշարային աղյուսակը եւ 14 միավոր առաջ է երկրորդ տեղում գտնվող փոխչեմպիոն «Ռեալից», որը մեկ հանդիպում քիչ է անցկացրել։ «Օսասունան» 10-րդն է՝ 42 միավոր։Իսպանիայի առաջնություն, 34-րդ տուր«Օսասունա» - «Բարսելոնա»՝ 1:2 (տեսանյութ)Ռաուլ, 89 - Ռոբերտ Լեւանդովսկի, 81, Ֆերան Տորես, 86Հետևեք NEWS.am SPORT-ին Facebook-ում, Twitter և Telegram-ում",Sport,https://sport.news.am/arm/news/166173/
"Տիգրան Բարսեղյանի գոլը հաղթանակ եւ չեմպիոնական տիտղոս բերեց «Սլովանին» 
(տեսանյութ)","Բրատիսլավայի «Սլովանը» 8-րդ անգամ անընդմեջ նվաճեց Սլովակիայի չեմպիոնի տիտղոսը։ Չեմպիոնական խմբի 8-րդ տուրում «Սլովանը» տանը 1:0 հաշվով հաղթեց «Դանայսկա Ստրեդային»։ Միակ գոլը 79-րդ րոպեին խփեց Հայաստանի հավաքականի նախկին հարձակվող Տիգրան Բարսեղյանը։«Սլովանը» վաստակել է 65 միավոր եւ 10 միավոր առաջ է երկրորդ տեղում գտնվող «Դանայսկա Ստրեդայից»։ Թիմը տիտղոսն ապահովեց առաջնության ավարտից երկու տուր առաջ։Հետևեք NEWS.am SPORT-ին Facebook-ում, Twitter և Telegram-ում",Sport,https://sport.news.am/arm/news/166174/
«Պորտուն»՝ Պորտուգալիայի չեմպիոն,"O  acabou assim #ConseguimosJuntos pic.twitter.com/SE3h153JjA«Պորտուն» նվաճեց Պորտուգալիայի չեմպիոնի տիտղոսը՝ առաջնության 32-րդ տուրի տնային խաղում 1:0 հաշվով հաղթելով «Ալվերկային»։ Միակ գոլը 40-րդ րոպեին խփել է լեհ պաշտպն Յան Բեդնարեկը։«Պորտուն» 32 խաղից հետո 85 միավորով անհասանելի դարձավ 76 միավորով երկրորդ տեղում գտնվող «Բենֆիկայի» համար։«Պորտուն» 31-րդ անգամ հռչակվեց Պորտուգալիայի չեմպիոն։O desfile dos campeões no Coreto #ConseguimosJuntos pic.twitter.com/5GQaRmeDOq

Հետևեք NEWS.am SPORT-ին Facebook-ում, Twitter և Telegram-ում",Sport,https://sport.news.am/arm/news/166175/
"«Ինտեր Մայամին» պարտվեց 3:0 առավելությունից հետո, Մեսին՝ գոլի հեղինակ (տեսանյութ)","ՄԼՍ-ի կանոնավոր առաջնության հերթական խաղում չեմպիոն «Ինտեր Մայամին» ընդունեց «Օռլանդո Սիթիին» եւ պարտվեց 3:4 հաշվով։Ընթացքում «Ինտեր Մայամին» առջեւում էր 3:0 հաշվով։Գոլի եհ գոլային փոխանցման հեղինակ դարձավ աշխարհի չեմպիոն Արգենտինայի հավաքականի հարձակվող Լիոնել Մեսին։Արեւելյան կոնֆերենցիայում «Ինտեր Մայամին» 10 խաղից հետո 19 միավորով երկրորդն է։ՄԼՍ, կանոնավոր առաջնություն«Ինտեր Մայամի» - «Օռլանդո Սիթի»՝ 3:4Իեն Ֆրեյ, 4, Տելասկո Սեգովիա, 25, Լիոնել Մեսի, 33 - Մարտին Օխեդա, 39, 68, 78, 11մ, Թայրիզ Սփայսեր, 90+3Հետևեք NEWS.am SPORT-ին Facebook-ում, Twitter և Telegram-ում",Sport,https://sport.news.am/arm/news/166176/
Աշխարհի գավաթ․ Յանա Եգորյանը՝ ոսկե մեդալակիր,"Կրկնակի օլիմպիական չեմպիոն Յանա Եգորյանը նվաճեց Հարավային Կորեայում անցկացված սուսերամարտի աշխարհի գավաթի խաղարկության փուլային մրցաշարի ոսկե մեդալը։Թրամարտի եզրափակիչում ռուսաստանցի մարզուհին 15:7 հաշվով պարտության մատնեց ամերիկացի Մայա Չեմբերլենին։Բրոնզե մեդալները նվաճեցին իսպանացի Արասելի Նավարոն եւ բուլղարացի Յոաննա Ալիեւան։Ռուսաստանի ներկայացուցիչները չեզոք կարգավիճակում են մասնակցում Սուսերամարտի միջազգային ֆեդերացիայի մրցաշարերին։Հետևեք NEWS.am SPORT-ին Facebook-ում, Twitter և Telegram-ում",Sport,https://sport.news.am/arm/news/166177/
«Միլանը» պարտվեց «Սասուոլոյին» (տեսանյութ),"Berardi finds the bottom-left corner to give the hosts an early lead! #SassuoloMilan 1-0 pic.twitter.com/GLi9tYDGuUԻտալիայի առաջնության 35-րդ տուրում «Միլանը» հյուրընկալվեց «Սասուոլոյին» եւ պարտություն կրեց 0:2 հաշվով։#SassuoloMilan pic.twitter.com/pPfpnsZMsx

Արդեն 5-րդ րոպեին հանդիպման հաշիվը բացեց դաշտի տերերի իտալացի հարձակվող Դոմենիկո Բերարդին։ 24-րդ րոպեին երկրորդ դեղին քարտի համար հեռացվեց «Միլանի» անգլիացի պաշտպան Ֆիկայո Տոմորին։ «Սասուոլոյի» երկրորդ գոլը 47-րդ րոպեին խփեց ֆրանսիացի հարձակվող Արման Լորիենտեն։«Միլանը» 67 միավորով երրորդն է, «Սասուոլոն» 9-րդ տեղում է՝ 49 միավոր։Իտալիայի առաջնություն, 35-րդ տուր«Սասուոլո» - «Միլան»՝ 2:0 (տեսանյութ)Դոմենիկո Բերարդի, 5, Արման Լորիենտե, 47Հեռացում՝ Ֆիկայո Տոմորի («Միլան»), 24, երկրորդ դեղին քարտՀետևեք NEWS.am SPORT-ին Facebook-ում, Twitter և Telegram-ում",Sport,https://sport.news.am/arm/news/166178/
Վարդան Բիչախչյանը դարձյալ գլխավորեց «Շիրակը»,"Գյումրու «Շիրակի» գլխավոր մարզչի պարտականությունները ստանձնել է Վարդան Բիչախչյանը, հաղորդում է ակումբի մամուլի ծառայությունը։Բիչախչյանի մարզչական շտաբում կլինեն Ֆելիքս Խոջոյանը, Տիգրան Դավթյանը, Արտակ Ադամյանը և դարպասապահների մարզիչ Արթուր Հովհաննիսյանը։Բիչախչյանը երկրորդ անգամ է գլխավորում «Շիրակը»։  2020 թվականի ամռանը Երեւանի «Արարատը» գլխավորելուց առաջ Բիչախչյանը հարազատ «Շիրակի» ղեկին անցկացրել էր 11 տարի՝ 344 խաղ, թիմի հետ դարձել Հայաստանի չեմպիոն, նաև կրկնակի գավաթակիր ու մեկ անգամ էլ սուպերգավաթակիր:«Արարատը» Վարդան Բիչախչյանի գլխավորությամբ 13 տարի անց դարձավ Հայաստանի գավաթակիր և մեկ փուլ հաղթահարեց եվրագավաթներում: 2022թ․ հունվարին նա լքեց «Արարատը»։Դրանից հետո նա մինչեւ 2023թ․ հունիս գլխավորել էր Երեւանի «Արարատ-Արմենիան»։Հետևեք NEWS.am SPORT-ին Facebook-ում, Twitter և Telegram-ում",Sport,https://sport.news.am/arm/news/166179/
"«Կրասնոդարի» հաղթանակը, Սպերցյանի գոլային փոխանցումը (տեսանյութ)","Ֆուտբոլի Ռուսաստանի Պրեմիեր լիգայի առաջնության 28-րդ տուրում չեմպիոն «Կրասնոդարը» հյուրընկալվեց Տոլյատիի «Ակրոնին» եւ հաղթեց նվազագույն հաշվով։72-րդ րոպեին աչքի ընկավ կոլումբացի հարձակվող Ջոն Կորդոբան, որին գոլային փոխանցում կատարեց Հայաստանի հավաքականի կիսապաշտպան Էդուարդ Սպերցյանը։«Կրասնոդարը» 63 միավորով գլխավորում է մրցաշարային աղյուսակը եւ 1  միավոր է գերազանցում երկրորդ տեղում գտնվող «Զենիթին»։Հետևեք NEWS.am SPORT-ին Facebook-ում, Twitter և Telegram-ում",Sport,https://sport.news.am/arm/news/166180/
Ալեքս Ֆերգյուսոնը հոսպիտալացվել է,"Անգլիական «Մանչեսթեր Յունայթեդի» նախկին գլխավոր մարզիչ, 84-ամյա լեգենդար շոտլանդացի Ալեքս Ֆերգյուսոնը տեղափոխվել է հիվանդանոց։ Նրա ինքնազգացողությունը կտրուկ վատացել է «Մանչեսթեր Յունայթեդ» - «Լիվեպուլ» հանդիպումից առաջ։Ֆերգյուսոնը հիվանդանոց է տեղափոխվել Մանչեսթերի  «Օլդ Տրաֆորդ» ստադիոնից, հաղորդում է The Sun-ը։«Մանչեսթեր Յունայթեդն» ու «Լիվերպուլը» հանդիպում են Պրեմիեր լիգայի 35-րդ տուրի խաղում։ Ընթանում է երկրորդ խաղակեսը, հաշիվը հավասար է՝ 2:2:Հետևեք NEWS.am SPORT-ին Facebook-ում, Twitter և Telegram-ում",Sport,https://sport.news.am/arm/news/166182/
«Մանչեսթեր Յունայթեդը» պարտության մատնեց «Լիվերպուլին» (տեսանյութ),"Անգլիայի Պրեմիեր լիգայի առաջնության 35-րդ տուրում «Մանչեսթեր Յունայթեդն» «Օլդ Տրաֆորդում» ընդունեց չեմպիոն «Լիվերպուլին» եւ պարտության մատնեց 3:2 հաշվով։Մանչեսթերյան թիմից աչքի ընկան բրազիլացի հարձակվող Մատեուս Կունյան, սլովենացի հարձակվող Բենիամին Շեշկոն եւ անգլիացի կիսապաշտպան Կոբի Մայնուն։«Լիվերպուլի» գոլերը խփեցին հունգարացի կիսապաշտպան Դոմինիկ Սոբոսլաին եւ հոլանդացի հարձակվող Կոդի Գակպոն։«Մանչեսթեր Յունայթեդը» 64 միավորով երրորդն է եւ ապահովել է տեղը Չեմպիոնների լիգայի հաջորդ մրցաշրջանի ընդհանուր փուլում, «Լիվերպուլը» հետ է 6 միավոր եւ չորրորդն է։Անգլիայի առաջնություն, 35-րդ տուր«Մանչեսթեր Յունայթեդ» - «Լիվերպուլ»՝ 3:2 (տեսանյութ)Մատեուս Կունյա, 6, Բենիամին Շեշկո, 14, Կոբի Մայնու, 77 - Դոմինիկ Սոբոսլաի, 47, Կոդի Գակպո, 56Հետևեք NEWS.am SPORT-ին Facebook-ում, Twitter և Telegram-ում",Sport,https://sport.news.am/arm/news/166183/
Յանիկ Սիները՝ Մադրիդի «Մասթերսի» հաղթող,"Աշխարհի առաջին ռակետ Յանիկ Սիները նվաճեց Իսպանիայի մայրաքաղաք Մադրիդում անցկացված «Մասթերս» մրցաշարի տիտղոսը։Եզրափակիչում իտալացի թենիսիստը 6:1, 6:2 հաշվով հաղթեց աշխարհի երրորդ ռակետ, Գերմանիայի ներկայացուցիչ Ալեքսանդր Զվերեւին։ Մրցախաղը տեւեց 58 րոպե։Սիները 9-րդ տիտղոսը նվաճեց «Մասթերս» շարքում։ Նա 28 տիտղոս ունի կարիերայում։Հետևեք NEWS.am SPORT-ին Facebook-ում, Twitter և Telegram-ում",Sport,https://sport.news.am/arm/news/166184/
"«Արարատ-Արմենիան» հաղթեց «Ուրարտուին», «Փյունիկն» ու «Նոան» գոլ չխփեցին 
(տեսանյութ)","Հայաստանի Պրեմիեր լիգայի առաջնության 24-րդ տուրում «Արարատ-Արմենիան» հյուրընկալվեց «Ուրարտուին» եւ հաղթեց 2:0 հաշվով։Դուբլի հեղինակ դարձավ սենեգալցի հարձակվող Ալիունե Նդուրը, որն աչքի ընկավ 72-րդ եւ ավելացված չորրորդ րոպեներին։«Արարատ-Արմենիան» 23 խաղից հետո 51 միավորով գլխավորում է մրցաշարային աղյուսակը, «Ուրարտուն» 45 միավորով երրորդն է։Նույնքան միավորով երկրորդ տեղում է «Փյունիկը», որը 0:0 հաշվով ավարտեց հանդիպումը չեմպիոն «Նոայի» հետ։Հետևեք NEWS.am SPORT-ին Facebook-ում, Twitter և Telegram-ում",Sport,https://sport.news.am/arm/news/166185/
«Ինտերի» մեկնարկային կազմը,"Իտալիայի առաջնության 35-րդ տուրում փոխչեմպիոն եւ առաջատար «Ինտերը» կընդունի «Պարմային»։ Միլանյան թիմի ռումինացի գլխավոր մարզիչ Կրիստիան Կիվուն հրապարակել է մեկնարկային կազմը՝ Հայաստանի հավաքականի նախկին ավագ, կիսապաշտպան Հենրիխ Մխիթարյանին թողնելով պահեստայինների թվում։«Ինտեր»․ Զոմեր, Բիսեկ, Ականջի, Բաստոնի, Դյումֆրիս, Բարելա, Զելինսկի, Սուչիչ, Դիմարկո, Տյուրամ, Էսպոզիտո։Հանդիպումը կմեկնարկի Երեւանի ժամանակով 22:45-ին։Հետևեք NEWS.am SPORT-ին Facebook-ում, Twitter և Telegram-ում",Sport,https://sport.news.am/arm/news/166186/
Բունդեսլիգա․ 32-րդ տուրի արդյունքներն ու մրցաշարային դրությունը,"Ֆուտբոլի Գերմանիայի Բունդեսլիգայի առաջնությունում ավարտվել են 32-րդ տուրի հանդիպումները։Նորընծա չեմպիոն «Բավարիան» ունի 83 միավոր։ Երկրորդ տեղում ընթացող Դորտմունդի «Բորուսիան» վաստակել է 67 միավոր։Գերմանիայի առաջնություն, 32-րդ տուր«Վերդեր» - «Աուգսբուրգ»՝ 1:3«Այնտրախտ» - «Համբուրգ»՝ 1:2«Հոֆենհայմ» - «Շտուտգարտ»՝ 3:3«Բավարիա» - «Հայդենհայմ»՝ 3:3«Ունիոն Բեռլին» - «Քյոլն»՝ 2:2«Բայեր» - «ՌԲ Լայպցիգ»՝ 4:1«Սանկտ Պաուլի» - «Մայնց»՝ 1:2«Բորուսիա Մյոնխենգլադբախ» - «Բորուսիա Դորտմունդ»՝ 1:0«Ֆրայբուրգ» - «Վոլֆսբուրգ»՝ 1:1Հետևեք NEWS.am SPORT-ին Facebook-ում, Twitter և Telegram-ում",Sport,https://sport.news.am/arm/news/166187/
"«Ինտերը» 21-րդ անգամ հռչակվեց Իտալիայի չեմպիոն, Մխիթարյանը՝ գոլի հեղինակ 
(տեսանյութ)","Միլանի «Ինտերը» 21-րդ անգամ նվաճեց Իտալիայի չեմպիոնի տիտղոսը։Ա Սերիայի առաջնության 35-րդ տուրում անցած մրցաշրջանի փոխչեմպիոնն ընդունեց «Պարմային» եւ առավելության հասավ 2:0 հաշվով։Ռումինացի Կրիստիան Կիվուի գլխավորած թիմից առաջին խաղակեսին ավելացված առաջին րոպեին աչքի ընկավ ֆրանսիացի հարձակվող Մարկուս Տյուրամը (տեսանյութ)։Հայաստանի հավաքականի նախկին ավագ, կիսապաշտպան Հենրիխ Մխիթարյանը պահեստայինների թվում էր եւ փոխարինման դուրս եկավ 67-րդ րոպեին։ Նա գոլի հեղինակ դարձավ 80-րդ րոպեին։ Մխիթարյանին գոլային փոխանցում կատարեց աշխարհի չեմպիոն Արգենտինայի հավաքականի հարձակվող Լաուտարո Մարտինեսը։«Ինտերը» վաստակեց 82 միավոր եւ առաջնության ավարտից 3 տուր առաջ 12 միավոր գերազանցում է երկրորդ տեղում գտնվող անցած տարվա չեմպիոն «Նապոլիին»։«Ինտերի» կազմում Հենրիխ Մխիթարյանը երկրորդ անգամ դարձավ Իտալիայի չեմպիոն 2024 թվականի տիտղոսից հետո։Կրիստիան Կիվուն 2025թ․ հունիսից է գլխավորում «Ինտերը»։ Ֆուտբոլիստի կարիերայի ընթացքում նա «Ինտերի» հետ երեք անգամ դարձել է Իտալիայի չեմպիոն, երկու անգամ՝ Իտալիայի գավաթակիր, մեկ անգամ՝ Չեմպիոնների լիգայի գավաթակիր։pic.twitter.com/Ei5G9PCu66

21 vittoria, grande baldoria! pic.twitter.com/UmH6MLnJ4k

Por la mañana pic.twitter.com/0WibGzdUuJ

Հետևեք NEWS.am SPORT-ին Facebook-ում, Twitter և Telegram-ում",Sport,https://sport.news.am/arm/news/166188/
«Ռեալին» հաղթանակ բերեց Վինիսիուսի դուբլը (տեսանյութ),"Իսպանիայի առաջնության 34-րդ տուրում փոխչեմպիոն Մադրիդի «Ռեալը» Բարսելոնայում հյուրընկալվեց «Էսպանյոլին» եւ հաղթեց 2:0 հաշվով (տեսանյութ)։Դուբլի հեղինակ դարձավ բրազիլացի հարձակվող Վինիսիուս Ժունիորը։ Նա գոլերը խփեց 55-րդ եւ 66-րդ րոպեներին։«Ռեալը» 77 միավորով երկրորդն է եւ առաջատար «Բարսելոնայից» հետ է 11 միավոր։ «Էսպանյոլը» 39 միավորով 13-րդ տեղում է։Հետևեք NEWS.am SPORT-ին Facebook-ում, Twitter և Telegram-ում",Sport,https://sport.news.am/arm/news/166189/
"Էդուարդ Սպերցյանը «Կրասնոդարում» հասավ 100 արդյունավետ գործողությունների 
ցուցանիշին","Հայաստանի հավաքականի ավագ Էդուարդ Սպերցյանը դարձավ Ռուսաստանի չեմպիոն «Կրասնոդարի» պատմության մեջ երկրորդ ֆուտբոլիստը, որը հասավ 100 արդյունավետ գործողությունների (գոլ+գոլային փոխանցում) ցուցանիշին թիմի կազմում, հաղորդում է ակումբի մամուլի ծառայությունը։Ռուսական Պրեմիեր լիգայի 28-րդ տուրի խաղում (1:0) Սպերցյանի գոլային փոխանցումից հետո կոլումբացի հարձակվող Ջոն Կորդոբան գրավեց «Ակրոնի» դարպասը։Կորդոբան առաջինն էր հասել 100 արդյունավետ գործողությունների ցուցանիշին «Կրասնոդարում»։Ակումբի ակադեմիայի սաներից Սպերցյանն առաջինն է այս ցուցանիշով։Սպերցյանը «Կրասնոդարի» կազմում խփել է 57 գոլ, կատարել 43 գոլային փոխանցում։Հետևեք NEWS.am SPORT-ին Facebook-ում, Twitter և Telegram-ում",Sport,https://sport.news.am/arm/news/166190/
Ֆրանսիայի առաջնություն․ 32-րդ տուրի արդյունքներն ու մրցաշարային դրությունը,"Ֆուտբոլի Ֆրանսիայի առաջնությունում ավարտվել են 32-րդ տուրի հանդիպումները։Մրցաշարային աղյուսակը 70 միավորով գլխավորում է չեմպիոն ՊՍԺ-ն։ Երկրորդ տեղում է «Լանսը», որն ունի 64 միավոր։Ֆրանսիայի առաջնություն, 32-րդ տուր «Նանտ» - «Մարսել»՝ 3:0ՊՍԺ - «Լորիան»՝ 2:2«Մեց» - «Մոնակո»՝ 1:2«Նիցա» - «Լանս»՝ 1:1«Լիլ» - «Հավր»՝ 1:1«Ստրասբուրգ» - «Թուլուզ»՝ 1:2«Փարիզ» - «Բրեստ»՝ 4:0«Օսեր» - «Անժե»՝ 3:1«Լիոն» - «Ռեն»՝ 4:2Հետևեք NEWS.am SPORT-ին Facebook-ում, Twitter և Telegram-ում",Sport,https://sport.news.am/arm/news/166191/
NBA. Փլեյ-օֆֆի 1/4 եզրափակիչի զույգերը,"Բասկետբոլի ազգային ասոցիացիայի (NBA) առաջնությունում հայտնի են փլեյ-օֆֆի քառորդ եզրափակիչի բոլոր զույգերը․ «Օկլահոմա Սիթի Թանդեր» - «Լոս Անջելես Լեյքերս»«Սան Անտոնիո Սփյորս» - «Մինեսոտա Թիմբերվուլվզ»«Դետրոյթ Փիսթոնս» - «Քլիվլենդ Քավալիերս»«Նյու Յորք Նիքս» - «Ֆիլադելֆիա Սիքսերս»Առաջին հանդիպումները տեղի կունենան մայիսի 5-ին։ Տիտղոսը պաշտպանում է «Օկլահոման»։Հետևեք NEWS.am SPORT-ին Facebook-ում, Twitter և Telegram-ում",Sport,https://sport.news.am/arm/news/166192/
ATP. Լավագույն տասնյակ,"Պրոֆեսիոնալ թենիսիստների ասոցիացիան (ATP) հրապարակել է համաշխարհային դասակարգման ամենշաբաթյա աղյուսակը։Առաջատարը իտալացի Յանիկ Սիներն է։ Ռուսաստանցի Կարեն Խաչանովը բարձրացել է մեկ աստիճան եւ 15-րդն է։ATP, մայիսի 4 1 (1). Յանիկ Սիներ (Իտալիա)՝ 14 3502 (2). Կառլոս Ալկարաս (Իսպանիա)՝ 12 9603 (3). Ալեքսանդր Զվերեւ (Գերմանիա)՝ 58054 (4). Նովակ Ջոկովիչ (Սերբիա)՝ 47005 (5). Ֆելիքս Օժե-Ալյասիմ (Կանադա)՝ 40506 (6). Բեն Շելթոն (ԱՄՆ)՝ 40307 (7). Թեյլոր Ֆրից (ԱՄՆ)՝ 37708 (8). Ալեքս դե Մինոր (Ավստրալիա)՝ 37559 (10). Դանիիլ Մեդվեդեւ (Ռուսաստան)՝ 346010 (9). Լորենցո Մուզետի (Իտալիա)՝ 3415Հետևեք NEWS.am SPORT-ին Facebook-ում, Twitter և Telegram-ում",Sport,https://sport.news.am/arm/news/166193/
WTA․ Լավագույն տասնյակ,"Կանանց թենիսի ասոցիացիան (WTA) հրապարակել է համաշխարհային դասակարգման ամենշաբաթյա աղյուսակը։Հայաստանի ներկայացուցիչ Էլինա Ավանեսյանը 312-րդն է։ Առաջատարը Բելառուսի ներկայացուցիչ Արինա Սաբալենկան է։WTA, մայիսի 4 1 (1). Արինա Սաբալենկա (Բելառուս)՝ 10 1102 (2). Ելենա Ռիբակինա (Ղազախստան)՝ 85553 (4). Իգա Շվյոնտեկ (Լեհաստան)՝ 69484 (3). Կորի Գաուֆ (ԱՄՆ)՝ 67495 (5). Ջեսիկա Պեգուլա (ԱՄՆ)՝ 61366 (6). Ամանդա Անիսիմովա (ԱՄՆ)՝ 59957 (8). Միրա Անդրեեւա (Ռուսաստան)՝ 41818 (9). Ժասմին Պաոլինի (Իտալիա)՝ 37229 (10). Վիկտորյա Մբոկո (Կանադա)՝ 353110 (7). Էլինա Սվիտոլինա (Ուկրաինա)՝ 3530Հետևեք NEWS.am SPORT-ին Facebook-ում, Twitter և Telegram-ում",Sport,https://sport.news.am/arm/news/166194/
Սթենլիի գավաթ․ 1/4 եզրափակիչի զույգերը,"Հոկեյի ազգայի լիգայի Սթենլիի գավաթի խաղարկությունում հայտնի են քառորդ եզրափակիչի բոլոր զույգերը։Արեւելյան կոնֆերենցիա«Մոնրեալ Քանադիենս» - «Բաֆալո Սեյբրզ»«Քարոլինա Հարիքեյնս» - «Ֆիլադելֆիա Ֆլայերզ»Արեւմտյան կոնֆերենցիա«Քոլորադո Էվելանշ» - «Մինեսոտա Ուայլդ»«Անահայմ Դաքս» - «Վեգաս Գոլդեն Նայթս»Գործող գավաթակիրը «Ֆլորիդա Փանթերզն» է, որն այս մրցաշրջանում չկարողացավ դուրս գալ փլեյ-օֆֆ։Հետևեք NEWS.am SPORT-ին Facebook-ում, Twitter և Telegram-ում",Sport,https://sport.news.am/arm/news/166195/
«Ինտերը» կերկարաձգի պայմանագիրը Կիվուի հետ,"Իտալիայի նորընծա չեմպիոն Միլանի «Ինտերի» ղեկավարությունը կերկարաձգի պայմանագիրը թիմի ռումինացի գլխավոր մարզիչ Կրիստիան Կիվուի հետ։ Նոր պայմանագիրը նախատեսված կլին մինչեւ 2028թ․ հունիս եւս մեկ տարով երկարաձգելու հնարավորությամբ, հաղորդում է x.com/NicoSchira-ն։ Կիվուի տարեկան աշխատավարձը կկազմի 4 միլիոն եվրո։Անցած տարվա ամռանը «Ինտերը» գլխավորած Կրիստիան Կիվուն հենց առաջին մրցաշրջանում նվաճեց չեմպիոնական տիտղոսը։Ա Սերիայի 35-րդ տուրում «Ինտերը» 2:0 հաշվով հաղթեց «Պարմային» եւ անհասանելի դարձավ երկրորդ տեղում ընթացող անցած տարվա չեմպիոն «Նապոլիի» համար։ «Ինտերը» 21-րդ անգամ հռչակվեց Իտալիայի չեմպիոն։Հետևեք NEWS.am SPORT-ին Facebook-ում, Twitter և Telegram-ում",Sport,https://sport.news.am/arm/news/166196/
Էդուարդ Սպերցյանը՝ ՌՊԼ-ի 28-րդ տուրի խորհրդանշական հավաքականում,"Հայաստանի հավաքականի եւ Ռուսաստանի չեմպիոն «Կրասնոդարի» ավագ, կիսապաշտպան Էդուարդ Սպերցյանն ընդգրկվել է ռուսական Պրեմիեր լիգայի 28-րդ տուրի խորհրդանշական հավաքականում Transfermarkt-ի վարկածով։Այս տուրում «Կրասնոդարը» կոլումբացի հարձակվող Ջոն Կորդոբայի գոլի շնորհիվ 1։0 հաշվով հաղթել էր «Ակրոնին»։ Էդուարդ Սպերցյանը դարձել էր գոլային փոխանցման հեղինակ։Նա 100 արդյունավետ գործողությունների (գոլ+գոլային փոխանցում) ցուցանիշին հասավ «Կրասնոդարի» կազմում։Հետևեք NEWS.am SPORT-ին Facebook-ում, Twitter և Telegram-ում",Sport,https://sport.news.am/arm/news/166197/
«Բավարիայի» նոր համազգեստը (ֆոտո),"Գերմանիայի նորընծա չեմպիոն «Բավարիան» ներկայացրել է համազգեստը, որով հաջորդ մրցաշրջանում կանցկացնի տնային հանդիպումները։Մյունխենյան ակումբի տեխնիկական հովանավորը Adidas ընկերությունն է։«Բավարիան» նոր համազգեստով հանդես կգա արդեն այս շաբաթ Ֆրանսիայի չեմպիոնների եւ Չեմպիոնների լիգայի գավաթակիր ՊՍԺ–ի դեմ Չեմպիոնների լիգայի կիսաեզրափակիչի պատասխան խաղում։Հետևեք NEWS.am SPORT-ին Facebook-ում, Twitter և Telegram-ում",Sport,https://sport.news.am/arm/news/166198/
«Ինտերը» չեմպիոնությունը նշել է Միլանի գլխավոր հրապարակում (տեսանյութ),"«Ինտերի» ֆուտբոլիստներն ու մարզիչները Միլանի գլխավոր հրապարակում նշել են Իտալիայի չեմպիոնությունը։35–րդ տուրում «Ինտերը» ֆրանսիացի հարձակվող Մարկուս Տյուրամի եւ կիսապաշտպան Հենրիխ Մխիթարյանի գոլերի շնորհիվ 2։0 հաշվով հաղթել է «Պարմային» եւ ապահովել է 21–րդ չեմպիոնական տիտղոսը։«Ինտերը» վաստակել է 82 միավոր եւ առաջնության ավարտից 3 տուր առաջ 12 միավոր գերազանցում է երկրորդ տեղում գտնվող «Նապոլիին»։Հետևեք NEWS.am SPORT-ին Facebook-ում, Twitter և Telegram-ում",Sport,https://sport.news.am/arm/news/166199/
Ռաֆինյան մտադիր է մնալ «Բարսելոնայում» եւ կմերժի սաուդյան ակումբներին,"Բրազիլացի հարձակվող Ռաֆինյան ցանկանում է մնալ Իսպանիայի չեմպիոն «Բարսելոնայում» եւ կմերժի սաուդյան ակումբներին, որոնք նրան առաջարկում են ֆինանսապես շատ ավելի գրավիչ պայմաններ։ Ռաֆինյան չի էլ քննարկի այդ առաջարկները, քանի որ զգում է ակումբի ղեկավարության, մարզչական շտաբի, թիմակիցների եւ երկրպագուների աջակցությունը, հաղորդում է Marca–ն։«Բարսելոնան» եւս չի դիտարկում այս ամռանը Ռաֆինյայի տրանսֆերը վաճառելու տարբերակներ։Ընթացիկ մրցաշրջանում Ռաֆինյան «Բարսելոնայի» կազմում մասնակցել է 31 հանդիպման, խփել է 19 գոլ, կատարել 8 գոլային փոխանցում։Transfermarkt–ը Ռաֆինյայի տրանսֆերային արժեքը գնահատում է 80 միլիոն եվրո։Հետևեք NEWS.am SPORT-ին Facebook-ում, Twitter և Telegram-ում",Sport,https://sport.news.am/arm/news/166200/
«Ռեալի» խաղացողը բաց կթողնի մի քանի ամիս,"Իսպանիայի փոխչեմպիոն Մադրիդի «Ռեալի» պաշտպան Ֆերլան Մենդին վնասվածք է ստացել «Էսպանյոլի» դեմ Լա Լիգայի 34–րդ տուրի խաղում։ Նա փոխարինվել էր 14–րդ րոպեին։Ֆրանսիացի ֆուտբոլիստը բաց կթողնի մոտ 5 ամիս, հաղորդում է AS–ը։Մենդին աջդրի ուղիղ մկանի ջլի վնասվածք է ստացել։ Նա կվիրահատվի։Նմանատիպ վնասվածք Մենդին ստացել էր անցած տարվա ապրիլին եւ բաց էր թողել 7 ամիս։Հետևեք NEWS.am SPORT-ին Facebook-ում, Twitter և Telegram-ում",Sport,https://sport.news.am/arm/news/166201/
«Չելսին» պարտվեց եւ զրկվեց ՉԼ-ի ուղեգիր նվաճելու հնարավորությունից (տեսանյութ),"Անգլիայի Պրեմիեր լիգայի առաջնության 35-րդ տուրում աշխարհի ակումբային չեմպիոն Լոնդոնի «Չելսին» տանը 1:3 հաշվով պարտվեց «Նոթինգեմ Ֆորեսթին»։«Չելսին» 48 միավորով նահանջեց 9-րդ տեղ եւ զրկվեց Չեմպիոնների լիգայի ուղեգիր նվաճելու հնարավորությունից։ «Նոթինգեմ Ֆորեսթը» 42 միավորով 16-րդ տեղում է։Անգլիայի առաջնություն, 35-րդ տուր «Չելսի» - «Նոթինգեմ Ֆորեսթ»՝ 1:3 (տեսանյութ)Ժոաո Պեդրո, 90+3 – Տայվոնի Այվոնի, 2, 52, Իգոր Ժեզուս, 15, 11մՉիրացրած 11մ՝ Քոուլ Փալմեր («Չելսի»), 45+6Հետևեք NEWS.am SPORT-ին Facebook-ում, Twitter և Telegram-ում",Sport,https://sport.news.am/arm/news/166202/
«Լացիոյի» հաղթանակը (տեսանյութ),"Իտալիայի առաջնության 35-րդ տուրում Հռոմի «Լացիոն» հյուրընկալվեց «Կրեմոնեզեին» եւ առավելության հասավ 2:1 հաշվով։Մայրաքաղաքային թիմից աչքի ընկան դանիացի հարձակվող Գուստավ Իսակսենը եւ հոլանդացի հարձակվող Տեյանի Նոսլինը։«Լացիոն» 51 միավորով 8-րդն է, «Կրեմոնեզեն» 18-րդ տեղում է՝ 28 միավոր։Իտալիայի առաջնություն, 35-րդ տուր«Կրեմոնեզե» - «Լացիո»՝ 1:2 (տեսանյութ)Ֆեդերիկո Բոնացոլի, 29 - Գուստավ Իսակսեն, 53, Տեյանի Նոսլին, 90+2Հետևեք NEWS.am SPORT-ին Facebook-ում, Twitter և Telegram-ում",Sport,https://sport.news.am/arm/news/166203/
ՉԼ․ Մեկնարկում են կիսաեզրափակիչի պատասխան հանդիպումները,"Ֆուտբոլի եվրոպական Չեմպիոնների լիգայում մայիսի 5-6-ին տեղի կունենան կիսաեզրափակիչի պատասխան հանդիպումները։Մայիսի 5-ին Անգլիայի փոխչեմպիոն Լոնդոնի «Արսենալը» կընդունի Մադրիդի «Աթլետիկոյին»։Թիմերի առաջին խաղում գրանցվել էր ոչ ոքի՝ 1:1:Մայիսի 6-ին Գերմանիայի նորընծա չեմպիոն Մյունխենի «Բավարիան» տանը կմրցի Ֆրանսիայի չեմպիոն, Չեմպիոնների լիգայի գավաթակիր ՊՍԺ-ի հետո։ Փարիզում 5:4 հաշվով հաղթել էր ՊՍԺ-ն։Չեմպիոնների լիգա, կիսաեզրափակիչ, պատասխան հանդիպում«Արսենալ» - «Աթլետիկո Մադրիդ»՝ 23:00 (Երեւանի ժամանակ), (առաջին խաղ՝ 1:1)Մայիսի 6«Բավարիա» - ՊՍԺ՝ 23:00 (առաջին խաղ՝ 4:5)Հետևեք NEWS.am SPORT-ին Facebook-ում, Twitter և Telegram-ում",Sport,https://sport.news.am/arm/news/166204/
«Ռոման» խնդիրներ չունեցավ՝ 4:0 (տեսանյութ),"Իտալիայի առաջնության 35-րդ տուրում «Ռոման» հյուրընկալեց «Ֆիորենտինային» եւ առավելության հասավ 4:0 հաշվով։Գոլերը խփեցին իտալացի պաշտպան Ջանլուկա Մանչինին, բրազիլացի պաշտպան Ուեսլի Ֆրանսան, իսպանացի պաշտպան Մարիո Էրմոսոն եւ իտալացի կիսապաշտպան Նիկոլո Պիզիլին։«Ռոման» 64 միավորով 5-րդն է, «Ֆիորենտինան» 16-րդն է՝ 37 միավոր։Իտալիայի առաջնություն, 35-րդ տուր«Ռոմա» - «Ֆիորենտինա»՝ 4:0 (տեսանյութ)Ջանլուկա Մանչինի, 13, Ուեսլի Ֆրանսա, 17, Մարիո Էրմոսո, 34, Նիկոլո Պիզիլի, 58Հետևեք NEWS.am SPORT-ին Facebook-ում, Twitter և Telegram-ում",Sport,https://sport.news.am/arm/news/166205/
Իտալիայի Ա Սերիա․ 35-րդ տուրի արդյունքներն ու մրցաշարային դրությունը,"Ֆուտբոլի Իտալիայի Ա Սերիայի առաջնությունում ավարտվել են 35-րդ տուրի հանդիպումները։Չեմպիոնի տիտղոսը 21-րդ անգամ նվաճեց Միլանի «Ինտերը»։Իտալիայի առաջնություն, 35-րդ տուր«Պիզա» - «Լեչե»՝ 1:2«Ուդինեզե» - «Տորինո»՝ 2:0«Կոմո» - «Նապոլի»՝ 0:0«Ատալանտա» - «Ջենոա»՝ 0:0«Բոլոնիա» - «Կալյարի»՝ 0:0«Սասուոլո» - «Միլան»՝ 2:0«Յուվենտուս» - «Վերոնա»՝ 1:1«Ինտեր» - «Պարմա»՝ 2:0«Կրեմոնեզե» - «Լացիո»՝ 1:2«Ռոմա» - «Ֆիորենտինա»՝ 4:0Հետևեք NEWS.am SPORT-ին Facebook-ում, Twitter և Telegram-ում",Sport,https://sport.news.am/arm/news/166206/
«Մանչեսթեր Սիթին» ավելացված վերջին րոպեին խուսափեց պարտությունից (տեսանյութ),"Անգլիայի առաջնության 35-րդ տուրում «Մանչեսթեր Սիթին» Լիվերպուլում մրցեց «Էվերտոնի» հետ։ Կատալոնացի Խոսեպ Գվարդիոլայի գլխավորած թիմը պարտությունից խուսափեց ավելացված ժամանակում։ Գրանցվեց ոչ ոքի՝ 3:3Դաշտի տերերից դուբլի հեղինակ դարձավ ֆրանսիացի հարձակվող Թիերնո Բարին։ Աչքի ընկավ նաեւ իռլանդացի պաշտպան Ջեյք Օ’Բրայենը։«Մանչեսթեր Սիթիից» դուբլի հեղինակ դարձավ բելգիացի կիսապաշտպան Ժերեմի Դոկուն։ Աչքի ընկավ նաեւ նորվեգացի հարձակվող Էրլինգ Հոլանդը։ Դոկուն երկրորդ գոլը խփեց ավելացված 7-րդ րոպեին։«Մանչեսթեր Սիթին» 34 խաղից հետո 71 միավորով երկրորդն է, «Էվերտոնը» 10-րդն է՝ 48 միավոր։Անգլիայի առաջնություն, 35-րդ տուր«Էվերտոն» - «Մանչեսթեր Սիթի»՝ 3:3 (տեսանյութ)Թիերնո Բարի, 68, 81, Ջեյք Օ’Բրայեն, 73 - Ժերեմի Դոկու, 43, 90+7, Էրլինգ Հոլանդ, 83Հետևեք NEWS.am SPORT-ին Facebook-ում, Twitter և Telegram-ում",Sport,https://sport.news.am/arm/news/166207/
Լա Լիգա․ 34-րդ տուրի արդյունքներն ու մրցաշարային դրությունը,"Ֆուտբոլի Իսպանիայի Լա Լիգայի առաջնությունում ավարտվել են 34-րդ տուրի հանդիպումները։Առաջատարը չեմպիոն «Բարսելոնան» է, որը վաստակել է 88 միավոր։ Երկրորդ տեղում գտնվող փոխչեմպիոն Մադրիդի «Ռեալն» ունի 77 միավոր։Իսպանիայի առաջնություն, 34-րդ տուր«Ժիրոնա» - «Մալյորկա»՝ 0:1«Վիլյառեալ» - «Լեւանտե»՝ 5:1«Վալենսիա» - «Աթլետիկո Մադրիդ»՝ 0:2«Ալավես» - «Աթլետիկ Բիլբաո»՝ 2:4«Օսասունա» - «Բարսելոնա»՝ 1:2«Սելտա» - «Էլչե»՝ 3:1«Խետաֆե» - «Ռայո Վալիեկանո»՝ 0:2«Բետիս» - «Ռեալ Օվիեդո»՝ 3:0«Էսպանյոլ» - «Ռեալ Մադրիդ»՝ 0:2«Սեւիլիա» - «Ռեալ Սոսիեդադ»՝ 1:0Հետևեք NEWS.am SPORT-ին Facebook-ում, Twitter և Telegram-ում",Sport,https://sport.news.am/arm/news/166208/
Գվարդիոլա․ Չեմպիոնական մրցավազքի վերջնարդյունքն արդեն մեզնից կախված չէ,"«Մանչեսթեր Սիթիի» կատալոնացի գլխավոր մարզիչ Խոսեպ Գվարդիոլան մեկնաբանել է Պրեմիեր լիգայի չեմպիոնական մրցավազը 35-րդ տուրում «Էվերտոնի» հետ ոչ ոքի (3:3) խաղալուց հետո։«Իսկապես լավ խաղ էր։ Առաջին խաղակեսում մենք հրաշալի էինք խաղում։ Երկրորդ խաղակեսում մրցակիցը մեծացրեց ճնշումը, եւ մենք արդեն այդքան էլ ագրեսիվ չէինք եւ գոլ բաց թողեցինք։ Նրանք ցուցադրեցին իսկական անգլիական ֆուտբոլ, շատ ագրեսիվ մենապայքարում։Չեմպիոնական մրցավազքի վերջնարդյունքն արդեն մեզնից կախված չէ։ Առաջ ամեն ինչ մեր ձեռքում էր, հիմա արդեն ոչ։ Դեռ հանդիպումներ ունենք։ Տեսնենք, թե ինչ տեղի կունենա»,- Գվարդիոլայի խոսքը մեջբերում է BBC-ն։Առաջնության առաջնության ավարտից 3 տուր առաջ «Մանչեսթեր Սիթին» 71 միավորով երկրորդն է եւ առաջատար «Արսենալից» հետ է 5 միավոր, սակայն մեկ հանդիպում քիչ է անցկացրել։Հետևեք NEWS.am SPORT-ին Facebook-ում, Twitter և Telegram-ում",Sport,https://sport.news.am/arm/news/166209/
Պրեմիեր լիգա․ 35-րդ տուրի արդյունքներն ու մրցաշարային դրությունը,"Ֆուտբոլի Անգլիայի Պրեմիեր լիգայի առաջնությունում ավարտվել են 35-րդ տուրի հանդիպումները։Առաջատարը փոխչեմպիոն Լոնդոնի «Արսենալն» է (76 միավոր)։ Երկրորդ տեղում է «Մանչեսթեր Սիթին» (71 միավոր), որը մեկ խաղ քիչ է անցկացրել։ Անգլիայի առաջնություն, 35-րդ տուր«Լիդս Յունայթեդ» - «Բարնլի»՝ 3:1 «Բրենթֆորդ» - «Վեստ Հեմ»՝ 3:0«Նյուքասլ Յունայթեդ» - «Բրայթոն»՝ 3:1«Վուլվերհեմփթոն» - «Սանդերլենդ»՝ 1:1«Արսենալ» - «Ֆուլհեմ»՝ 3:0«Բորնմուտ» - «Քրիսթալ Փելաս»՝ 3:0«Մանչեսթեր Յունայթեդ» - «Լիվերպուլ»՝ 3:2«Աստոն Վիլա» - «Տոտենհեմ»՝ 1:2«Չելսի» - «Նոթինգեմ Ֆորեսթ»՝ 1:3«Էվերտոն» - «Մանչեսթեր Սիթի»՝ 3:335 matchweeks down, three to go pic.twitter.com/Wkmo69i52M

Հետևեք NEWS.am SPORT-ին Facebook-ում, Twitter և Telegram-ում",Sport,https://sport.news.am/arm/news/166210/
NBA․ Օրվա արդյունքներն ու լավագույն դրվագները (տեսանյութ),"Բասկետբոլի ազգային ասոցիացիայի (NBA) առաջնությունում մեկնարկել են փլեյճօֆֆի քառորդ եզրափակիչի հանդիպումները։NBA, փլեյ-օֆֆ, 1/4 եզրափակիչ«Նյու Յորք Նիքս» - «Ֆիլադելֆիա Սիքսերս»՝ 137:98 (շարքի ընդհանուր հաշիվ՝ 1:0)«Սան Անտոնիո Սփյորս» - «Մինեսոտա Թիմբերվուլվզ»՝ 102:104 (0:1)Հետևեք NEWS.am SPORT-ին Facebook-ում, Twitter և Telegram-ում",Sport,https://sport.news.am/arm/news/166211/
«Բավարիան» ցանկանում է ձեռք բերել Կվարացխելիայի կրտսեր եղբորը,"Գերմանիայի նորընծա չեմպիոն Մյունխենի «Բավարիան» հետաքրքրված է ՊՍԺ-ի վրացի եզրային հարձակվող Խվիչա Կվարացխելիայի կրտսեր եղբոր ծառայություններով, հաղորդում է Goal.com-ը։16-ամյա եզրային հարձակվող Թոռնիկե Կվարացխելիան հանդես է գալիս Թբիլիսիի «Դինամոյի» երկրորդ թիմում։ Մայիսի 2-ին նա առաջին անգամ հիմնական կազմում մասնակցել է Վրաստանի առաջնության հանդիպման։ Թոռնիկե Կվարացխելիան Վրաստանի մինչեւ 17 տարեկանների հավաքականի խաղացող է։2018-ին «Բավարիան» ցանկացել էր ձեռք բերել նաեւ Խվիչա Կվարացխելիային, սակայն տրանսֆերը չէր կայացել։Մայիսի 6-ին Խվիչա Կվարացխելիան ՊՍԺ-ի կազմում Մյունխենում կմասնակցի «Բավարիայի» դեմ Չեմպիոնների լիգայի կիսաեզրափակիչի պատասխան հանդիպմանը։ Առաջին խաղում ՊՍԺ-ն հաղթել էր 5:4 հաշվով։Հետևեք NEWS.am SPORT-ին Facebook-ում, Twitter և Telegram-ում",Sport,https://sport.news.am/arm/news/166212/
"«Ցրվենա Զվեզդայի» հաղթանակը, Նաիր Թիկնիզյանի գոլային փոխանցումը (տեսանյութ)","Սերբիայի առաջնության 34-րդ տուրում «Ցրվենա Զվեզդան» հյուրընկալվելիս 2:1 հաշվով հաղթել է «Չուկարիչկիին»։Հյուրերի կազմում դուբլի հեղինակ է դարձել բրազիլացի հարձակվող Բրունո Դուարտեն։Հայաստանի հավաքականի եզրային պաշտպան Նաիր Թիկնիզյանը «Ցրվենա Զվեզդայի» կազմում խաղացել է 70 րոպե եւ դարձել է գոլային փոխանցման հեղինակ։ Այս մրցաշրջանում նա 5 գոլային փոխանցում է կատարել։«Ցրվենա Զվեզդան» նախորդ տուրում էր ապահովել Սերբիայի չեմպիոնի տիտղոսը։Հետևեք NEWS.am SPORT-ին Facebook-ում, Twitter և Telegram-ում",Sport,https://sport.news.am/arm/news/166213/
"Սպերցյան. Բոլորն էլ հասկանում են, թե ինչ հնարավորություն ունի «Կրասնոդարը» տիտղոսների 
համար","Հայաստանի հավաքականի եւ Ռուսաստանի չեմպիոն «Կրասնոդարի» ավագ, կիսապաշտպան Էդուարդ Սպերցյանը մեկնաբանել է չեմպիոնական պայքարը Ռուսաստանի Պրեմիեր լիգայում:«Մենք հիմա առաջատարն ենք առաջնությունում եւ արդեն հասել ենք գավաթի նախավերջին փուլին։ Հույս ունեմ՝ կկարողանանք դուրս գալ սուպերեզրափակիչ եւ հաղթել, ինչպես նաեւ հաղթել առաջնության մնացած երկու հանդիպումներում։«Կրասնոդարը» համախմբված թիմ է, որը մշտապես ցանկանում է հաղթել։ Բոլոր տղաները համեստ են. մենք պարզապես անում ենք մեր գործը։ Աշխատում ենք, մինչեւ վերջ պայքարում ենք յուրաքանչյուր խաղում։ Անընդհատ աջակցում ենք միմյանց խաղադաշտում եւ հանդերձարանում։ Թիմի բնավորությունը, կարգապահությունը օգնում են մեզ։ Բոլորն էլ հասկանում են, թե ինչ հնարավորություն ունի թիմը տիտղոսների համար։ Փորձում ենք, նույնիսկ, մանրուքներում ավելի լավը լինել, եւ դա օգնում է»,- Սպերցյանի խոսքը փոխանցում է Известия-ն։Ընթացիկ մրցաշրջանում Սպերցյանը մասնակցել է 38 հանդիպման, դարձել 13 գոլի եւ 17 գոլային փոխանցման հեղինակ։ «Կրասնոդարը» 63 միավորով գլխավորում է Ռուսաստանի առաջնության մրցաշարային աղյուսակը:Հետևեք NEWS.am SPORT-ին Facebook-ում, Twitter և Telegram-ում",Sport,https://sport.news.am/arm/news/166214/
ՉԼ. ՊՍԺ-ի հայտացուցակը «Բավարիայի» դեմ,"Ֆրանսիայի չեմպիոն ՊՍԺ-ի գլխավոր մարզիչ Լուիս Էնրիկեն ներկայացրել է հայտացուցակը Չեմպիոնների լիգայի կիսաեզրափակիչի պատասխան խաղի  համար։Չեմպիոնների լիգայի գավաթակիրը Մյունխենում կհյուրընկալվի Գերմանիայի չեմպիոն «Բավարիային»:ՊՍԺ. Սաֆոնով, Մարին, Լորենդոն, Վինյո, Բերալդո, Մարկինյոս, Զաբարնի, Կվարացխելիա, Ռուիս, Ռամուշ, Դեմբելե, Դուե, Վիտինյա, Կան Ին, Էրնանդես, Մայուլու, Մենդեշ, Դրո, Բարկոլա, Զաիր- Էմերի, Մբայե, Պաչո, Ժոաու Նեւեշ:Հանդիպումը տեղի կունենա մայիսի 6-ին եւ կմեկնարկի Երեւանի ժամանակով 23:00-ին: Առաջին խաղում Փարիզում ՊՍԺ-ն հաղթել էր 5:4 հաշվով:Հետևեք NEWS.am SPORT-ին Facebook-ում, Twitter և Telegram-ում",Sport,https://sport.news.am/arm/news/166215/
Էդին Տերզիչը՝ «Աթլետիկ Բիլբաոյի» գլխավոր մարզիչ,"Բիլբաոյի «Աթլետիկը» հայտարարել է թիմի գլխավոր մարզիչի պաշտոնում 41-ամյա Էդին Տերզիչի նշանակման մասին: Գերմանացի մասնագետի պայմանագիրը նախատեսված է մինչեւ 2028 թ. ամառ: Այս մասին հայտնում է ակումբի մամուլի ծառայությունը։Ավելի վաղ «Աթլետիկ Բիլբաոյի» գլխավոր մարզիչ Էռնեստո Վալվերդեն հայտարարել էր ակումբից հեռանալու մասին: Իսպանացի մասնագետը գլխավոր մարզիչի պաշտոնը կլքի մրցաշրջանի ավարտին: 61-ամյա Վալվերդեն «Աթլետիկը» գլխավորում էր 2022-ից եւ երրորդ անգամ է նշանակվել պաշտոնին: Նա «Աթլետիկում» գլխավորել է նաեւ 2003-2005 եւ 2013-2017 թվականներին։ Նրա գլխավորությամբ թիմն անցկացրել 192 հանդիպում՝ գրանցել 91 հաղթանակ, 43՝ ոչ-ոքի եւ 58՝ պարտություն, ինչպես նաեւ նվաճել է Իսպանիայի Սուպերգավաթը (2015-2016 մրցաշրջան), Իսպանիայի գավաթը (2023-2024 մրցաշրջան): Էդին Տերզիչը 2022թ․ հունիսից մինչեւ 2024 թ. ամառ գլխավորել է Դորտմունդի «Բորուսիան»։ Նա գլխավորել է նաեւ «Վեստ Հեմը» եւ «Բեշիկթաշը»։Տերզիչը Դորտմունդի «Բորուսիայի» հետ 2021-ին նվաճել է Գերմանիայի գավաթը, 2023-ին Բունդեսլիգայում գրավել է երկրորդ տեղը, 2024-ին դուրս է եկել Չեմպիոնների լիգայի եզրափակիչ:Հետևեք NEWS.am SPORT-ին Facebook-ում, Twitter և Telegram-ում",Sport,https://sport.news.am/arm/news/166216/
Էլինա Ավանեսյանը սովորում է հայերեն (ֆոտո),"Կանանց թենիսի ասոցիացիայի (WTA) վարկանիշային աղյուսակում աշխարհի 312-րդ ռակետ, Հայաստանի դրոշի ներքո հանդես եկող ռուսաստանցի Էլինա Ավանեսյանը սովորում է հայերեն:Թենիսիստուհին սոցցանցերում հրապարակում է արել իր առաջին դասընթացից եւ ցուցադրել, թե ինչպես է առաջին անգամ գրում հայերեն տառերը:Էլինա Ավանեսյանի մասնակցությամբ վերջին մրցաշարը եղել է Մադրիդում անցկացված թենիսի կանանց WTA-125 շարքի մրցաշարը, որտեղ Հայաստանի ներկայացուցիչը հասել է մինչեւ քառորդ եզրափակիչ, որտեղ պարտվել է աշխարհի 294-րդ ռակետ, իսպանացի Մինտեգի Դել Օլմոյին։Էլինա Ավանեսյանը 2025 թ.  սեպտեմբերին հայտնել էր, որ մոնոնուկլեոզ հիվանդության պատճառով կարիերայում դադար է վերցնում։ Երկու ամիս անց թենիսիստուհին վերադարձել է կորտ՝ մասնակցելով Արգենտինայի Տուկուման քաղաքում անցկացվող WTA-125 շարքի մրցաշարի։2025 թ. ապրիլին Ավանեսյանը WTA համաշխարհային դասակարգման աղյուսակում 36-րդն էր եւ տեւական ժամանակ պահպանել է դիրքերը աշխարհի լավագույն 50-յակում:Մայիսի 4-ի թարմացված աղյուսակում Հայաստանի ներկայացուցիչը 312-րդն է։Հետևեք NEWS.am SPORT-ին Facebook-ում, Twitter և Telegram-ում",Sport,https://sport.news.am/arm/news/166217/
«Ռեալի» երկրպագուները պահանջում են Մբապեի հեռացումը,"Իսպանիայի փոխչեմպիոն Մադրիդի «Ռեալի» երկրպագուները ստեղծել են հանրագիր՝ պահանջելով ֆրանսիացի հարձակվող Կիլիան Մբապեի հեռացումն Արքայական ակումբից։ Օնլայն հանրագիրը մեկ ժամում հավաքել է 70 հազար ստորագրություն, հաղորդում է Footmercato–ն։«Ռեալում» դժգոհ են Մբապեի վարքից։ Նա բազմիցս ուշացել է ակումբային միջոցառումներից եւ գորոզություն է դրսեւորել ակումբի աշխատակիցների հետ աշխատանքային հարաբերություններում։Ընթացիկ մրցաշրջանում 27-ամյա ֆուտբոլիստը մասնակցել է 41 հանդիպման, խփել է 41 գոլ, կատարել 6 գոլային փոխանցում։ Մբապեն այժմ վերականգնվում է վնասվածքից հետո։Հետևեք NEWS.am SPORT-ին Facebook-ում, Twitter և Telegram-ում",Sport,https://sport.news.am/arm/news/166218/
"Երիտասարդական ԱԱ. Նարեկ Գրիգորյանը՝ փոքր ոսկե, Հովհաննես Հովհաննիսյանը՝ փոքր 
արծաթե մեդալակիր","Ծանրամարտի Հայաստանի երիտասարդական հավաքականը սկսել է պայքարը Եգիպտոսի Իսմայիլիա քաղաքում անցկացվող աշխարհի երիտասարդական առաջնությունում:Մայիսի երեքից մեկնարկած առաջնությունում Հայաստանի հավաքականից առաջինը մրցահարթակ է դուրս եկել  Արտուշ Գրիգորյանը (65 կգ), որը երկամարտի արդյունք չի գրանցել: Պոկում վարժությունում բարձրացրել է 120 կգ, հրումում՝ զրո է ստացել:71 կգ քաշային Նարեկ Գրիգորյանը պոկում վարժություն փոքր ոսկե մեդալ է նվաճել: Նա պոկել է 144 կգ: Հրում վարժության ժամանակ վնասվածք է ստացել, որի պատճառով երկամարտի արդյունք չի գրանցել: Այս քաշային կարգում Հայաստանի երկրորդ ներկայացուցիչ Հովհաննես Հովհաննիսյանը երկամարտի 301 կգ արդյունքով 4-րդն է (130+171): Հրում վարժությունում Հովհաննիսյանն արժանացել է փոքր արծաթե մեդալի:Մայիսի 5-ին Հայաստանի ներկայացուցիչներից մրցահարթակ դուրս կգան 69 կգ քաշային Մերի Միսակյանը եւ 79 կգ քաշային Նարեկ Մկրտչյանը:Վիգեն Խաչատրյանի գլխավորած տղամարդկանց հավաքականից կմասնակցեն նաեւ Նարեկ Մկրտչյանը (79 կգ), Վալերիկ Մովսիսյանը (94 կգ), Գրիգոր Ղազարյանը (110 կգ) եւ Գագիկ Մկրտչյանը (+110 կգ): Արտաշես Ներսիսյանի գլխավորած կանանց թիմի կազմում մրցահարթակ դուրս կգան նաեւ Աննա Ամրոյանը (77 կգ) եւ Էմմա Պողոսյանը (86 կգ): Հետևեք NEWS.am SPORT-ին Facebook-ում, Twitter և Telegram-ում",Sport,https://sport.news.am/arm/news/166219/
Երիտասարդական ԱԱ. Մերի Միսակյանը 6-րդն է,"Եգիպտոսի Իսմայիլիա քաղաքում անցկացվող աշխարհի երիտասարդական առաջնությունում կանանց 69 կգ քաշայինների պայքարում Հայաստանի ներկայացուցիչ Մերի Միսակյանը 6-րդ տեղը գրավեց: Երկամարտում նա գրանցեց 209 կգ արդյունք (94+115):Միսակյանը պոկեց 90 կգ ու 94 կգ:  Հրում վարժությունում նա գլխավերեւում պահեց 110 կգ ու 115 կգ:Երեկոյան մրցահերթում պայքարի մեջ կմտնի 79 կգ քաշային Նարեկ Մկրտչյանը:Վիգեն Խաչատրյանի գլխավորած տղամարդկանց հավաքականից կմասնակցեն նաեւ Վալերիկ Մովսիսյանը (94 կգ), Գրիգոր Ղազարյանը (110 կգ) եւ Գագիկ Մկրտչյանը (+110 կգ): Արտաշես Ներսիսյանի գլխավորած կանանց թիմի կազմում մրցահարթակ դուրս կգան նաեւ Աննա Ամրոյանը (77 կգ) եւ Էմմա Պողոսյանը (86 կգ): Հետևեք NEWS.am SPORT-ին Facebook-ում, Twitter և Telegram-ում",Sport,https://sport.news.am/arm/news/166220/
Չավին՝ «Չելսիի» գլխավոր մարզիչի թեկնածու,"Լոնդոնի «Չելսիի» ղեկավարությունը թիմի գլխավոր մարզիչի պաշտոնում ցանկանում է տեսնել «Բարսելոնայի» նախկին խաղացող եւ գլխավոր մարզիչ Չավիին, հաղորդում է The Independent–ը։Անգլիական ակումբն առաջարկ կանի իսպանացի մասնագետին ամռանը նշանակելու հարցով։Չավին «Բարսելոնան» գլխավորել է 2021–2024՝ նվաճելով Իսպանիայի չեմպիոնի եւ սուպերգավաթակրի տիտղոսները։Պրեմիեր լիգայի 35 տուրից հետո «Չելսին» 48 միավորով 9–րդն է։ Երկրի առաջնության նախորդ 6 խաղում «Չելսին» միայն պարտություն է կրել։Հետևեք NEWS.am SPORT-ին Facebook-ում, Twitter և Telegram-ում",Sport,https://sport.news.am/arm/news/166221/
Երիտասարդական ԱԱ. Նարեկ Մկրտչյանը՝ փոխչեմպիոն,"Նարեկ Մկրտչյանը երկամարտի արծաթե մեդալ նվաճեց Եգիպտոսի Իսմայիլիա քաղաքում անցկացվող ծանրամարտի աշխարհի երիտասարդական առաջնությունում: Տղամարդկանց 79 կգ քաշայինների պայքարում Հայաստանի ներկայացուցիչը երկամարտում նա գրանցեց 336 կգ արդյունք (150+186):Պոկուն վարժությունում Մկրտչյանն առաջին մոտեցմամբ ձախողեց 145 կգ-ը: Երկրորդ փորձից պոկեց 145 կգ-ը: Երրորդ մոտեցման համար պատվիրած 150 կգ-ը եւս հաջողությամբ բարձրացրեց: Այս վարժությունում Մկրտչյանը 5-րդն էր:Հրում վարժությունում Հայաստանի ներկայացուցիչը պայքարը սկսեց 182 կգ-ով եւ հաջողությամբ պահեց գլխավերեւում: Երկրորդ մոտեցման համար պատվիրած 186 կիլոգրամը չկարողացավ հրել, բայց հաջողեց երրորդ մոտեցմամբ: Այս վարժությունում նա արժանացավ փոքր բրոնզե մեդալի:Այս քաշային կարգում ոսկե մեդալակիր դարձավ Եգիպտոսի ներկայացուցիչ Համուդան, որը երկամարտում գրանցեց 341 կգ արդյունք (153+188):Բրոնզե մեդալ նվաճեց Թուրքմենստանը ներկայացնող Դիդարբեկ Ջումարբաեւը` 335 (148+187):Վիգեն Խաչատրյանի գլխավորած տղամարդկանց հավաքականից կմասնակցեն նաեւ Վալերիկ Մովսիսյանը (94 կգ), Գրիգոր Ղազարյանը (110 կգ) եւ Գագիկ Մկրտչյանը (+110 կգ): Արտաշես Ներսիսյանի գլխավորած կանանց թիմի կազմում մրցահարթակ դուրս կգան նաեւ Աննա Ամրոյանը (77 կգ) եւ Էմմա Պողոսյանը (86 կգ): Հետևեք NEWS.am SPORT-ին Facebook-ում, Twitter և Telegram-ում",Sport,https://sport.news.am/arm/news/166222/
ՉԼ․ «Արսենալի» եւ «Աթլետիկոյի» մեկնարկային կազմերը,"Simeone dressed for business #UCL pic.twitter.com/IGSc8s3370Ֆուտբոլի Չեմպիոնների լիգայի կիսաեզրափակիչի պատասխան խաղում Անգլիայի փոխչեմպիոն «Արսենալը» Լոնդոնում» կընդունի Մադրիդի «Աթլետիկոյին»։Հայտնի են թիմերի մեկնարկային կազմերը։«Արսենալ»․ Ռայա, Ուայթ, Սալիբա, Մագալյանս, Կալաֆիորի, Լյուիս-Սքելի, Ռայս, Էզե, Սակա, Տրոսարդ, Դյոկերեշ։«Աթլետիկո»․ Օբլակ, Ռուջերի, Գանցկո, Պուբիլ, Լե Նորման, Լիորենտե, Կոկե, Սիմեոնե, Լուկման, Գրիզման, Ալվարես։Հանդիպումը կմեկնարկի Երեւանի ժամանակով 23:00-ին։Թիմերի առաջին խաղում գրանցվել էր ոչ ոքի՝ 1:1:Semi-final feeling... #UCL pic.twitter.com/gQZnwWuC4K

Հետևեք NEWS.am SPORT-ին Facebook-ում, Twitter և Telegram-ում",Sport,https://sport.news.am/arm/news/166223/
Հայաստանի Պրեմիեր լիգա․ Օրվա հանդիպումները,"Ֆուտբոլի Հայաստանի Պրեմիեր լիգայի առաջնությունում մայիսի 6-ին տեղի կունենան 16-րդ տուրից տեղափոխված հանդիպումները։Հայաստանի առաջնություն, 16-րդ տուր«Արարատ-Արմենիա» - «Փյունիկ»՝ 19:00«Գանձասար» - «Նոա»՝ 19:00Հետևեք NEWS.am SPORT-ին Facebook-ում, Twitter և Telegram-ում",Sport,https://sport.news.am/arm/news/166224/
Չեմպիոնների լիգա․ Օրվա հանդիպումը,"Ֆուտբոլի եվրոպական Չեմպիոնների լիգայում մայիսի 6-ին տեղի կունենա կիսաեզրափակիչի պատասխան հանդիպումը Գերմանիայի նորընծա չեմպիոն Մյունխենի «Բավարիայի» եւ Ֆրանսիայի չեմպիոն ու Չեմպիոնների լիգայի գավաթակրի տիտղոսը պաշտպանող ՊՍԺ-ի միջեւ Մյունխենում։Փարիզում 5:4 հաշվով հաղթել էր ՊՍԺ-ն։Չեմպիոնների լիգա, կիսաեզրափակիչ, պատասխան հանդիպում«Բավարիա» - ՊՍԺ՝ 23:00 (Երեւանի ժամանակ), (առաջին հանդիպում՝ 4:5)Հետևեք NEWS.am SPORT-ին Facebook-ում, Twitter և Telegram-ում",Sport,https://sport.news.am/arm/news/166225/
ՉԼ․ «Արսենալն» առաջին խաղակեսում հաղթեց «Աթլետիկոյին» (տեսանյութ),"Ֆուտբոլի Չեմպիոնների լիգայի կիսաեզրափակիչի պատասխան խաղում Անգլիայի փոխչեմպիոն «Արսենալը» Լոնդոնում» ընդունել է Մադրիդի «Աթլետիկոյին» եւ 1:0 հաշվով հաղթում է առաջին խաղակեսից հետո։44-րդ րոպեին աչքի ընկավ անգլիացի հարձակվող Բուկայո Սական (տեսանյութ)։Ընդմիջում է։Թիմերի առաջին խաղում գրանցվել էր ոչ ոքի՝ 1:1:Հետևեք NEWS.am SPORT-ին Facebook-ում, Twitter և Telegram-ում",Sport,https://sport.news.am/arm/news/166226/
ՉԼ․ «Արսենալը» դուրս եկավ եզրափակիչ (տեսանյութ),"The goal that sent Arsenal to the Champions League final @Heineken | #UCLGOTD pic.twitter.com/P32qcqXjWaՖուտբոլի Չեմպիոնների լիգայի կիսաեզրափակիչի պատասխան խաղում Անգլիայի փոխչեմպիոն «Արսենալը» Լոնդոնում ընդունեց Մադրիդի «Աթլետիկոյին» եւ հաղթեց 1:0 հաշվով՝ դուրս գալով եզրափակիչ։44-րդ րոպեին աչքի ընկավ անգլիացի հարձակվող Բուկայո Սական (տեսանյութ)։Թիմերի առաջին խաղում գրանցվել էր ոչ ոքի՝ 1:1:Եզրափակիչի մյուս ուղեգիրը մայիսի 6-ին Մյունխենում անցկացվելիք պատասխան խաղում կվիճարկեն Ֆրանսիայի չեմպիոն եւ Չեմպիոնների լիգայի գավաթակրի տիտղոսը պաշտպանող ՊՍԺ-ն ու Գերմանիայի նորընծա չեմպիոն «Բավարիան»։Arsenal are Champions League finalists #UCL pic.twitter.com/roiGhkegTH

Arsenal go to Budapest undefeated. #UCL pic.twitter.com/wRRS4LTVyI

Հետևեք NEWS.am SPORT-ին Facebook-ում, Twitter և Telegram-ում",Sport,https://sport.news.am/arm/news/166227/
ՉԼ․ «Արսենալը» 20 տարում առաջին անգամ եզրափակիչում է,"The goal that sent Arsenal to the Champions League final @Heineken | #UCLGOTD pic.twitter.com/P32qcqXjWaԱնգլիայի փոխչեմպիոն Լոնդոնի «Արսենալը» 20 տարում առաջին անգամ հանդես կգա Չեմպիոնների լիգայի եզրափակիչում։Իսպանացի Միկել Արտետայի գլխավորած թիմը պայքարից դուրս է թողել Մադրիդի «Աթլետիկոյին» (1:1, 1:0):2006 թվականին «Արսենալը» Չեմպիոնների լիգայի եզրափակիչում 1:2 հաշվով պարտվել է «Բարսելոնային»։Այս տարվա եզրափակիչի մյուս ուղեգիրը վիճարկում են Գերմանիայի չեմպիոն Մյունխենի «Բավարիան» ու Ֆրանսիայի չեմպիոն, Չեմպիոնների լիգայի գործող գավաթակիր ՊՍԺ-ն, որոնց պատասխան հանդիպումը Գերմանիայում տեղի կունենա մայիսի 6-ին եւ կմեկնարկի Երեւանի ժամանակով 23:00-ին։ Փարիզում 5:4 հաշվով հաղթել էր ՊՍԺ-ն։Եզրափակիչը տեղի կունենա մայիսի 30-ին Հունգարիայի մայրաքաղաք Բուդապեշտի «Պուշկաշ Արենայում»։Հետևեք NEWS.am SPORT-ին Facebook-ում, Twitter և Telegram-ում",Sport,https://sport.news.am/arm/news/166228/
NBA. Օրվա արդյունքներն ու լավագույն դրվագները (տեսանյութ),"Բասկետբոլի ազգային ասոցիացիայի (NBA) փլեյ-օֆֆում շարունակվում են քառորդ եզրափակիչի հանդիպումներըԼ«Դետրոյթ Փիսթոնս»  «Քլիվլենդ Քավալիերս»՝ 111:101 (շարքի ընդհանուր հաշիվը՝ 1-0)«Օկլահոմա Սիթի Թանդեր» - «Լոս Անջելես Լեյքերս»՝ 108:90 (1-0)Գործող չեմպիոնը «Օկլահոմա Սիթի Թանդերն» է։Հետևեք NEWS.am SPORT-ին Facebook-ում, Twitter և Telegram-ում",Sport,https://sport.news.am/arm/news/166229/
Թիերի Անրին նշել է ԱԱ-2026-ի ֆավորիտներին,"Ֆրանսիայի հավաքականի, «Արսենալի», «Բարսելոնայի» նախկին հարձակվող Թիերին Անրին նշել է այս տարվա աշխարհի առաջնության հիմնական ֆավորիտներին։«Առաջին հերթին պետք է մեծ հարգանք դրսեւորել գործող չեմպիոն Արգենտինայի նկատմամբ։ Նրանք նախկինի նման ուժեղ են, Մեսին էլ դեռ խաղում է։Հետո կնշեմ Ֆրանսիայի հավաքականը։ Մենք ունենք գերազանց ազգային թիմ, նախորդ երկու առաջնություններում հասել ենք եզրափակիչ։Եվ կառանձնացնեմ Եվրոպայի չեմպիոն Իսպանիայի հավաքականը։ Անկախ կազմից նրանք միշտ նույն գրավիչ ոճով են խաղում։ Նրանցից գնդակ խլելը շատ բարդ է»,- Անրիի խոսքը մեջբերում է Marca-ն։Աշխարհի առաջնությունը կանցկացվի հունիսի 11-ից հուլիսի 19-ը ԱՄՆ-ում, Կանադայում եւ Մեքսիկայում։ Առաջին անգամ կմասնակցի 48 հավաքական՝ բաժանված 12 խմբի։Հետևեք NEWS.am SPORT-ին Facebook-ում, Twitter և Telegram-ում",Sport,https://sport.news.am/arm/news/166230/
ՉԼ․ Արտետան եւ Սիմեոնեն՝ կիսաեզրափակիչի արդյունքի մասին,"Forever north London history #UCL pic.twitter.com/o0j1RtCyw6Չեմպիոնների լիգայի կիսաեզրափակիչի «Արսենալ» - «Աթլետիկո Մադրիդ» պատասպան հանդիպումից հետո թիմերի գլխավոր մարզիչները մեկնաբանել են արդյունքը, փոխանցում է ՈՒԵՖԱ-ի կայքը։1:0 հաշվով հաղթել էր «Արսենալը» անգլիացի հարձակվող Բուկայո Սակայի գոլի շնորհիվ եւ դուրս եկել եզրափակիչ։ Մադրիդում տեղի ունեցած առաջին խաղում գրանցվել էր ոչ ոքի՝ 1:1:Միկել Արտետա («Արսենալ») «Անհավանական երեկոր էր։ Մենք բոլորս միասին կերտեցինք պատմություն։ Ես երջանիկ եմ այս իրադարձությանը առնչվող բոլոր մարդկանց համար։Երկրպագուները առանձնահատուկ ողջունեցին մեզ եւ ցուցադրեցին անհավանական աջակցություն։ Գիտակցում էինք, թե յուրաքանչյուրի համար ինչպիսի նշանակություն ունի եզրափակիչ դուրս գալը։ 20 տարի անց դարձյալ կլինենք Չեմպիոնների լիգայի եզրափակիում։Մեզ առանձնահատուկ օր է սպասվում Բուդապեշտում»։Դիեգո Սիմեոնե («Աթլետիկո»)«Եթե մենք դուրս ենք մնացել պայքարից, նշանակում է՝ մրցակիցն ավելի արժանի է եզրափակիչում խաղալուն։ Նրանք կառչում էին իրենց ամեն մի ստեղծած պահից՝ այդ թվում գոլի դրվագում եւ արժանիորեն հաղթեցին։Ես հանգիստ եմ, թիմը պայքարեց, խաղադաշտում թողեց բոլոր ուժերը»։2023/24: quarter-final 2024/25: semi-final 2025/26: final Mikel Arteta's Arsenal #UCL pic.twitter.com/BKbhPUeIIE

Հետևեք NEWS.am SPORT-ին Facebook-ում, Twitter և Telegram-ում",Sport,https://sport.news.am/arm/news/166231/
«Արսենալն» ակումբային ռեկորդ է կրկնել,"Անգլիայի փոխչեմպիոն Լոնդոնի «Արսենալը» կրկնել է ակումբի ռեկորդը մեկ մրցաշրջանում հաղթանակների քանակով։Չեմպիոնների լիգայի կիսաեզրափակիչի պատասխան խաղում Մադրիդի «Աթլետիկոյի» նկատմամբ 1:0 հաշվով հաղթանակը «Արսենալի» 41-րդ հաղթանակն էր այս մրցաշրջանում, հաղորդում է Opta-ն։Նախորդ անգամ 41 հաղթանակ «Արսենալն» ունեցել էր 1970/1971 մրցաշրջանում։«Արսենալը» դուրս է եկել Չեմպիոնների լիգայի եզրափակիչ եւ կմրցի ՊՍԺ - «Բավարիա» դիմակայության հաղթողի հետ։Հետևեք NEWS.am SPORT-ին Facebook-ում, Twitter և Telegram-ում",Sport,https://sport.news.am/arm/news/166232/
"Լուիս Էնրիկե․ Կձգտենք հաղթել մի թիմի, որն աննման է խաղում","Ֆրանսիայի չեմպիոն եւ Չեմպիոնների լիգայի գավաթակիր ՊՍԺ-ի իսպանացի գլխավոր մարզիչ Լուիս Էնրիկեն խոսել է Գերմանիայի չեմպիոն Մյունխենի «Բավարիայի» հետ առաջիկա դիմակայության մասին։ Թիմերը կհանդիպեն Չեմպիոնների լիգայի կիսաեզրափակիչի պատասխան խաղում։ Փարիզում 5:4 հաշվով հաղթել էր ՊՍԺ-ն։«Կձգտենք Մյունխենում խաղալ այնպես, ինչպես երբեք չենք խաղացել։ Ռաֆայել Նադալը մի անգամ ասել է, որ Ֆեդերերի եւ Ջոկովիչի դեմ հանդիպումները եղել են իր համար լավագույն մոտիվացինա։ Ցանկանում ենք «Բավարիայի» դեմ ունենալ այդպիսի տրամադրվածություն։Մենք շատ ենք հարգում «Բավարիային», եւ դա մոտիվացնում է մեզ ավելի լավ խաղալ։ Կձգտենք հաղթել մի թիմի, որն աննման է խաղում»,- Լուիս Էնրիկեի խոսքը մեջբերում է ՈՒԵՖԱ-ի կայքը։«Բավարիա» - ՊՍԺ պատասխան հանդիպումը տեղի կունենա մայիսի 6-ին եւ կմեկնարկի Երեւանի ժամանակով 23:00-ին։Եզրափակիչի առաջին ուղեգիրը նվաճել է Անգլիայի փոխչեմպիոն Լոնդոնի «Արսենալը», որը պայքարից դուրս է թողել Մադրիդի «Աթլետիկոյին»։Հետևեք NEWS.am SPORT-ին Facebook-ում, Twitter և Telegram-ում",Sport,https://sport.news.am/arm/news/166233/
Նոր ամերիկյան երազանք․ ԱՄՆ-ի հավաքականը նվաճում է ԱԱ-2026-ի գավաթը (տեսանյութ),"Ֆուտբոլի աշխարհի առաջնության պաշտոնական հեռարձակող Fox Sports-ը թողարկել է պրոմոհոլովակ, որում ԱՄՆ-ի հավաքականը 2026թ․ աշխարհի գավաթի եզրափակիչում 96-րդ րոպեին Կրիստիան Պուլիշիչի խփած գոլի շնորհիվ հաղթում է Բրազիլիայի հավաքականին։Տեսահոլովակում նկարահանվել են ամերիկյան ֆուտբոլի լեգենդար խաղացող Թոմ Բրեդին, «Միլանի» եւ «Ինտերի» նախկին հարձակվող, շվեդ Զլատան Իբրահիմովիչը, ԱՄՆ-ի հավաքականի նախկին խաղացող եւ մարզիչ Բրյուս Արենան։Վերջին դրվագում նախկին ամերիկացի հոկեյիստ Մայք Էրուզիոնեն երկրպագուներին հարցնում է․ «Դուք չեք հավատո՞ւմ հրաշքների»։ Էրուզիոնեն 1980թ․ ձմեռային Օլիմպիական խաղերի հոկեյի մրցաշարի եզրափակիչում դարձել է հաղթական գոլի հեղինակ ԽՍՀՄ-ի հավաքականի դեմ խաղում։Աշխարհի առաջնությունը կանցկացվի հունիսի 11-ից հուլիսի 19-ը ԱՄՆ-ում, Կանադայում եւ Մեքսիկայում։ Առաջին անգամ կմասնակցի 48 հավաքական՝ բաժանված 12 խմբի։Հետևեք NEWS.am SPORT-ին Facebook-ում, Twitter և Telegram-ում",Sport,https://sport.news.am/arm/news/166234/
"Sardinia World Chess Festival 2026. Հայկ Մարտիրոսյանը եւ Էմին Օհանյանը առաջատարների 
թվում են","Իտալիայում անցկացվող Sardinia World Chess Festival 2026 շախմատի միջազգային մրցաշարում Հայստանի ներկայացուցիչներ Հայկ Մարտիրոսյանն ու Էմին Օհանյանը առաջատարների շարքում են: Այս մասին հայտնում է ՀՇՖ-ն: Գրոսմայստեր Հայկ Մարտիրոսյանը 4 հնարավորից ունի 3,5 միավոր: Նույնքան միավոր ունի նաեւ Էմին Օհանյանը: Հայ շախմատիստները կիսում են 1-14-րդ տեղերը:Մրցաշարին մասնակցում են նաեւ գրոսմայստեր Մամիկոն Ղարիբյանը եւ ՖԻԴԵ-ի վարպետ Սարգիս Մանուկյանը, որոնք 4 տուրից հետո ունեն 2.5 միավոր:Հետևեք NEWS.am SPORT-ին Facebook-ում, Twitter և Telegram-ում",Sport,https://sport.news.am/arm/news/166235/
"Երիտասարդական ԱԱ. Տիտղոսի համար կպայքարի Աննա Ամրոյանը
","Եգիպտոսի Իսմայիլիա քաղաքում անցկացվող ծանրամարտի աշխարհի երիտասարդական առաջնությունում մայիսի 6-ին Հայաստանն ունի մեկ ներկայացուցիչ. տիտղոսի համար կպայքարի մեծահասակների Եվրոպայի փոխչեմպիոն Աննա Ամրոյանը: Աննա Ամրոյանը մինչեւ 20 տարեկանների Եվրոպայի առաջնության ոսկե մեդալակիր է, աշխարհի երիտասարդական առաջնության կրկնակի բրոնզե մեդալակիր, մինչեւ 17 տարեկանների Եվրոպայի առաջնության ոսկե մեդալակիր:2025 թ. ապրիլին Մոլդովայի մայրաքաղաք Քիշնեւում անցկացվող Եվրոպայի առաջնությունում Ամրոյանը առաջին մեդալը նվաճեց մեծահասակների պայքարում՝ դառնալով Եվրոպայի փոխչեմպիոն ՝231 կգ (100+131):Օրերս Բաթումիում ավարտված Եվրոպայի առաջնությունում կանանց 77 կգ քաշայինների պայքարում պոկում վարժությունում զրո ստանալուց հետո, փոքր ոսկե մեդալակիր դարձավ հրում վարժությունում: Աննա Ամրոյանի մասնակցությամբ կանանց 77 կգ քաշայինների պայքարը կմեկնարկի Երեւանի ժամանակով 20:00-ին: Հայաստանի երիտասարդական հավաքականներից երկամարտի մեդալ է նվաճել միայն 79 կգ քաշային Նարեկ Մկրտչյանը: Երկամարտի 336 կգ արդյունքով Մկտրչյանը նվաճել է աշխարհի փոխչեմպիոնի կոչումը (150+186): Փոքր ոսկե մեդալակիր է դարձել Նարեկ Գրիգորյանը (71 կգ),  փոքր արծաթե մեդալակիր՝ Հովհաննես Հովհաննիսյանը (71 կգ): Վիգեն Խաչատրյանի գլխավորած տղամարդկանց հավաքականից կմասնակցեն նաեւ Վալերիկ Մովսիսյանը (94 կգ), Գրիգոր Ղազարյանը (110 կգ) եւ Գագիկ Մկրտչյանը (+110 կգ): Արտաշես Ներսիսյանի գլխավորած կանանց թիմի կազմում մրցահարթակ դուրս կգան նաեւ Էմմա Պողոսյանը (86 կգ): Հետևեք NEWS.am SPORT-ին Facebook-ում, Twitter և Telegram-ում",Sport,https://sport.news.am/arm/news/166236/
«Ռեալի» 12 մլն երկրպագու քվեարկել է Մբապեի հեռացման համար,"Իսպանիայի փոխչեմպիոն Մադրիդի «Ռեալի» 12 միլիոն երկրպագու օնլայն հանրագրի միջոցով ակումբի ղեկավարությունից պահանջել է վաճառել ֆրանսիացի հարձակվող Կիլիան Մբապեին: Երկրպագուների կողմից ստեղծված օնլայն հարթակում հաշվարկվել են երկրպագուների ստորագրությունները:Ավելի վաղ հաղորդվում էր, որ «Ռեալում» դժգոհ են Մբապեի վարքից։ Նա բազմիցս ուշացել է ակումբային միջոցառումներից եւ գորոզություն է դրսեւորել ակումբի աշխատակիցների հետ աշխատանքային հարաբերություններում։Ընթացիկ մրցաշրջանում 27-ամյա ֆուտբոլիստը մասնակցել է 41 հանդիպման, խփել է 41 գոլ, կատարել 6 գոլային փոխանցում։ Մբապեն այժմ վերականգնվում է վնասվածքից հետո։ Հետևեք NEWS.am SPORT-ին Facebook-ում, Twitter և Telegram-ում",Sport,https://sport.news.am/arm/news/166237/
Սուպերհամակարգիչը կանխատեսել է Պրեմիեր լիգայի չեմպիոնին,"Opta վիճակագրական հարթակի սուպերհամակարգիչը կանխատեսել է անգլիական Պրեմիեր լիգայի չեմպիոնին։Ֆավորիտը փոխչեմպիոն եւ ընթացիկ առաջատար Լոնդոնի «Արսենալն» է, որի չեմպիոնության հավանականությունը գնահատվում է 86,35 տոկոս։ «Մանչեսթեր Սիթիի» հաղթանակը գնահատվում է 13,65 տոկոս։Անգլիայի առաջնության 35-րդ տուրում «Արսենալը» 3։0 հաշվով հաղթել էր «Ֆուլհեմին», «Մանչեսթեր Սիթին» 3։3 հաշվով ոչ ոքի էր խաղացել «Էվերտոնի» հետ։«Արսենալը» մրցաշարային աղյուսակը գլխավորում է 76 միավորով։ Մեկ հանդիպում քիչ անցկացրած «Մանչեսթեր Սիթին» 71 միավորով երկրորդն է։Հետևեք NEWS.am SPORT-ին Facebook-ում, Twitter և Telegram-ում",Sport,https://sport.news.am/arm/news/166238/
Կոմպանին՝ ՊՍԺ-ի հետ առաջիկա դիմակայության մասին,"Գերմանիայի նորընծա չեմպիոն Մյունխենի «Բավարիայի» բելգիացի գլխավոր մարզիչ Վենսան Կոմպանին խոսել է Ֆրանսիայի չեմպիոն եւ Չեմպիոնների լիգայի գավաթակիր ՊՍԺ–ի հետ առաջիկա դիմակայության մասին։ Թիմերը կհանդիպեն Չեմպիոնների լիգայի կիսաեզրափակիչի պատասխան խաղում։ Փարիզում տեղի ունեցած առաջին խաղում 5։4 հաշվով հաղթել էր ՊՍԺ–ն։«Երկու թիմերից է կախված՝ կտեսնենք նույն արդյունավետության խաղ, ինչ մեկ շաբաթ առաջ Փարիզում, թե չենք տեսնի։ Եթե թիմերից մեկը որոշի ավելի շատ պաշտպանվել, մրցախաղում կլինեն հանգիստ րոպեներ։ Հակառակ դեպքում՝ կտեսնենք նույնքան ինտենսիվ պայքար։ Դժվար է պատկերացնել, որ թիմերից մեկը կդավաճանի իր մոտեցմանն ու խողաոճին, որոնց շնորհիվ այդքան գոլ գրանցվեց։Մենք խաղալու ենք տանը, ցանկանում ենք հաղթել եւ կանենք հնարավոր ամեն ինչ դրան հասնելու համար։Հնարավոր է՝ մրցաշրջանի սկզբում քչերն էին հավատում, որ մենք կարող ենք հասնել մինչեւ եզրափակիչ, բայց հիմա մեկ քայլ է մնում, ապրել շատ առանձնահատուկ պահեր եւ կձգտենք եւս մեկ կարեւոր քայլի»,- Կոմպանիի խոսքը մեջբերում է ՈՒԵՖԱ-ի կայքը։Պատասխան հանդիպումը Մյունխենում տեղի կունենա մայիսի 6-ին եւ կմեկնարկի Երեւանի ժամանակով 23։00-ին։Եզրափակիչի առաջին ուեղգիրը նվաճել է Անգլիայի փոխչեմպիոն Լոնդոնի «Արսենալը», որը պայքարից դուրս է թողել Մադրիդի «Աթլետիկոյին» (1:1, 1:0):Հետևեք NEWS.am SPORT-ին Facebook-ում, Twitter և Telegram-ում",Sport,https://sport.news.am/arm/news/166239/
Ըմբշամարտի աշխարհի առաջնության մրցավայրը կփոխվի,"2026 թ. ըմբշամարտի աշխարհի առաջնությունը չի անցկացվի Բահրեյնի մայրաքաղաք Մանամայում: Այս մասին փոխանցում է ՀԱՕԿ-ը: Աշխարհի առաջնությունը նշանակված է հոկտեմբերի 24-ից նոյեմբերի 1-ը:Առաջնությունը Մանամայում չեղարկվել է Մերձավոր Արեւելքում լարված ռազմաքաղաքական իրավիճակի պատճառով։Նախնական տեղեկություններով` մրցումները հնարավոր է անցկացվեն  Ղազախստանում կամ Ուզբեկստանում:Ըմբշամարտի միջազգային ֆեդերացիան (UWW) առաջիկայում կհայտնի նոր մրցավայրի մասին:Հետևեք NEWS.am SPORT-ին Facebook-ում, Twitter և Telegram-ում",Sport,https://sport.news.am/arm/news/166240/
Ժերար Պիկեն սպառնացել է մրցավարին եւ որակազրկվել է,"«Բարսելոնայի» եւ Իսպանիայի հավաքականի նախկին ֆուտբոլիստ, «Անդորրա» ակումբի սեփականատեր Ժերար Պիկեն որակազրկվել է իսպանական Սեգունդայի առաջնության վեց խաղով, հաղորդում է AS-ը։«Ալբասետեի» դեմ Սեգունդայի 38-րդ տուրի խաղում 0:1 հաշվով պարտվելուց Ժերար Պիկեն թիմի այլ անդամների հետ սպառնացել է հանդիպման մրցավար Ալոնսո Դե Էնա Վոլֆին։Կարգապական կոմիտեի որոշմամբ՝ Պիկեն նաեւ երկու ամիս չի կարողանա ստադիոնում ներկա լինել «Անդորրայի» հանդիպումներին։ Ակումբը տուգանվել է 1500 եվրոյով։Հետևեք NEWS.am SPORT-ին Facebook-ում, Twitter և Telegram-ում",Sport,https://sport.news.am/arm/news/166241/
«Նոայի» եւ «Արարատ-Արմենիայի» հաղթանակները (տեսանյութ),"Ֆուտբոլի Հայաստանի Պրեմիեր լիգայի առաջնությունում տեղի ունեցավ 16-րդ տուրից տեղափոխված երկու հանդիպում։Առաջատար «Արարատ-Արմենիան» ընդունեց «Փյունիկին» եւ հաղթեց 1:0 հաշվով։ Միակ գոլը խփեց Գվինեա Բիսաուն ներկայացնող կիսապաշտպան Զիդան Բանջաքին։«Արարատ-Արմենիան» 24 խաղից հետո 54 միավորով գլխավորում է մրցաշարային աղյուսակը։ «Փյունիկը» 23 խաղից հետո 45 միավորով երրորդն է։Չեմպիոն «Նոան» հյուրընկալվեց «Գանձասարին» եւ առավելության հասավ 4:1 հաշվով։«Նոայից» դուբլի հեղինակ դարձավ բոսնիացի հարձակվող Նարդին Մուլահուսեյնովիչը։ Աչքի ընկավ նաեւ հարձակվող Արտյոմ Ավանեսյանը եւ Բուրկինա Ֆասոն ներկայացնող կիսապաշտպան Գուստավո Սանգարեն։«Նոան» 23 խաղից հետո 46 միավորով երկրորդն է։ Վերջին երկու տուրերի հանդիպումներից բացի «Նոան» ու «Փյունիկն» իրար դեմ կխաղան 13-րդ տուրից տեղափոխված խաղում։«Արարատ-Արմենիա» - «Փյունիկ»՝ 1:0Զիդան Բանջաքի, 10«Գանձասար» - «Նոա»՝ 1։4Ժոաո Նոբրեգա, 66 - Արտյոմ Ավանեսյան, 20, Նարդին Մուլահուսեյնովիչ, 73, 81, Գուստավո Սանգարե, 90+4Հետևեք NEWS.am SPORT-ին Facebook-ում, Twitter և Telegram-ում",Sport,https://sport.news.am/arm/news/166242/
Աննա Ամրոյանը՝ երիտասարդների աշխարհի չեմպիոն,"Եվրոպայի փոխչեմպիոն Աննա Ամրոյանը Եգիպտոսի Իսմայիլիա քաղաքում անցկացվող ծանրամարտի աշխարհի երիտասարդական առաջնությունում նվաճեց չեմպիոնի տիտղոսը: Ամրոյանը երկամարտում հավաքեց 240 կգ (106+134):Պոկում վարժությունում Ամրոյանը հաջող կատարեց բոլոր երեք մոտեցումները՝ բարձրացնելով 100 կգ, 104 կգ եւ 106 կգ: Հրում վարժությունում եւս ձախողած մոտեցում չունեցավ՝ 128 կգ, 132 կգ եւ 134 կգ:Աննա Ամրոյանը մինչեւ 20 տարեկանների Եվրոպայի առաջնության ոսկե մեդալակիր է, աշխարհի երիտասարդական առաջնության կրկնակի բրոնզե մեդալակիր, մինչեւ 17 տարեկանների Եվրոպայի առաջնության ոսկե մեդալակիր:2025 թ. ապրիլին Մոլդովայի մայրաքաղաք Քիշնեւում անցկացվող Եվրոպայի առաջնությունում Ամրոյանը առաջին մեդալը նվաճեց մեծահասակների պայքարում՝ դառնալով Եվրոպայի փոխչեմպիոն ՝231 կգ (100+131):Օրերս Բաթումիում ավարտված Եվրոպայի առաջնությունում կանանց 77 կգ քաշայինների պայքարում պոկում վարժությունում զրո ստանալուց հետո, փոքր ոսկե մեդալակիր դարձավ հրում վարժությունում: Հայաստանի երիտասարդական հավաքականներից երկամարտի մեդալ է նվաճել միայն 79 կգ քաշային Նարեկ Մկրտչյանը: Երկամարտի 336 կգ արդյունքով Մկտրչյանը նվաճել է աշխարհի փոխչեմպիոնի կոչումը (150+186): Փոքր ոսկե մեդալակիր է դարձել Նարեկ Գրիգորյանը (71 կգ),  փոքր արծաթե մեդալակիր՝ Հովհաննես Հովհաննիսյանը (71 կգ): Վիգեն Խաչատրյանի գլխավորած տղամարդկանց հավաքականից կմասնակցեն նաեւ Վալերիկ Մովսիսյանը (94 կգ), Գրիգոր Ղազարյանը (110 կգ) եւ Գագիկ Մկրտչյանը (+110 կգ): Արտաշես Ներսիսյանի գլխավորած կանանց թիմի կազմում մրցահարթակ դուրս կգան նաեւ Էմմա Պողոսյանը (86 կգ): Հետևեք NEWS.am SPORT-ին Facebook-ում, Twitter և Telegram-ում",Sport,https://sport.news.am/arm/news/166243/
ՉԼ․ «Բավարիայի» եւ ՊՍԺ-ի մեկնարկային կազմերը,"Ֆուտբոլի Չեմպիոնների լիգայի կիսաեզրափակիչի պատասխան խաղում Գերմանիայի նորընծա չեմպիոն «Բավարիան» Մյունխենում կընդունի Ֆրանսիայի չեմպիոն, Չեմպիոնների լիգայի գավաթակրի տիտղոսը պաշտպանող ՊՍԺ-ն։ Հայտնի են թիմերի մեկնարկային կազմերը։«Բավարիա»․ Նոյեր, Ստանիշիչ, Ուպամեկանո, Տա, Լայմեր, Կիմիխ, Պավլովիչ, Օլիսե, Մուսիալա, Դիաս, Քեյն։ՊՍԺ․ Սաֆոնով, Մարկինյոս, Պաչո, Մենդեշ, Նեւեշ, Վիտինյա, Զաիր-Էմերի, Ռուիս, Դուե, Դեմբելե, Կվարացխելիա։Հանդիպումը կմեկնարկի Երեւանի ժամանակով 23:00-ին։Փարիզում 5:4 հաշվով հաղթել էր ՊՍԺ-ն։Հետևեք NEWS.am SPORT-ին Facebook-ում, Twitter և Telegram-ում",Sport,https://sport.news.am/arm/news/166244/
Եվրոպայի լիգա․ Օրվա հանդիպումները,"Ֆուտբոլի Եվրոպայի լիգայում մայիսի 7-ին տեղի կունենան կիսաեզրափակիչի պատասխան հանդիպումները։Եվրոպայի լիգա, կիսաեզրափակիչ, պատասխան խաղ«Ֆրայբուրգ» (Գերմանիա) - «Բրագա» (Պորտուգալիա)՝ 23:00 (Երեւանի ժամանակ), (առաջին խաղ՝ 1:2)«Աստոն Վիլա» (Անգլիա) - «Նոթինգեմ Ֆորեսթ» (Անգլիա)՝ 23:00 (առաջին խաղ՝ 0:1)Հետևեք NEWS.am SPORT-ին Facebook-ում, Twitter և Telegram-ում",Sport,https://sport.news.am/arm/news/166245/
Կոնֆերենցիաների լիգա․ Օրվա հանդիպումները,"Ֆուտբոլի Կոնֆերենցիաների լիգայում մայիսի 7-ին տեղի կունենան կիսաեզրափակիչի պատասխան հանդիպումները։Կոնֆերենցիաների լիգա, կիսաեզրափակիչ, պատասխան խաղ«Ստրասբուրգ» (Ֆրանսիա) - «Ռայո Վալիեկանո» (Իսպանիա)՝ 23:00 (Երեւանի ժամանակ), (առաջին խաղ՝ 0:1)«Քրիսթալ Փելաս» (Անգլիա) - «Շախտյոր» (Ուկրաինա)՝ 23:00 (առաջին խաղ՝ 3:1)Հետևեք NEWS.am SPORT-ին Facebook-ում, Twitter և Telegram-ում",Sport,https://sport.news.am/arm/news/166246/
ՉԼ․ ՊՍԺ-ն առաջին խաղակեսում հաղթեց «Բավարիային» (տեսանյութ),"Ֆուտբոլի Չեմպիոնների լիգայի կիսաեզրափակիչի պատասխան խաղում Գերմանիայի նորընծա չեմպիոն «Բավարիան» Մյունխենում ընդունել է Ֆրանսիայի չեմպիոն, Չեմպիոնների լիգայի գավաթակրի տիտղոսը պաշտպանող ՊՍԺ-ին։Առաջին խաղակեսում 1:0 հաշվով հաղթեցին հյուրերը։Արդեն երրորդ րոպեին ՊՍԺ-ի վրացի հարձակվող Խվիչա Կվարացխելիայի փոխանցումից հետո գերմանացի Մանուել Նոյերի պաշտպանած դարպասը գրավեց ֆրանսիացի հարձակվող Ուսման Դեմբելեն (տեսանյութ)։Ընդմիջում է։Փարիզում 5:4 հաշվով հաղթել էր ՊՍԺ-ն։Հետևեք NEWS.am SPORT-ին Facebook-ում, Twitter և Telegram-ում",Sport,https://sport.news.am/arm/news/166247/
ՉԼ․ ՊՍԺ-ն երկրորդ տարին անընդմեջ դուրս եկավ եզրափակիչ (տեսանյութ),"Dembélé Kane  Which was the better goal?? @Heineken | #UCLGOTD pic.twitter.com/FQ7HqKcTv8Ֆրանսիայի չեմպիոն, Չեմպիոնների լիգայի գավաթակրի տիտղոսը պաշտպանող ՊՍԺ-ն երկրորդ տարին անընդմեջ դուրս եկավ ֆուտբոլի Չեմպիոնների լիգայի եզրափակիչ։Կիսաեզրափակիչի պատասխան խաղում իսպանացի Լուիս Էնրիկեի գլխավորած թիմը Գերմանիայի նորընծա չեմպիոն «Բավարիայի» հետ հանդիպումն ավարտեց ոչ ոքի՝ 1:1 հաշվով։Արդեն երրորդ րոպեին ՊՍԺ-ի վրացի հարձակվող Խվիչա Կվարացխելիայի փոխանցումից հետո գերմանացի Մանուել Նոյերի պաշտպանած դարպասը գրավեց ֆրանսիացի հարձակվող Ուսման Դեմբելեն (տեսանյութ)։Ավելացված չորրորդ րոպեին հավասարությունը վերականգնեց անգլիացի հարձակվող Հարի Քեյնը (տեսանյութ)։Փարիզում 5:4 հաշվով հաղթել էր ՊՍԺ-ն։Մայիսի 30-ին Հունգարիայի մայրաքաղաք Բուդապեշտում անցկացվելիք եզրափակիչում ՊՍԺ-ի մրցակիցը կլինի Անգլիայի փոխչեմպիոն եւ Պրեմիեր լիգայի ընթացիկ առաջատար Լոնդոնի «Արսենալը», որը կիսաեզրափակիչում պայքարից դուրս էր թողել Մադրիդի «Աթլետիկոյին» (1:1, 1:0)։Հետևեք NEWS.am SPORT-ին Facebook-ում, Twitter և Telegram-ում",Sport,https://sport.news.am/arm/news/166248/
ՉԼ․ Խվիչա Կվարացխելիայի ռեկորդը,"Ֆրանսիայի չեմպիոն եւ Չեմպիոնների լիգայի գավաթակիր ՊՍԺ-ի եւ Վրաստանի հավաքականի եզրային հարձակվող Խվիչա Կվարացխելիան Չեմպիոնների լիգայի փլեյ-օֆֆում արդյունավետության ռեկորդ է գրանցել Գերմանիայի չեմպիոն Մյունխենի «Բավարիայի» կիսաեզրափակիչի պատասխան խաղում (1:1) ֆրանսիացի հարձակվող Ուսման Դեմբելեին կատարած գոլային փոխանցման շնորհիվ։25-ամյա Կվարացխելիան Չեմպիոնների լիգայի պատմության մեջ առաջին խաղացողն է, որին հաջողվում է փլեյ-օֆֆի 7 անընդմեջ հանդիպումներում դառնալ արդյունավետ գործողության հեղինակ, հաղորդում է Opta-ն։Չեմպիոնների լիգայի ընթացիկ մրցաշրջանում Կվարացխելիան խփել է 10 գոլ, կատարել 6 գոլային փոխանցում։ՊՍԺ-ն եզրափակիչում կմրցի Անգլիայի փոխչեմպիոն Լոնդոնի «Արսենալի» հետ։Հետևեք NEWS.am SPORT-ին Facebook-ում, Twitter և Telegram-ում",Sport,https://sport.news.am/arm/news/166249/
ՉԼ․ Շաբաթվա լավագույն խաղացողի մրցանակի հավակնորդները,"Չեմպիոնների լիգայի կիսաեզրափակիչի պատասխան հանդիպումներից հետո ՈՒԵՖԱ-ն ներկայացրել է շաբաթվա լավագույն խաղացողի մրցանակի երկու հավակնորդների։Մրցանակին հավակնում են Անգլիայի փոխչեմպիոն Լոնդոնի «Արսենալի» անգլիացի կիսապաշտպան Դեքլան Ռայսն ու Ֆրանսիայի չեմպիոն եւ Չեմպիոնների լիգայի գավաթակիր ՊՍԺ-ի էկվադորցի պաշտպան Վիլիան Պաչոն։Քվեարկությունն ընթանում է ՈՒԵՖԱ-ի կայքում։Կիսաեզրափակիչում «Արսենալը» պայքարից դուրս է թողել Մադրիդի «Աթլետիկոյին» (1:1, 1:0), ՊՍԺ-ն՝ Գերմանիայի նորընծա չեմպիոն Մյունխենի «Բավարիային» (5:4, 1:1)։Եզրափակիչը տեղի կունենա մայիսի 30-ին Բուդապեշտում։Հետևեք NEWS.am SPORT-ին Facebook-ում, Twitter և Telegram-ում",Sport,https://sport.news.am/arm/news/166250/
Սուպերհամակարգիչը կանխատեսել է ՉԼ-ի հաղթողին,"Չեմպիոնների լիգայի կիսաեզրափակիչի պատասխան հանդիպումներից հետո Opta վիճակագրական հարթակի սուպերհամակարգիչը կանխատեսել է գլխավոր եվրագավաթային մրցաշարի հաղթողին։Տիտղոսը կվիճարկեն Անգլիայի փոխչեմպիոն եւ Պրեմիեր լիգայի ընթացիկ առաջատար Լոնդոնի «Արսենալն» ու Ֆրանսիայի չեմպիոն եւ Չեմպիոնների լիգայի գավաթակրի տօտղոսը պաշտպանող ՊՍԺ-ն։«Արսենալի» հաղթանակի հավանականությունը գնահատվում է 55, 76 տոկոս, ՊՍԺ-ի հաթանակի հավանականությունը 44,24 տոկոս է։Կիսաեզրափակիչում «Արսենալը» պայքարից դուրս է թողել Մադրիդի «Աթլետիկոյին» (1:1, 1:0), ՊՍԺ-ն՝ Գերմանիայի նորընծա չեմպիոն Մյունխենի «Բավարիային» (5:4, 1:1)։Եզրափակիչը տեղի կունենա մայիսի 30-ին Բուդապեշտում։Հետևեք NEWS.am SPORT-ին Facebook-ում, Twitter և Telegram-ում",Sport,https://sport.news.am/arm/news/166251/
ՉԼ․ Լուիս Էնրիկեն եւ Վենսան Կոմպանին՝ կիսաեզրափակիչի արդյունքի մասին,"Ֆրանսիայի չեմպիոն եւ Չեմպիոնների լիգայի գավաթակիր ՊՍԺ-ի իսպանացի գլխավոր մարզիչ Լուիս Էնրիկեն ու Գերմանիայի նորընծա չեմպիոն Մյունխենի «Բավարիայի» բելգիացի գլխավոր մարզիչ Վենսան Կոմպանին մեկնաբանել են Չեմպիոնների լիգայի կիսաեզրափակիչի դիմակայությունը։Պատասխան հանդիպումը Մյունխենում ավարտվել էր ոչ ոքի՝ 1:1: ՊՍԺ-ն դուրս եկավ եզրափակիչ Փարիզում տարած 5:4 հաշվով հաղթանակի շնորհիվ։Լուիս Էնրիկե (ՊՍԺ)«Շատ լավ նշան է այն բնավարությունը, որը մենք ցուցադրեցինք այս երկու հանդիպումներում։ Ուրախ ենք երկրորդ անգամ անընդմեջ եզրափակիչ դուրս գալու առթիվ։Անհավանական լարված եւ բարդ հանդիպում էր։ «Բավարիան» խաղում էր ամենաբարձր մակարդակի ֆուտբոլ։ Այս երկու թիմերը շատ նման են՝ սիրում են բարձր պրեսինգ։ Մենք շատ գոհ ենք արդյունքից»։Վենսան Կոմպանի («Բավարիա»)«Ես չեմ կարողանում երկար տխրել։ Մենք պարտվեցինք երկու շատ հավասար հանդիպումներում շատ ուժեղ մրցակցի։ Պետք է ավելի վճռական գործեինք։ Շնորհավորում եմ ՊՍԺ-ին։ Մեզ համար Չեմպիոնների լիգան այս մրցաշրջանում ավարտված է, բայց կլինի նոր հնարավորություն, եւ դա մոտիվացնում է ինձ»։Հետևեք NEWS.am SPORT-ին Facebook-ում, Twitter և Telegram-ում",Sport,https://sport.news.am/arm/news/166252/
ՉԼ-ի պատմության մեջ առաջին անգամ եզրափակիչում կմրցի 2 իսպանացի գլխավոր մարզիչ,"Չեմպիոնների լիգայի պատմության մեջ առաջին անգամ եզրափակիչում կհանդիպեն երկու իսպանացի գլխավոր մարզիչներ։ Տիտղոսն այս տարի կվիճարկեն Անգլիայի փոխչեմպիոն Լոնդոնի «Արսենալն» ու Ֆրանսիայի չեմպիոն եւ Չեմպիոնների լիգայի գավաթակրի տիտղոսը պաշտպանող ՊՍԺ-ն։«Արսենալը» գլխավորում է Միկել Արտետան, ՊՍԺ-ն՝ Լուիս Էնրիկեն։Նախկինում չորս եզրափակիչ է եղել Չեմպիոնների լիգայում կամ Եվրոպական չեմպիոնների գավաթի խաղարկությունում, երբ մեկ երկրի երկու մարզիչ է հասել վճռական հանդիպում․1979 թվականին՝ «Նոթինգեմ Ֆորեսթ» (Բրայան Քլաֆ) - «Մալմյո» (Բոբ Հաֆթոն), 2003-ին՝ «Յուվենտուս» (Մարչելո Լիպի) - «Միլան» (Կառլո Անչելոտի), 2013-ին՝ «Բորուսիա Դորտմունդ» (Յուրգեն Կլոպ) - «Բավարիա» (Յուպ Հանյկես), 2020-ին՝ ՊՍԺ (Թոմաս Տուխել) - «Բավարիա» (Հանս-Դիտեր Ֆլիկ)։«Արսենալ» - ՊՍԺ եզրափակիչը տեղի կունենա մայիսի 30-ին Հունգարիայի մայրաքաղաք Բուդապեշտում։Հետևեք NEWS.am SPORT-ին Facebook-ում, Twitter և Telegram-ում",Sport,https://sport.news.am/arm/news/166253/
"ՉԼ․ Շաբաթվա լավագույն գոլերը, սեյվերն ու գոլային փոխանցումները (տեսանյութ)","Dembélé Kane  Which was the better goal?? @Heineken | #UCLGOTD pic.twitter.com/FQ7HqKcTv8The goal that sent Arsenal to the Champions League final @Heineken | #UCLGOTD pic.twitter.com/P32qcqXjWaՉեմպիոնների լիգայի կիսաեզրափակիչի պատասխան հանդիպումներից հետո ՈՒԵՖԱ-ն ներկայացրել է շաբաթվա լավագույն գոլերը, գոլային փոխանցումներն ու դարպասապահների սեյվերը։Անգլիայի փոխչեմպիոն Լոնդոնի «Արսենալը» անգլիացի հարձակվող Բուկայո Սակայի գոլի շնորհիվ 1:0 հաշվով հաղթել էր Մադրիդի «Աթլետիկոյին» եւ դուրս եկել եզրափակիչ։ Մյուս ուղեգիրը նվաճել է Ֆրանսիայի չեմպիոն եւ Չեմպիոնների լիգայի գավաթակրի տիտղոսը պաշտպանող ՊՍԺ-ն, որը Մյունխենում 1:1 հաշվով է խաղացել Գերմանիայի նորընծա չեմպիոն «Բավարիայի» հետ։ Գոլերը խփել էին ֆրանսիացի հարձակվող Ուսման Դեմբելեն եւ անգլիացի հարձակվող Հարի Քեյնը։Եզրափակիչը տեղի կունենա մայիսի 30-ին Բուդապեշտում։Best save this week? @QatarAirways | #LetsFly pic.twitter.com/IJFZ8ksPY8

This Kvaratskhelia assist #UCLassists | @Lays_football pic.twitter.com/p0JsSXhtUT

Հետևեք NEWS.am SPORT-ին Facebook-ում, Twitter և Telegram-ում",Sport,https://sport.news.am/arm/news/166255/
NBA-ի փլեյ-օֆֆ․ Օրվա արդյունքներն ու լավագույն դրվագները (տեսանյութ),"Բասկետբոլի ազգային ասոցիացիայի (NBA) առաջնության փլեյ-օֆֆում շարունակվում են 1/4 եզրափակիչի հանդիպումները։«Նյու Յորք Նիքս» - «Ֆիլադելֆիա Սիքսերս»՝ 108:102 (շարքի ընդհանուր հաշիվը՝ 2-0)«Սան Անտոնիո Սփյորս» - «Մինեսոտա Թիմբերվուլվզ»՝ 133:95 (1-1)Գործող չեմպիոնը «Օկլահոմա Սիթի Թանդերն» է։Հետևեք NEWS.am SPORT-ին Facebook-ում, Twitter և Telegram-ում",Sport,https://sport.news.am/arm/news/166256/
 Նիկլաս Զյուլեն 30 տարեկանում կավարտի կարիերան,"Գերմանիայի հավաքականի նախկին պաշտպան, Դորտմունդի «Բորուսիայի» պաշտպան Նիկլաս Զյուլեն հայտարարել է մրցաշրջանի ավարտից հետո ֆուտբոլային կարիերան ավարտելու մասին: Այս մասին հաղորդում է ակումբի մամուլի ծառայությունը։30-ամյա գերմանացի ֆուտբոլիստը նման որոշում է կայացրել ապրիլի 18-ին «Հոֆենհայմի» դեմ խաղում  ստացած ծնկի վնասվածքից հետո:Զյուլեն ընթացիկ մրցաշրջանում «Բորուսիայի» կազմում մասնակցել է 11 հանդիպման՝ դառնալով մեկ գոլային փոխանցման հեղինակ:Նիկլաս Զյուլեն Բունդեսլիգայում անցկացրել է 299 հանդիպում՝ հանդես գալով «Հոֆենհայմի», «Բավարիայի» եւ «Բորուսիայի» կազմում։ Նա դարձել է Գերմանիայի 5-ակի չեմպիոն, նվաճել Չեմպիոնների լիգայի գավաթը: «Բավարիայի» կազմում նվաճել է 14 տիտղոս։ Գերմանիայի հավաքականի կազմում անցկացրել է 49 հանդիպում։Հետևեք NEWS.am SPORT-ին Facebook-ում, Twitter և Telegram-ում",Sport,https://sport.news.am/arm/news/166257/
Երիտասարդական ԱԱ. Մրցահարթակ դուրս կգան Էմմա Պողոսյանը եւ Վալերիկ Մովսիսյանը,"Եգիպտոսի Իսմայիլիա քաղաքում անցկացվող ծանրամարտի աշխարհի երիտասարդական առաջնությունում մայիսի 7-ին Հայաստանն ունի երկու ներկայացուցիչ: Տիտղոսի համար կպայքարեն Էմմա Պողոսյանը (86 կգ) եւ Վալերիկ Մովսիսյանը (94 կգ):Էմմա Պողոսյանն աշխարհի երիտասարդական առաջնության չեմպիոն է, Մ20 ԵԱ չեմպիոն, Մ17 Եվրոպայի կրկնակի չեմպիոն, Մ15 Եվրոպայի չեմպիոն: 2024 թ. Էմմա Պողոսյանն առաջին անգամ ճանաչվեց Հայաստանի տարվա լավագույն երիտասարդ մարզիկ:2025 թ. Մոլդովայի մայրաքաղաք Քիշնեւում անցկացված Եվրոպայի առաջնությունում Պողոսյանը 5-րդ տեղում ավարտեց պայքարը` երկամարտում գրանցելով 230 կգ արդյունք (100+130):Նույն տարում Ալբանիայի Դուրրես քաղաքում անցկացված Եվրոպայի երիտասարդների առաջնությունում Էմմա Պողոսյանը երկամարտի 241 կգ արդյունքով նվաճեց ոսկե մեդալ (105+136):Օրերս Բաթումիում անցկացված մեծահասակների Եվրոպայի առաջնությունում կանանց 86 կգ քաշայինների պայքարում 19-ամյա Էմմա Պողոսյանը երկամարտի 248 կգ արդյունքով նվաճեց չեմպիոնի տիտղոսը (107+141):Էմմա Պողոսյանի մասնակցությամբ 86 կգ քաշայինների պայքարը կմեկնարկի Երեւանի ժամանակով 17:00-ին:Երեկոյան մրցահերթում տղամարդկանց 94 կգ քաշայինների պայքարում մրցահարթակ դուրս կգա Վալերիկ Մովսիսյանը:Մովսիսյանը Եվրոպայի մինչեւ 17 տարեկանների կրկնակի չեմպիոն է, աշխարհի երիտասարդական առաջնության բրոնզե մեդալակիր:94 կգ քաշայինների պայքարը կմեկնարկի Երեւանի ժամանակով 20:00-ին:Վիգեն Խաչատրյանի գլխավորած տղամարդկանց հավաքականից կմասնակցեն նաեւ Գրիգոր Ղազարյանը (110 կգ) եւ Գագիկ Մկրտչյանը (+110 կգ): Հետևեք NEWS.am SPORT-ին Facebook-ում, Twitter և Telegram-ում",Sport,https://sport.news.am/arm/news/166258/
Հայ բռնցքամարտիկները հաղթանակով են մեկնարկել Ակակի Կակուրաիձեի անվան մրցաշարում,"Բռնցքամարտի Հայաստանի երիտասարդական հավաքականը սկսել է պայքարը Վրաստանում անցկացվող Ակակի Կակուրաիձեի անվան միջազգային մրցաշարում, որին մասնակցում է 9 երկրի 150 բռնցքամարտիկ:Մրցումային առաջին օրը Կարեն Աղամալյանի գլխավորած հավաքականից ռինգ դուրս եկած 6 բռնցքամարտիկներից 5-ը հաղթանակով են մեկնարկել:50 կգ քաշային Տիգրան Կիրակոսյանը տպավորիչ հաղթանակ է տարել ադրբեջանցի Հուսեյն Մահառամովի նկատմամբ: 65 կգ քաշային Սուրեն Կատվալյանը պարտության է մատնել Ղրղստանի ներկայացուցիչ Արսլան Շարշենբեկովին։ Վահրամ Դովլաթբեկյանը (55 կգ), Հայկ Կարապետյանը (60 կգ) եւ Յուրի Մայիլյանը (60 կգ) առավելության են հասել վրացի մրցակիցների նկատմամբ: 85 կգ քաշային  Միքայել Գյուլումյանը պարտվել է Վրաստանը ներկայացնող Արտյուշ Այվազյանին:Կարեն Աղամալյանի գլխավորությամբ Ակակի Կակուրաիձեի անվան մրցաշարին մասնակցում են՝Լեւոն Իգնատիվոսյանը, Տիգրան Կիրակոսյանը (երկուսն էլ՝ 50 կգ), Վահրամ Դովլաթբեկյանը (55 կգ), Արթուր Ավետիսյանը, Հայկ Կարապետյանը,  Յուրի Մայիլյանը (բոլորն էլ՝ 60 կգ), Գոռ Հարությունյանը, Սուրեն Կատվալյանը (երկուսն էլ՝ 65 կգ), Արտյոմ Ստեփանյանը (70 կգ), Ալեն Ստեփանյանը (75 կգ), Սամվել Սիրամարգյանը (80 կգ), Տիգրան Սարգսյանը (85 կգ), Վարդան Ավետիսյանը (90 կգ) եւ Արամ Թումանյանը (+90 կգ):Հետևեք NEWS.am SPORT-ին Facebook-ում, Twitter և Telegram-ում",Sport,https://sport.news.am/arm/news/166259/
Վալվերդեն հայտնվել է հիվանդանոցում Տչուամենիի հետ վիճաբանությունից հետո,"Մադրիդի «Ռեալի» ուրուգվայցի կիսապաշտպան Ֆեդերիկո Վալվերդեն ակումբակից, ֆրանսիացի կիսապաշտպան Օրելիեն Տչուամենիի հետ վիճաբանությունից եւ հրմշտոցից հետո հայտնվել է հիվանդանոցում, հաղորդում է Marca-ն։ Վեճին միջամտել են նաեւ Արքայական թիմի մյուս ֆուտբոլիստներն ու գլխավոր մարզիչ Ալվարո Արբելոան։«Ռեալում» անառողջ մթնոլորտ է։ Ֆուտբոլիստներն իրար հետ լարված հարաբերությունների մեջ են։ Ֆուտբոլիստների մի խումբ էլ անտեսում է Արբելոային, որի հեռացումը գրեթե անխուսափելի է։Իսպանիայի առաջնության 34 տուրից հետո «Ռեալը» 77 միավորով երկրորդն է եւ առաջատար «Բարսելոնայից» հետ է 11 միավոր։Լա Լիգայի հաջորդ տուրում «Ռեալը» մայիսի 10–ին կհյուրընկալվի «Բարսելոնային», որը չպարտվելու դեպքում ժամանակից շուտ կնվաճի չեմպիոնի տիտղոսը։Հետևեք NEWS.am SPORT-ին Facebook-ում, Twitter և Telegram-ում",Sport,https://sport.news.am/arm/news/166260/
Հայաստանի Պրեմիեր լիգա. Մեկնարկում է նախավերջին տուրը,"Ֆուտբոլի Հայաստանի Պրեմիեր լիգայի առաջնությունում մայիսի 8-ին «Վան» - «Շիրակ» մրցախաղով կմեկնարկի նախավերջին տուրը։Առաջատարը «Արարատ-Արմենիան» է, որը վաստակել է 54 միավոր։Հայաստանի առաջնություն, 25-րդ տուր«Վան» - «Շիրակ»՝ 15։00Մայիսի 9«Ալաշկերտ» - «Գանձասար»՝ 15։00«Փյունիկ» - ԲԿՄԱ՝ 19։00Մայիսի 10«Արարատ» - «Ուրարտու»՝ 16։00«Արարատ-Արմենիա» - «Նոա»՝ 18։00Հետևեք NEWS.am SPORT-ին Facebook-ում, Twitter և Telegram-ում",Sport,https://sport.news.am/arm/news/166261/
ՉԼ. Շաբաթվա լավագույն խաղացողը,"Անգլիայի փոխչեմպիոն Լոնդոնի «Արսենալի» անգլիացի կիսապաշտպան Դեքլան Ռայսը ճանաչվել է շաբաթվա լավագույն խաղացող Չեմպիոնների լիգայի կիսաեզրափակիչի պատասխան հանդիպումների արդյունքում, հաղորդում է ՈՒԵՖԱ–ի կայքը։Մադրիդի «Աթլետիկոյի» դեմ խաղում Ռայսն անցկացրել է 90 րոպե եւ օգնել իր թիմին դուրս գալ եզրափակիչ։ «Արսենալը» հաղթել է 1։0 հաշվով։Մրցանակին հավակնում էր նաեւ Ֆրանսիայի չեմպիոն, Չեմպիոնների լիգայի գավաթակիր ՊՍԺ–ի էկվադորցի պաշտպան Վիլիան Պաչոն։Մայիսի 30–ին Բուդապեշտում անցկացվելիք եզրափակիչում «Արսենալի» մրցակիցը կլինի ՊՍԺ–ն, որը կիսաեզրափակիչում պայքարի դուրս թողեց Գերմանիայի նորընծա չեմպիոն «Բավարիային» (5:4, 1:1):Հետևեք NEWS.am SPORT-ին Facebook-ում, Twitter և Telegram-ում",Sport,https://sport.news.am/arm/news/166262/
Երիտասարդական ԱԱ. Էմմա Պողոսյանը՝ բրոնզե մեդալակիր (ֆոտո),"Մեծահասակների Եվրոպայի չեմպիոն, 19-ամյա Էմմա Պողոսյանը երկամարտի բրոնզե մեդալ նվաճեց Եգիպտոսի Իսմայիլիա քաղաքում անցկացվող ծանրամարտի աշխարհի երիտասարդական առաջնությունում:Երկամարտում Պողոսյանը հավաքեց 253 կգ (109+144):Պոկում վարժությունում Էմմա Պողոսյանը հաջողությամբ կատարեց բոլոր երեք մոտեցումները՝ բարձրացնելով 103 կգ, 106 կգ եւ 109 կգ: Այս վարժությունում Պողոսյանը 5-րդն էր:Հրում վարժությունում 19-ամյա ծանրորդը բարձրացրեց 137 կգ եւ 144 կգ, երրորդ մոտեցումը՝ 147 կգ, ձախողեց: Այս վարժությունում նա վաստակեց փոքր ոսկե մեդալ:Էմմա Պողոսյանն աշխարհի երիտասարդական առաջնության չեմպիոն է, Մ20 ԵԱ չեմպիոն, Մ17 Եվրոպայի կրկնակի չեմպիոն, Մ15 Եվրոպայի չեմպիոն: 2024 թ. Էմմա Պողոսյանն առաջին անգամ ճանաչվեց Հայաստանի տարվա լավագույն երիտասարդ մարզիկ:2025 թ. Մոլդովայի մայրաքաղաք Քիշնեւում անցկացված Եվրոպայի առաջնությունում Պողոսյանը 5-րդ տեղում ավարտեց պայքարը` երկամարտում գրանցելով 230 կգ արդյունք (100+130):Նույն տարում Ալբանիայի Դուրրես քաղաքում անցկացված Եվրոպայի երիտասարդների առաջնությունում Էմմա Պողոսյանը երկամարտի 241 կգ արդյունքով նվաճեց ոսկե մեդալ (105+136):Օրերս Բաթումիում անցկացված մեծահասակների Եվրոպայի առաջնությունում կանանց 86 կգ քաշայինների պայքարում 19-ամյա Էմմա Պողոսյանը երկամարտի 248 կգ արդյունքով նվաճեց չեմպիոնի տիտղոսը (107+141):Երեկոյան մրցահերթում տղամարդկանց 94 կգ քաշայինների պայքարում մրցահարթակ դուրս կգա Վալերիկ Մովսիսյանը:Մովսիսյանը Եվրոպայի մինչեւ 17 տարեկանների կրկնակի չեմպիոն է, աշխարհի երիտասարդական առաջնության բրոնզե մեդալակիր:94 կգ քաշայինների պայքարը կմեկնարկի Երեւանի ժամանակով 20:00-ին:Հետևեք NEWS.am SPORT-ին Facebook-ում, Twitter և Telegram-ում",Sport,https://sport.news.am/arm/news/166263/
Անրի. Դեմբելեն ու Կվարացխելիան պաշտպանների մղձավանջն են,"Ֆրանսիայի հավաքականի, «Արսենալի», «Մոնակոյի» եւ «Բարսելոնայի» նախկին հարձակվող Թիերի Անրին բարձր է գնահատել Ֆրանսիայի չեմպիոն եւ Չեմպիոնների լիգայի գավաթակիր ՊՍԺ-ի եզրային հարձակվողներ Ուսման Դեմբելեի եւ Խվիչա Կվարացխելիայի որակները։«Դեմբելեն ու Կվարացխելիան պաշտպանների մղձավանջն են։ Նրանք տարբեր միջոցներով ոչնչացնում են մրցակցի պաշտպանությունը։ Մենք դա տեսանք նաեւ «Բավարիայի» դեմ պատասխան խաղում։Կվարացխելիան խլեց գնդակը, նետվեց առաջ եւ կատարյալ փոխանցում կատարեց Դեմբելեին, որը մրցակցի դարպասը գրավեց արդեն երրորդ րոպեին։ Արագ գոլը գործնականում վճռեց արդյունքը։ Խվիչան ու Դեմբելեն հրաշալի են իրար հասկանում։ Մեկը շեղում է պաշտպաններին, մյուսն օգտագործում է ազատ տարածությունը. անհավանական տեսարան է։ Խվիչան իր դրիբլինգով եւ խաղադաշտը տեսնելու ունակությամբ քաոս է տարածում, իսկ Դեմբելեն սառնասրտորեն օգտագործոււմ է հնարավորությունը»,- Անրիի խոսքը մեջբերում է L’Equipe-ը։«Բավարիա» - ՊՍԺ պատասխան հանդիպումն ավարտվել է 1։1 հաշվով։ Փարիզյան թիմը եզրափակիչ է դուրս եկել տանը տարած 5։4 հաշվով հաղթանակի շնորհիվ։Մայիսի 30-ին Բուդապեշտում անցկացվելիք եզրափակիչում ՊՍԺ-ի մրցակիցը կլինի Անգլիայի փոխչեմպիոն եւ Պրեմիեր լիգայի ընթացիկ առաջատար Լոնդոնի «Արսենալը», որը կիսաեզրափակիչում պայքարից դուրս էր թողել Մադրիդի «Աթլետիկոյին» (1:1, 1:0):Հետևեք NEWS.am SPORT-ին Facebook-ում, Twitter և Telegram-ում",Sport,https://sport.news.am/arm/news/166264/
«Ոսկե գնդակի» ֆավորիտները,"Չեմպիոնների լիգայի կիսաեզրափակիչի պատասխան հանդիպումներից հետո Goal.com–ը ներկայացրել է 2026թ. «Ոսկե գնդակի» ֆավորիտներին՝ առաջին տեղում նշելով Գերմանիայի նորընծա չեմպիոն Մյունխենի «Բավարիայի» եւ Անգլիայի հավաքականի կենտրոնական հարձակվող Հարի Քեյնին։Երկրորդ տեղում է Իսպանիայի չեմպիոն «Բարսելոնայի» եւ Եվրոպայի չեմպիոն Իսպանիայի հավաքականի եզրային հարձակվող Լամին Յամալը։Հետևեք NEWS.am SPORT-ին Facebook-ում, Twitter և Telegram-ում",Sport,https://sport.news.am/arm/news/166265/
ՉԼ. Շաբաթվա խորհրդանշական հավաքականը,"Չեմպիոնների լիգայի կիսաեզրափակիչի պատասխան հանդիպումներից հետո ՈՒԵՖԱ–ն ներկայացրել է շաբաթվա խորհրդանշական հավաքականը։Դարպասապահ. Դավիդ Ռայա («Արսենալ»)։Պաշտպաններ. Վիլիան Պաչո (ՊՍԺ), Ուիլյամ Սալիբա («Արսենալ»), Մարկ Պուբիլ («Աթլետիկո Մադրիդ»)։Կիսապաշտպաններ. Յոզուա Կիմիխ («Բավարիա»), Դեքլան Ռայս («Արսենալ»), Դեզիրե Դուե (ՊՍԺ), Խվիչա Կվարացխելիա (ՊՍԺ)։Հարձակվողներ. Լուիս Դիաս («Բավարիա»), Ուսման Դեմբելե (ՊՍԺ), Բուկայո Սակա («Արսենալ»)։Եզրափակիչ են դուրս եկել Անգլիայի փոխչեմպիոն, Պրեմիեր լիգայի ընթացիկ առաջատար Լոնդոնի «Արսենալն» ու Ֆրանսիայի չեմպիոն, Չեմպիոնների լիգայի գործող գավաթակիր ՊՍԺ–ն։«Արսենալը» պայքարից դուրս է թողել Մադրիդի «Աթլետիկոյին» (1:1, 1:0), ՊՍԺ–ն՝ Գերմանիայի նորընծա չեմպիոն Մյունխենի «Բավարիային» (5։4, 1։1)։Հետևեք NEWS.am SPORT-ին Facebook-ում, Twitter և Telegram-ում",Sport,https://sport.news.am/arm/news/166266/
Երիտասարդական ԱԱ. Վալերիկ Մովսիսյանը՝ փոքր բրոնզե մեդալակիր,"Եգիպտոսի Իսմայիլիա քաղաքում անցկացվող ծանրամարտի աշխարհի երիտասարդական առաջնությունում տղամարդկանց 94 կգ քաշայինների պայքարում Հայաստանի ներկայացուցիչ Վալերիկ Մովսիսյանը պոկում վարժությունում փոքր բրոնզե մեդալ նվաճեց, հրում վարժությունում զրո ստացավ:Պոկում վարժությունում Մովսիսյանն առաջին մոտեցմամբ բարձրացրեց 160 կգ: Երկրորդ մոտեցման համար պատվիրված 164 կգ-ը եւս հաջողությամբ պոկեց: Երրորդ մոտեցումը ձախողեց, որի համար մարզիչ Վիգեն Խաչատրյանը պատվիրել էր 166 կգ: Այս վարժությունում Վալերիկ Մովսիսյանը 3-րդն է եւ նվաճեց փոքր բրոնզե մեդալ:Հրում վարժության բոլոր երեք մոտեցումները, որի համար պատվիրել էր 188 կգ,  հայ ծանրորդը ձախողեց եւ զրո ստացավ: Վալերիկ Մովսիսյանը երկամարտի արդյունք չգրանցեց:Մովսիսյանը Եվրոպայի մինչեւ 17 տարեկանների կրկնակի չեմպիոն է, աշխարհի երիտասարդական առաջնության բրոնզե մեդալակիր:Վիգեն Խաչատրյանի գլխավորած տղամարդկանց հավաքականից կմասնակցեն նաեւ Գրիգոր Ղազարյանը (110 կգ) եւ Գագիկ Մկրտչյանը (+110 կգ): Հետևեք NEWS.am SPORT-ին Facebook-ում, Twitter և Telegram-ում",Sport,https://sport.news.am/arm/news/166267/
Իտալիայի Ա Սերիա․ Մեկնարկում է 36-րդ տուրը,"Ֆուտբոլի Իտալիայի Ա Սերիայի առաջնությունում մայիսի 8-ին «Տորինո» - «Սասուոլո» մրցախաղով կմեկնարկի 36-րդ տուրը։Անցծ տուրում չեմպիոնի տիտղոսն ապահոված «Ինտերը» վաստակել է 82 միավոր։ Երկրորդ տեղում ընթացող «Նապոլին» ունի 70 միավոր։Իտալիայի առաջնություն, 36-րդ տուր«Տորինո» - «Սասուսոլո»՝ 22։45 (Երեւանի ժամանակ)Մայիսի 9 «Կալյարի» - «Ուդինեզե»՝ 17։00«Լացիո» - «Ինտեր»՝ 20։00«Լեչե» - «Յուվենտուս»՝ 22։45Մայիսի 10 «Վերոնա» - «Կոմո»՝ 14։30«Կրեմոնեզե» - «Պիզա»՝ 17։00«Ֆիորենտինա» - «Ջենոա»՝ 17։00«Պարմա» - «Ռոմա»՝ 20։00«Միլան» - «Ատալանտա»՝ 22։45Մայիսի 11 «Նապոլի» - «Բոլոնիա»՝ 22։45Հետևեք NEWS.am SPORT-ին Facebook-ում, Twitter և Telegram-ում",Sport,https://sport.news.am/arm/news/166268/
Լա Լիգա․ Մեկնարկում է 35-րդ տուրը՝ «Բարսելոնա» - «Ռեալ»,"Ֆուտբոլի Իսպանիայի Լա Լիգայի առաջնությունում մայիսի 8-11-ը տեղի կունենան 35-րդ տուրի հանդիպումները։Առաջատար «Բարսելոնան» (88 միավոր) մայիսի 10-ին կընդունի երկրորդ տեղում ընթացող «Ռեալին» (77 միավոր)։Իսպանիայի առաջնություն, 35-րդ տուր«Լեւանտե» - «Օսասունա»՝ 23։00 (Երեւանի ժամանակ)Մայիսի 9 «Էլչե» - «Ալավես»՝ 16։00«Սեւիլիա» - «Էսպանյոլ»՝ 18։15«Աթլետիկո Մադրիդ» - «Սելտա»՝ 20։30«Ռեալ Սոսիեդադ» - «Բետիս»՝ 23։00 Մայիսի 10 «Մալյորկա» - «Վիլյառեալ»՝ 16։00«Աթլետիկ Բիլբաո» - «Վալենսիա»՝ 18։15«Ռեալ Օվիեդո» - «Խետաֆե»՝ 20։30«Բարսելոնա» - «Ռեալ Մադրիդ»՝ 23։00 Մայիսի 11 «Ռայո Վալիեկանո» - «Ժիրոնա»՝ 23։00Հետևեք NEWS.am SPORT-ին Facebook-ում, Twitter և Telegram-ում",Sport,https://sport.news.am/arm/news/166269/
Բունդեսլիգա․ Մեկնարկում է 33-րդ տուրը,"Ֆուտբոլի Գերմանիայի Բունդեսլիգայի առաջնությունում մայիսի 8-ին «Բորուսիա Դորտմունդ» - «Այնտրախտ» մրցախաղով կմեկնարկի 33-րդ տուրը։Դորտմունդի «Բորուսիամ» 67 միավորով երկրորդն է։ Չեմպիոնի տիտղոսն արդեն նվաճել է Մյունխենի «Բավարիան»՝ 83 միավոր։Գերմանիայի առաջնություն, 33-րդ տուր«Բորուսիա Դորտմունդ» - «Այնտրախտ»՝ 22:30 (Երեւանի ժամանակ)Մայիսի 9 «Աուգսբուրգ» - «Բորուսիա Մյոնխենգլադբախ»՝ 17:30«Հոֆենհայմ» - «Վերդեր»՝ 17:30«ՌԲ Լայպցիգ» - «Սանկտ Պաուլի»՝ 17:30«Շտուտգարտ» - «Բայեր»՝ 17:30«Վոլֆսբուրգ» - «Բավարիա»՝ 20:30Մայիսի 10 «Համբուրգ» - «Ֆրայբուրգ»՝ 17:30«Քյոլն» - «Հայդենհայմ»՝ 19:30«Մայնց» - «Ունիոն Բեռլին»՝ 21:30Հետևեք NEWS.am SPORT-ին Facebook-ում, Twitter և Telegram-ում",Sport,https://sport.news.am/arm/news/166270/
«Կրասնոդարը» դուրս եկավ Ռուսաստանի գավաթի սուպերեզրափակիչ,"Ռուսաստանի չեմպիոն «Կրասնոդարը» նվաճեց երկրի գավաթի խաղարկության սուպերեզրափակիչի ուղեգիր։Ռուսական Պրեմիեր լիգայի ուղու եզրափակիչում ռուսաստանցի Մուրադ Մուսաեւի գլխավորած թիմը մրցեց «Դինամոյի» հետ։ Հիմնական եւ լրացուցիչ ժամանակն ավարտվեց ոչ ոքի՝ 0:0:Հետխաղային 11-մետրանոցներով հաղթեց «Կրասնոդարը»` 6:5:«Կրասնոդարից» առաջինը իրացրեց 11-մետրանոցը թիմի ավագ, Հայաստանի հավաքականի կիսապաշտպան Էդուարդ Սպերցյանը։Մայիսի 24-ին անցկացվելի սուպերեզրափակիչում «Կրասնոդարի» մրցակիցը կլինի Մոսկվայի «Սպարտակը», որը ռեգիոնների ուղու եզրափակիչում հաղթել էր ԲԿՄԱ-ին՝ 1:0։Հետևեք NEWS.am SPORT-ին Facebook-ում, Twitter և Telegram-ում",Sport,https://sport.news.am/arm/news/166272/
Վալվերդեն գանգուղեղային վնասվածքի պատճառով չի խաղա 2 շաբաթ,"Իսպանիայի փոխչեմպիոն Մադրիդի «Ռեալի» ուրուգվայցի կիսապաշտպան Ֆեդերիկո Վալվերդեն  բաց կթողնի մոտ երկու շաբաթ ակումբակից Օրելիեն Տչուամենիի հետ վեճի ընթացքում ընկնելուց ստացած գանգուղեղային վնասնածքի հետեւանքով, հաղորդում է Արքայական ակումբի կայքը։Վիճաբանությունն ու հրմշտոցը տեղի է ունեցել թիմի հանդերձարանում։ Տչուամենիի հարվածից հետո Վալվերդեն ընկել է եւ գլխով բախվել սեղանին։Իսպանիայի առաջնության 35 տուրից հետո «Ռեալը» 77 միավորով երկրորդն է եւ 11 միավոր հետ է առաջատար «Բարսելոնայից», որի հետ կհանդիպի մայիսի 10-ին։Հետևեք NEWS.am SPORT-ին Facebook-ում, Twitter և Telegram-ում",Sport,https://sport.news.am/arm/news/166273/
"«Ալ Նասրի» հաղթանակը, Ռոնալդուի 971-րդ գոլը (տեսանյութ)","Սաուդյան Արաբիայի առաջնության 33-րդ տուրում «Ալ Նասրը» հյուրընկալվեց «Ալ Շաբաբին» եւ հաղթեց 4:2 հաշվով։«Ալ Նասրի» եւ Պորտուգալիայի հավաքականի հարձակվող Կրիշտիանու Ռոնալդուն խփեց 971-րդ գոլը կարիերայում։«Ալ Նասրը» 82 միավորով գլխավորում է մրցաշարային աղյուսակը, «Ալ Շաբաբը» 32 միավորով 13-րդն է։Սաուդյան Արաբիայի առաջնություն, 33-րդ տուր«Ալ Շաբաբ» - «Ալ Նասր»՝ 2:4 (տեսանյութ)Յանիկ Կարասկո, 30, Ալի Ալ Բուլահի, 80 – Ժոաու Ֆելիշ, 3, 10, 90+8, 11մ, Կրիշտիանու Ռոնալդու, 75Հետևեք NEWS.am SPORT-ին Facebook-ում, Twitter և Telegram-ում",Sport,https://sport.news.am/arm/news/166274/
Եվրոպայի լիգա․ «Ֆրայբուրգն» ու «Աստոն Վիլան» եզրափակիչում են (տեսանյութ),"Aston Villa's dominant home performance or Freiburg's narrow aggregate win? #UELPOTWԳերմանական «Ֆրայբուրգն» ու անգլիական «Աստոն Վիլան» դուրս եկան Եվրոպայի լիգայի եզրափակիչ։Կիսաեզրափակիչի պատասխան խաղում «Ֆրայբուրգը» 3:1 հաշվով հաղթեց պորտուգալական «Բրագային»։ Թիմերի առաջին խաղում 2:1 հաշվով հաղթել էր «Բրագան»։«Աստոն Վիլան» պայքարից դուրս թողեց «Նոթինգեմ Ֆորեսթին»՝ կիսաեզրափակիչի պատասխան խաղում հաղթելով 4:0 հաշվով։ Առաջին խաղում 1:0 հաշվով հաղթել էր «Նոթինգեմ Ֆորեսթը»։Եզրափակիչը տեղի կունենա մայիսի 20-ին Ստամբուլում։Եվրոպայի լիգա, կիսաեզրափակիչ, պատասխան խաղ«Ֆրայբուրգ» (Գերմանիա) - «Բրագա» (Պորտուգալիա)՝ 3:1 (տեսանյութ), (առաջին խաղ՝ 1:2)Լուկաս Կյուբլեր, 19, 72, Յոհան Մանզամբի, 41 - Պաու Վիկտոր, 79Հեռացում՝ Մարիո Դորժելես («Բրագա»), 7«Աստոն Վիլա» (Անգլիա) - «Նոթինգեմ Ֆորեսթ» (Անգլիա)՝ 4:0 (տեսանյութ), (առաջին խաղ՝ 0:1)Օլի Ուոթքինս, 36, Էմիլիանո Բուենդիա, 58, 11մ, Ջոն Մաքգին, 80Հետևեք NEWS.am SPORT-ին Facebook-ում, Twitter և Telegram-ում",Sport,https://sport.news.am/arm/news/166275/
ԿԼ․ «Ռայո Վալիեկանոն» եւ «Քրիսթալ Փելասը» դուրս եկան եզրափակիչ (տեսանյութ),"Which of our 2026 finalists deserves the Performance of the Week? #UECLPOTWԻսպանական «Ռայո Վալիեկանոն» եւ անգլիական «Քրիսթալ Փելասը» դուրս եկան ֆուտբոլի Կոնֆերենցիաների լիգայի եզրափակիչ։«Ռայո Վալիեկանոն» կիսաեզրափակիչի պատասխան խաղում հյուրընկալվեց ֆրանսիական «Ստրասբուրգին» եւ հաղթեց 1:0 հաշվով։ Տանը եւս 1:0 հաշվով հաղթել էր իսպանական թիմը։«Քրիսթալ Փելասը» պայքարից դուրս թողեց ուկրաինական «Շախտյորին»՝ հաղթելով 2:1 հաշվով։ Առաջին խաղում լոնդոնյան թիմը հաղթել էր 3:1 հաշվով։Եզրափակիչը տեղի կունենա մայիսի 27-ին Գերմանիայի Լայպցիգ քաղաքում։Կոնֆերենցիաների լիգա, կիսաեզրափակիչ, պատասխան խաղ«Ստրասբուրգ» (Ֆրանսիա) - «Ռայո Վալիեկանո» (Իսպանիա)՝ 0:1 (տեսանյութ), (առաջին խաղ՝ 0:1)Ալեշանդրե Ժուրավսկի, 42Չիրացրած 11մ՝ Խուլիո Էնսիսո («Ստրասբուրգ»), 90+4«Քրիսթալ Փելաս» (Անգլիա) - «Շախտյոր» (Ուկրաինա)՝ 2:1 (տեսանյութ), (առաջին խաղ՝ 3:1)Պեդրո Պերեյրա, 25, ինքնագոլ, Իսմաիլա Սառ, 52 – Էգինալդո, 34Հետևեք NEWS.am SPORT-ին Facebook-ում, Twitter և Telegram-ում",Sport,https://sport.news.am/arm/news/166276/
Ֆրանսիայի առաջնություն. Մեկնարկում է 33–րդ տուրը,"Ֆուտբոլի Ֆրանսիայի առաջնությունում մայիսի 8–ին «Լանս» – «Նանտ» մրցախաղով կմեկնարկի Ֆրանսիայի առաջնության 33–րդ տուրը։Մրցաշարային աղյուսակը 70 միավորով գլխավորում է չեմպիոն ՊՍԺ–ն։ Երկրորդ տեղում ընթացող «Լանսն» ունի 64 միավոր։Ֆրանսիայի առաջնություն, 33-րդ տուր «Լանս» - «Նանտ»՝ 22:45 (Երեւանի ժամանակ)Մայիսի 10 «Անժե» - «Ստրասբուրգ»՝ 23:00«Օսեր» - «Նիցա»՝ 23:00«Հավր» - «Մարսել»՝ 23:00«Մեց» - «Լորիան»՝ 23:00«Մոնակո» - «Լիլ»՝ 23:00ՊՍԺ - «Բրեստ»՝ 23:00«Ռեն» - «Փարիզ»՝ 23:00 «Թուլուզ» - «Լիոն»՝ 23:00Հետևեք NEWS.am SPORT-ին Facebook-ում, Twitter և Telegram-ում",Sport,https://sport.news.am/arm/news/166277/
Սպերցյան․ Հետաքրքիր եւ բարդ մրցախաղ էր,"Ռուսաստանի չեմպիոն «Կրասնոդարի» եւ Հայաստանի հավաքականի ավագ, կիսապաշտպան Էդուարդ Սպերցյանը մեկնաբանել է հաղթականը Մոսկվայի «Դինամոյի» նկատմամբ Ռուսաստանի գավաթի խաղարկության ռուսական Պրեմիեր լիգայի ուղու եզրափակիչում։ Հիմնական եւ լրացուցիչ ժամանակն ավարտվել էր ոչ ոքի՝ 0:0: Հետխաղային 11-մետրանոցներով «Կրասնոդարը» հաղթել էր 6:5 հաշվով։ Սպերցյանը դիպուկ էր իրացրել իր հարվածը։«Հետաքրքիր եւ բարդ մրցախաղ էր։ Շատ ուրախ ենք, որ հաղթեցինք։ Մարզիչն ասաց, թե ովքեր են իրացնելու 11-մետրանոցները։ Նախորդ օրը փորձարկել էինք։ Երբեմն մարզումներից հետո մնում ենք եւ իրացնում ենք 11-մետրանոցներ։ Դա արդեն հոգեբանության պահ է։Մենք խաղում էինք տանը եւ պայքարում էինք միայն հաղթանակի համար։ Ցավոք չստացվեց խաղից գոլ խփել, բայց նաեւ բաց չթողեցինք, իսկ 11-մետրանոցները վիճակախաղ են»,- Սպերցյանի խոսքը մեջբերում է championat.com-ը։«Կրասնոդարը» Ռուսաստանի գավաթի սուպերեզրափակիչում կմրցի Մոսկվայի «Սպարտակի» հետ, որը ռեգիոնների ուղու եզրափակիչում 1:0 հաշվով հաղթել էր Մոսկվայի ԲԿՄԱ-ին։Հետևեք NEWS.am SPORT-ին Facebook-ում, Twitter և Telegram-ում",Sport,https://sport.news.am/arm/news/166278/
ԵԼ․ Շաբաթվա լավագույն գոլերն ու սեյվերը (տեսանյութ),"Manzambi's stunner or Watkins' finish? Pick now #UELGOTD | @FlixBus_DEՖուտբոլի Եվրոպայի լիգայի կիսաեզրափակիչի պատասխան հանդիպումներից հետո ՈԻԵՖԱ-ն ներկայացրել է շաբաթվա լավագույն գոլերն ու սեյվերը։Horníček, Ortega, Martinez and Atubolu Which save was your favourite? #UELsaves | @Betano_PT pic.twitter.com/kq0dU4UVvW

Գերմանական «Ֆրայբուրգն» ու անգլիական «Աստոն Վիլան» են դուրս եկել եզրափակիչ։Կիսաեզրափակիչի պատասխան խաղում «Ֆրայբուրգը» 3:1 հաշվով հաղթեց պորտուգալական «Բրագային»։ Թիմերի առաջին խաղում 2:1 հաշվով հաղթել էր «Բրագան»։«Աստոն Վիլան» պայքարից դուրս թողեց «Նոթինգեմ Ֆորեսթին»՝ կիսաեզրափակիչի պատասխան խաղում հաղթելով 4:0 հաշվով։ Առաջին խաղում 1:0 հաշվով հաղթել էր «Նոթինգեմ Ֆորեսթը»։Եզրափակիչը տեղի կունենա մայիսի 20-ին Ստամբուլում։Եվրոպայի լիգա, կիսաեզրափակիչ, պատասխան խաղ«Ֆրայբուրգ» (Գերմանիա) - «Բրագա» (Պորտուգալիա)՝ 3:1 (տեսանյութ), (առաջին խաղ՝ 1:2)Լուկաս Կյուբլեր, 19, 72, Յոհան Մանզամբի, 41 - Պաու Վիկտոր, 79Հեռացում՝ Մարիո Դորժելես («Բրագա»), 7«Աստոն Վիլա» (Անգլիա) - «Նոթինգեմ Ֆորեսթ» (Անգլիա)՝ 4:0 (տեսանյութ), (առաջին խաղ՝ 0:1)Օլի Ուոթքինս, 36, Էմիլիանո Բուենդիա, 58, 11մ, Ջոն Մաքգին, 80Հետևեք NEWS.am SPORT-ին Facebook-ում, Twitter և Telegram-ում",Sport,https://sport.news.am/arm/news/166279/
ԿԼ․ Շաբաթվա լավագույն գոլերն ու սեյվերը (տեսանյութ),"Eguinaldo's stunner or Sarr sealing Crystal Palace's #UECLfinal spot? #UECLGOTD | @FlixBus_DEՖուտբոլի Կոնֆերենցիաների լիգայի կիսաեզրափակիչի պատասխան հանդիպումներից հետո ՈՒԵՖԱ-ն ներկայացրել է շաբաթվա լավագույն գոլերն ու սեյվերը։Goalkeepers putting on a show Who made the best save? #UECLsaves | @Betano_PT pic.twitter.com/3ayRvSF7uZ

Իսպանական «Ռայո Վալիեկանոն» եւ անգլիական «Քրիսթալ Փելասն» են դուրս եկել եզրափակիչ։«Ռայո Վալիեկանոն» կիսաեզրափակիչի պատասխան խաղում հյուրընկալվեց ֆրանսիական «Ստրասբուրգին» եւ հաղթեց 1:0 հաշվով։ Տանը եւս 1:0 հաշվով հաղթել էր իսպանական թիմը։«Քրիսթալ Փելասը» պայքարից դուրս թողեց ուկրաինական «Շախտյորին»՝ հաղթելով 2:1 հաշվով։ Առաջին խաղում լոնդոնյան թիմը հաղթել էր 3:1 հաշվով։Եզրափակիչը տեղի կունենա մայիսի 27-ին Գերմանիայի Լայպցիգ քաղաքում։Կոնֆերենցիաների լիգա, կիսաեզրափակիչ, պատասխան խաղ«Ստրասբուրգ» (Ֆրանսիա) - «Ռայո Վալիեկանո» (Իսպանիա)՝ 0:1 (տեսանյութ), (առաջին խաղ՝ 0:1)Ալեշանդրե Ժուրավսկի, 42Չիրացրած 11մ՝ Խուլիո Էնսիսո («Ստրասբուրգ»), 90+4«Քրիսթալ Փելաս» (Անգլիա) - «Շախտյոր» (Ուկրաինա)՝ 2:1 (տեսանյութ), (առաջին խաղ՝ 3:1)Պեդրո Պերեյրա, 25, ինքնագոլ, Իսմաիլա Սառ, 52 – Էգինալդո, 34Հետևեք NEWS.am SPORT-ին Facebook-ում, Twitter և Telegram-ում",Sport,https://sport.news.am/arm/news/166280/
NBA-ի փլեյ-օֆֆ․ Օրվա արդյունքներն ու լավագույն դրվագները (տեսանյութ),"Բասկետբոլի ազգային ասոցիացիայի (NBA) առաջնությունում շարունակվում են քառորդ եզրափակիչի հանդիպումները։«Դետրոյթ Փիսթոնս» - «Քիլվլենդ Քավալիերս»՝ 107:97 (շարքի ընդհանուր հաշիվը՝ 2-0)«Օկլահոմա Սիթի Թանդեր» - «Լոս Անջելես Լեյքերս»՝ 125:107 (2-0)Գործող չեմպիոնը «Օկլահոմա Սիթի Թանդերն» է։Հետևեք NEWS.am SPORT-ին Facebook-ում, Twitter և Telegram-ում",Sport,https://sport.news.am/arm/news/166281/
Շակիրան ներկայացրել է ԱԱ–2026–ի պաշտոնական երգը (տեսանյութ),"Կոլումբացի երգչուհի Շակիրան ներկայացրել է հունիսի 11–ից հուլիսի 19–ը ԱՄՆ–ում, Մեքսիկայում եւ Կանադայում անցկացվելիք աշխարհի առաջնության պաշտոնական երգը, որը կոչվում է Dai Dai։Երգի ստեղծմանը մասնակցել է նաեւ նիգերից երաժիշտ Burna Boy–ը, որը 2021թ. Գրեմիի մրցանակակիր է «Էթնիկ երաժշտության լավագույն ալբոմ» անվանակարգում։Աշխարհի առաջնությունում առաջին անգամ հանդես կգա 48 հավաքական՝ բաժանված 12 խմերի։Հետևեք NEWS.am SPORT-ին Facebook-ում, Twitter և Telegram-ում",Sport,https://sport.news.am/arm/news/166282/
Sardinia World Chess Festival. Հայկ Մարտիրոսյանն առաջատարներից է,"Իտալիայում ընթացող «Sardinia World Chess Festival 2026» շախմատի միջազգային մրցաշարի 6-րդ խաղափուլից հետո առաջատարներն են հայ գրոսմայստեր Հայկ Մարտիրոսյանը, ռուս գրոսմայստեր Յան Նեպոմնյաշչին, ամերիկացի գրոսմայստեր Բրենդոն Ջեյքոբսոնը, գերմանացի գրոսմայստեր Ֆրեդերիկ Սվանեն և ուզբեկ միջազգային վարպետ Մուխամմադզոխիդ Սույարովը, որոնք վաստակել են 5-ական միավոր:Առաջատարներից կես միավոր է հետ հայ գրոսմայստեր Էմին Օհանյանը։Գրոսմայստեր Մամիկոն Ղարիբյանն ունի 4 միավոր, իսկ ՖԻԴԵ-ի վարպետ Սարգիս Մանուկյանը՝ 3.5 միավոր, հաղորդում է ՀՇՖ-ի մամուլի ծառայությունը:7-րդ խաղափուլը տեղի կունենա այսօր եւ կմեկնարկի Երեւանի ժամանակով 17:30-ին:Մրցաշարի ավարտին մնացել է երեք խաղափուլ։Հետևեք NEWS.am SPORT-ին Facebook-ում, Twitter և Telegram-ում",Sport,https://sport.news.am/arm/news/166283/
Իսպանիան Չեմպիոնների լիգայում կունենա 5 թիմ,"Իսպանիան նվաճել է Չեմպիոնների լիգայի հաջորդ մրցաշրջանի ընդհանուր փուլի 5-րդ տեղը Կոնֆերենցիաների լիգայում «Ռայո Վալիեկանոյի» հաջողության շնորհիվ։ Իսպանական թիմը դուրս է եկել եզրափակիչ՝ պայքարից դուրս թողնելով ֆրանսիական «Ստրասբուրգին»։Չեմպիոնների լիգայի ընդհանուր փուլին մասնակցում է 36 թիմ։ Լրացուցիչ երկու ուղեգիր ստանում են ՈՒԵՖԱ-ի գործակիցների աղյուսակում առավելագույն միավորներ վաստակած երկու երկրները։ Ավելի վաղ Չեմպիոնների լիգայի 5-րդ ուղեգրի իրավունք էր ստացել նաեւ Անգլիան։Իսպանիայի առաջնության ավարտից չորս տուր առաջ մրցաշարային աղյուսակը գլխավորում է չեմպիոն «Բարսելոնան» (88 միավոր), հաջորդ 5 տեղերում են «Ռեալը» (77), «Վիլյառեալը» (68), «Աթլետիկոն» (63), «Բետիսը» (53) եւ «Սելտան» (47)։Հետևեք NEWS.am SPORT-ին Facebook-ում, Twitter և Telegram-ում",Sport,https://sport.news.am/arm/news/166285/
Ռոնալդուն 100-րդ գոլն է խփել Սաուդյան Արաբիայի առաջնությունում,"«Ալ Նասրի» եւ Պորտուգալիայի հավաքականի 41-ամյա հարձակվող Կրիշտիանու Ռոնալդուն 100-րդ գոլն է խփել Սաուդյան Արաբիայում։ Երկրի առաջնության 33-րդ տուրի խաղում նա գրավել էր «Ալ Շաբաբի» դարպասը, «Ալ Նասրը» հաղթել էր 4:2 հաշվով։Ռոնալդուին Սաուդյան Արաբիայում պահանջվեց 105 հանդիպում 100 գոլի ցուցանիշին հասնելու համար։Ընթացիկ առաջնությունում նա մասնակցել է 28 հանդիպման, խփել է 26 գոլ։Ռոնալդուն կարիերայում գոլերի քանակը հասցրեց 971-ի, որից 828-ը խփել է ակումբային մրցաշարերի 1088 խաղերում։143 գոլ էլ նա խփել է Պորտուգալիայի հավաքականի մասնակցությամբ 226 հանդիպումներում։goals in Saudi football pic.twitter.com/6vIfoDFKtK

Հետևեք NEWS.am SPORT-ին Facebook-ում, Twitter և Telegram-ում",Sport,https://sport.news.am/arm/news/166286/
"Զարգացման գավաթ Երեւանում․ Հայաստանի Մ-15 թիմը ոչ ոքի խաղաց Ուզբեկստանի թիմի 
հետ (տեսանյութ)","Երևանում մեկնարկել է ֆուտբոլի Զարգացման գավաթը։Մինչեւ 15 տարեկանների մրցաշարում Հայաստանի թիմն առաջին հանդիպումն անցկացրեց։ Մրցակիցը Ուզբեկստանի թիմն էր։ Գրանցվեց ոչ ոքի՝ 1:1:Մրցաշարին մասնակցում են նաեւ Վրաստանի եւ Մոլդովայի թիմերը։Հետևեք NEWS.am SPORT-ին Facebook-ում, Twitter և Telegram-ում",Sport,https://sport.news.am/arm/news/166287/
"Սպերցյան. Առջեւում վերջին, բայց ամենաբարդ քայլերն են","Ռուսաստանի չեմպիոն «Կրասնոդարի» եւ Հայաստանի հավաքականի ավագ, կիսապաշտպան Էդուարդ Սպերցյանը տելեգրամյան ալիքում գրառում է արել Ռուսաստանի գավաթի խաղարկության Պրեմիեր լիգայի ուղու եզրափակիչում հետխաղային 11–մետրանոցներով Մոսկվայի «Դինամոյի» նկատմամբ 6։5 հաշվով հաղթանակից հետո։«Ինչպիսի հանդիպում։ Հույզերը խեղդում են։ Հպարտանում եմ մեր թիմով։ Առջեւում վերջին, բայց ամենաբարդ քայլերն են։Շնորհակալություն ստադիոնում մթնոլորտի համար»,– գրել է Սպերցյանը։«Կրասնոդարը» մայիսի 24–ին անցկացվելիք Ռուսաստանի գավաթի սուպերեզրափակիչում կմրցի Մոսկվայի «Սպարտակի» հետ։Հետևեք NEWS.am SPORT-ին Facebook-ում, Twitter և Telegram-ում",Sport,https://sport.news.am/arm/news/166288/
«Մասթերս». Կարեն Խաչանովի հաղթական մեկնարկը,"Աշխարհի 15–րդ ռակետ, ռուսաստանցի Կարեն Խաչանովը հաղթանակով մեկնարկեց Հռոմի «Մասթերս» մրցաշարում։Հայ թենիսիստը պայքարը սկսեց երկրորդ շրջանից եւ 6։4, 6։4 հաշվով պարտության մատնեց աշխարհի 85–րդ ռակետ, Ղազախստանի ներկայացուցիչ Ալեքսանդր Շեւչենկոյին։ Մրցախաղը տեւեց 1 ժամ եւ 44 րոպե։Երրորդ շրջանում Կարեն Խաչանովի մրցակիցը կլին հոլանդացի Բոտիկ վան դե Զանդսխյուլպի եւ ամերիկացի Ալեքսանդր Կովաչեւիչի դիմակայության հաղթողը։Հետևեք NEWS.am SPORT-ին Facebook-ում, Twitter և Telegram-ում",Sport,https://sport.news.am/arm/news/166289/
Արման Ծառուկյանը կլինի պահեստային Տոպուրիայի եւ Գեիջիի տիտղոսային մենամարտում,"Խառը մենամարտերի UFC առաջնության ղեկավար Դանա Ուայթը հաստատել է, որ թեթեւ քաշային կարգում UFC դասակարգման երկրորդ համար Արման Ծառուկյանը կլինի պահեստային տիտղոսային մենամարտում Իլիյա Տոպուրիայի եւ Ջասթին Գեյջիի միջեւ։«Արման Ծառուկյանը կլին պահեստային Սպիտակ տանն անցկացվելքի մենամարտում։ Եթե որեւէ բան տեղի ունենա մենամարտի մասնակիցների հետ, Արմանը կլին գործի մեջ»,- ասել է Դանա Ուայթը բլոգեր Նինա Դրամային։Մենամարտը նախատեսված է հունիսի 14-ին։29-ամյա Արման Ծառուկյանը MMA-ում ունի 23 հաղթանակ, 3 պարտություն։Հետևեք NEWS.am SPORT-ին Facebook-ում, Twitter և Telegram-ում",Sport,https://sport.news.am/arm/news/166290/
"Երիտասարդական ԱԱ. Գրիգոր Ղազարյանի եւ Գագիկ Մկրտչյանի արդյունքները

","Եգիպտոսի Իսմայիլիա քաղաքում ավարտվող ծանրամարտի աշխարհի երիտասարդական առաջնությունում մրցահարթակ դուրս եկան Հայաստանի վերջին ներկայացուցիչները:Տղամարդկանց 110 կգ քաշայինների պայքարում Գրիգոր Ղազարյանը երկամարտի 364 կգ արդյունքով 5-րդն է: Պոկում վարժությունում Ղազարյանը բարձրացրեց 163 կգ, հրումում՝ 201 կգ:Գերծանր քաշայինների պայքարում Հայաստանի ներկայացուցիչ Գագիկ Մկրտչյանը երկամարտի արդյունք չգրանցեց:Պոկում վարժությունում Հայաստանի ներկայացուցիչը առաջին մոտեցմամբ բարձրացրեց 150 կգ: Երկրորդ մոտեցման համար պատվիրված 155 կգ-ը եւս հաջողությամբ պոկեց: Երրորդ մոտեցումը ձախողեց, որի համար պատվիրել էր 160 կգ: Այս վարժությունում Գագիկ Մկրտչյանն 9-րդն է: Հրում վարժությունում Հայաստանի ներկայացուցիչը զրո ստացավ: Առաջին երկու մոտեցմամբ Մկրտչյանը չկարողացավ հրել 190 կգ, երրորդ մոտեցմամբ էլ՝ 191 կգ-ն:Հետևեք NEWS.am SPORT-ին Facebook-ում, Twitter և Telegram-ում",Sport,https://sport.news.am/arm/news/166291/
«Վանը» պարտության մատնեց «Շիրակին» (տեսանյութ),"Ֆուտբոլի Հայաստանի Պրեմիեր լիգայի առաջնության 25–րդ տուրում Չարենցավանի «Վանն» ընդունեց Գյումրիի «Շիրակին» եւ առավելության հասավ նվազագույն հաշվով։71–րդ րոպեին աչքի ընկավ նիգերիացի կիսապաշտպան Էմեկա Մադուկան։«Վանը» 31 միավորով 6–րդն է, «Շիրակը» վերջինն է՝ 12 միավոր։Հետևեք NEWS.am SPORT-ին Facebook-ում, Twitter և Telegram-ում",Sport,https://sport.news.am/arm/news/166292/
ՖԻՖԱ-ն թույլ չի տվել Հայկինին հանդես գալ Նորվեգիայի հավաքականում,"ՖԻՖԱ-ն թույլ չի տվել նորվեգական «Բուդյո-Գլիմտի» դարպասապահ Նիկիտա Հայկինին հանդես գալ Նորվեգիայի հավաքականում, հաղորդում է NRK-ն։ Ավելի վաղ ռուս դարպասապահը ստացել էր Նորվեգիայի քաղաքացիություն եւ պետք է ընդգրկվեր ազգային թիմի հայտացուցակում հունիս-հուլիսին ԱՄՆ-ում, Մեքսիկայում եւ Կանադայում անցկացվելիք աշխարհի առաջնության համար։Նորվեգիայի ֆուտբոլի ֆեդերացիան շարունակում է բանակցությունները ՖԻՖԱ-ի հետ այս հարցով։30-ամյա Հայկինը ծնվել է Իսրայելում, 2 տարեկանում ընտանիքի հետ տեղափոխվել է Ռուսաստան։ Նա մարզվել է Մոսկվայի «Տորպեդոյի» ֆուտբոլային դպրոցում եւ Մոսկվայի «Դինամոյի», Լոնդոնի «Չելսիի», անգլիական «Պորտսմութի» եւ «Ռեդինգի» ակադեմիաներում։ 2019-2022-ին հանդես է եկել «Բուդյո-Գլիմտում», այնուհետեւ տեղափոխվել է անգլիական «Բրիսթոլ Սիթի», 2023-ին վերադարձել է «Բուդյո-Գլիմտ»։18 տարեկանից ֆուտբոլիստները ազգային ֆեդերացիան փոխելու համար պետք է առնվազն 5 տարի անընդհատ ապրեն նոր երկրի տարածքում։Հետևեք NEWS.am SPORT-ին Facebook-ում, Twitter և Telegram-ում",Sport,https://sport.news.am/arm/news/166293/
ՖԻՖԱ․ Ֆուտզալի Հայաստանի հավաքականը 15-րդն է,"Ֆուտզալի Հայաստանի ազգային հավաքականը ՖԻՖԱ-ի վարկանիշային աղյուսակում բարձրացել է 8 տեղ և այժմ 15-րդն է։Հայաստանի թիմն ունի 1255.16 միավոր։Առաջատարը Բրազիլիան է։ Առաջին եռյակում են նաեւ Պորտուգալիան ու Իսպանիան։1․ Բրազիլիա՝ 1684.97 միավոր2․ Պորտուգալիա՝ 1575.32 3․ Իսպանիա՝ 1574.39 4․ Արգենտինա՝ 1513.38 5․ Իրան՝ 1507.71 6․ Մարոկկո՝ 1486.53 7․ Ռուսաստան՝ 1430.32 8․ Ղազախստան՝ 1403.8 9․ Ուկրաինա՝ 1400.89 10․ Ֆրանսիա՝ 1397.25 Հետևեք NEWS.am SPORT-ին Facebook-ում, Twitter և Telegram-ում",Sport,https://sport.news.am/arm/news/166295/
"«Արարատ-Արմենիայի» նախախաղային միջոցառումը չեղարկվել է ՀՖՖ-ի համաձայնությունը 
չստանալու պատճառով","Հայաստանի Պրեմիեր լիգայի առաջատար «Արարատ-Արմենիան» հանդես է պաշտոնական հայտարարությամբ։«Օրերս «Արարատ-Արմենիա» ակումբը տարածեց նախախաղային շոուի մասին հաղորդագրություն։Մեծ ափսոսանքով ստիպված ենք հայտնել, որ այդ նախախաղային միջոցառումը չեղարկվել է ՀՖՖ–ի կողմից համաձայնություն չտրամադրելու պատճառով և այդ կապակցությամբ ցանկանում ենք անել պարզաբանում։Մայիսի 10-ին կայանալիք Fastex Պրեմիեր Լիգայի ընթացիկ խաղարկության 25-րդ մրցափուլի «Արարատ-Արմենիա» – «Նոա» հանդիպմանն ընդառաջ նախատեսում էինք երկրպագուական երգի կենդանի կատարում ստադիոնում հավաքված երկրպագուների համար։Նախատեսվում էր նախախաղային շոու, հրավառություն և այլն (կից կարող եք տեսնել նախագիծի վիզուալ լուծումները):Ձեռք բերված նախնական բոլոր պայմանավորվածությունները թույլ էին տալիս ենթադրել, որ որևէ խնդիր և խոչընդոտ այդ ճանապարհին չկա։«Արարատ-Արմենիա» ֆուտբոլային ակումբը արտասահմանյան հայտնի խմբի հետ բանակցությունների արդյունքում ձեռք էր բերել իրենց երգի տեղայնացման և կատարման իրավունքը։ՀՖՖ-ին ներկայացվել էր ամբողջ երաժշտական ծրագիրը, նախագծի բոլոր հնարավոր և անհնարին դետալները, այդ թվում և երգի բառերը (կից՝ նամակը ՀՖՖ–ին)։ՀՖՖ-ի հետ բանակցությունների արդյունքում պարզ դարձավ, որ հարկավոր է նաև տվյալ խաղային օրվա մրցակցի համաձայնությունը։Պետք է նշենք, որ «Նոա ՖԱ»-ն արձագանքեց շատ արագ և տվեց իր համաձայնությունը։Հայկական ֆուտբոլի հարգելի՛ երկրպագուներ, վերջին տարիներին հայկական ակումբներն իրական ջանքեր են գործադրում ակումբային ֆուտբոլն իր քարացած տեղից առաջ տանելու համար։ Այդ ուղղությամբ արված քայլերն իրապես անհերքելի են ու տեսանելի։Մենք ունենք մրցունակ և բարձր մրցակցային առաջնություն, ու այդ հարցում մեծ է հենց ակումբների կատարած դերը։Ցավոք սրտի, տվյալ դեպքում տևական քննարկումից և փարատված տասնյակ կասկածներից հետո, «Արարատ-Արմենիան», այդուհանդերձ, ստացավ ՀՖՖ Մրցումների բաժնի մերժումը (կից՝ ՀՖՖ նամակը)։Մերժման մեջ նշված էր, որ նպատակահարմար չեն համարում հաստատել նման լայնածավալ միջոցառման անցկացումը, և մատնացույց էր արվել լարված հանդիպումների մեծ քանակը։Ենթադրությունները թողնում ենք երկրպագուներին, սակայն հարկ ենք համարում հիշեցնել, որ մայիսի 10-ից օրեր առաջ նույն երկու թիմերի միջև կայացած գավաթային կիսաեզրափակիչ վճռորոշ խաղում կողմերը միմյանց նկատմամբ ցուցաբերել են մաքսիմալ հարգանք, իսկ խաղում չի գրանցվել որևէ անախորժ դրվագ։Ստացվում է, որ իրական պատճառը ոչ թե «լարված հանդիպումներն են», այլ փոխվստահության բացակայությունը և այլ չփարատված կասկածներ։«Արարատ-Արմենիա» ակումբն առհասարակ և հատկապես այս մրցաշրջանի ընթացքում եղել է կառուցողական աշխատանքի կողմնակից։ Սա մեր ակումբի որդեգրած քաղաքականությունն է եղել։ Սակայն սա այլ դեպք է։ Միջոցառումն արդեն հանրային էր դարձել և չեղարկումը ենթադրում է նաև բացատրություն։Պարզապես հիշեցնենք, որ մայիսի 10-ին՝ ժամը 18:00-ին կայանալիք կարևոր հանդիպումը գեղեցիկ ու ամբողջական չի լինի առանց երկրպագուների, որոնց հրավիրում ենք Աբովյան քաղաքի Վահագն Թումասյանի մարզահամալիր. նախախաղային միջոցառմամբ, թե առանց դրա, հավատացեք, որ հայկական ակումբային ֆուտբոլը կենդանի է»։Հետևեք NEWS.am SPORT-ին Facebook-ում, Twitter և Telegram-ում",Sport,https://sport.news.am/arm/news/166296/
«Մասթերս»․ Ջոկովիչը պարտվեց աշխարհի 79-րդ ռակետին,"Աշխարհի չորրորդ ռակետ Նովակ Ջոկովիչը պարտություն կրեց Հռոմի «Մասթերսի» մրցաշարի երկրորդ տուրում։Սերբ թենիսիստը մրցեց աշխարհի 79-րդ ռակետ, խորվաթ Դինո Պրիժմիչի հետ, որն առավելության հասավ 6:2, 2:6, 6:4 հաշվով։ Մրցախաղը տեւեց 2 ժամ եւ 17 րոպե։Պրիժմիչի հաջորդ մրցակիցը կլինի ֆրանսիացի Ուգո Ումբերի եւ չեխ Վիտ Կոպրիվայի դիմակայության հաղթողը։Հետևեք NEWS.am SPORT-ին Facebook-ում, Twitter և Telegram-ում",Sport,https://sport.news.am/arm/news/166297/
Դորտմունդի «Բորուսիան»՝ Գերմանիայի փոխչեմպիոն (տեսանյութ),"Դորտմունդի «Բորուսիան» նվաճեց Գերմանիայի փոխչեմպիոնի կոչումը։ Բունդեսլիգայի նախավերջին տուրում «Բորուսիան» 3:2 հաշվով պարտության մատնեց Ֆրանկֆուրտի «Այնտրախտին» եւ վաստակեց 70 միավոր։«Բորուսիան» անհասանելի դարձավ 62 միավորով երրորդ տեղում գտնվող «ՌԲ Լայպցիգի» համար։Գերմանիայի առաջնություն, 33-րդ տուր«Բորուսիա Դորտմունդ» - «Այնտրախտ Ֆրանկֆուրտ»՝ 3:2 (տեսանյութ)Սերու Գիրասի, 42, Նիկո Շլոտերբեկ, 45+1, Սամուել Ինասիո, 72 – Ջան Ուզուն, 2, Ժոնատան Բուրկարդտ, 87Հետևեք NEWS.am SPORT-ին Facebook-ում, Twitter և Telegram-ում",Sport,https://sport.news.am/arm/news/166298/
Օրվա հանդիպումների անոնս,"Ֆուտբոլի Հայաստանի, Անգլիայի, Իսպանիայի, Իտալիայի եւ Գերմանիայի առաջնություններում մայիսի 9-ին տեղի կունենան հերթական տուրերի հանդիպումները։Հայաստանի առաջնություն, 25-րդ տուր «Ալաշկերտ» - «Գանձասար»՝ 15։00«Փյունիկ» - ԲԿՄԱ՝ 19։00Անգլիայի առաջնություն, 36-րդ տուր«Լիվերպուլ» - «Չելսի»՝ 15:30«Բրայթոն» - «Վուլվեհեմփթոն»՝ 18:00«Ֆուլհեմ» - «Բորնմուտ»՝ 18:00«Սանդերլենդ» - «Մանչեսթեր Յունայթեդ»՝ 18:00«Մանչեսթեր Սիթի» - «Բրենթֆորդ»՝  20:30Իտալիայի առաջնություն, 36-րդ տուր«Կալյարի» - «Ուդինեզե»՝ 17։00«Լացիո» - «Ինտեր»՝ 20։00«Լեչե» - «Յուվենտուս»՝ 22։45Իսպանիայի առաջնություն, 35-րդ տուր«Էլչե» - «Ալավես»՝ 16։00«Սեւիլիա» - «Էսպանյոլ»՝ 18։15«Աթլետիկո Մադրիդ» - «Սելտա»՝ 20։30«Ռեալ Սոսիեդադ» - «Բետիս»՝ 23։00 Գերմանիայի առաջնություն, 33-րդ տուր «Աուգսբուրգ» - «Բորուսիա Մյոնխենգլադբախ»՝ 17:30«Հոֆենհայմ» - «Վերդեր»՝ 17:30«ՌԲ Լայպցիգ» - «Սանկտ Պաուլի»՝ 17:30«Շտուտգարտ» - «Բայեր»՝ 17:30«Վոլֆսբուրգ» - «Բավարիա»՝ 20:30Հետևեք NEWS.am SPORT-ին Facebook-ում, Twitter և Telegram-ում",Sport,https://sport.news.am/arm/news/166299/
«Ալաշկերտը» պարտության մատնեց «Գանձասարին» (տեսանյութ),"Ֆուտբոլի Հայաստանի Պրեմիեր լիգայի առաջնության նախավերջին տուրում «Ալաշկերտն» ընդունեց «Գանձասարին» եւ հաղթեց 3:1 հաշվով։Դաշտի տերերից դուբլի հեղինակ դարձավ կիսապաշտպան Կարեն Նալբանդյանը։ Աչքի ընկավ նաեւ բրազիլացի կիսապաշտպան Կայո Էնրիկեն։«Ալաշկերտը» 47 միավորով երկրորդն է, «Գանձասարը» 8-րդն է՝ 21 միավոր։Հայաստանի առաջնություն, 25-րդ տուր «Ալաշկերտ» - «Գանձասար»՝ 3:1Կարեն Նալբանդյան, 14, 11մ, 44, 11մ, Կայո Էնրիկե, 90 – Նարեկ Ալավերդյան, 47«Փյունիկ» - ԲԿՄԱ՝ 19։00Հետևեք NEWS.am SPORT-ին Facebook-ում, Twitter և Telegram-ում",Sport,https://sport.news.am/arm/news/166300/
«Լիվերպուլն» ու «Չելսին» հաղթողին չպարզեցին (տեսանյութ),"Անգլիայի Պրեմիեր լիգայի 36-րդ տուրում չեմպիոն «Լիվերպուլն» տանը մրցեց աշխարհի ակումբային չեմպիոն Լոնդոնի «Չելսիի» հետ։ Գրանցվեց ոչ ոքի՝ 1:1:6-րդ րոպեին հանդիպման հաշիվը բացեց «Լիվերպուլի» հոլանդացի կիսապաշտպան Ռայան Գրավենբերխը։35-րդ րոպեին հավասարությունը վերականգնեց հյուրերի արգենտինացի կիսապաշտպան Էնցո Ֆերնանդեսը։«Լիվերպուլը» 59 միավորով չորրորդն է։ «Չելսին» ունի 49 միավոր եւ 9-րդն է։Անգլիայի առաջնություն, 36-րդ տուր«Լիվերպուլ» - «Չելսին»՝ 1։1 (տեսանյութ)Ռայան Գրավենբերխ, 6 - Էնցո Ֆերնանդես, 35Հետևեք NEWS.am SPORT-ին Facebook-ում, Twitter և Telegram-ում",Sport,https://sport.news.am/arm/news/166301/
«Ինտերի» մեկնարկային կազմը,"Ֆուտբոլի Իտալիայի առաջնության 36-րդ տուրում նորընծա չեմպիոն «Ինտերը» Հռոմում կհյուրընկալվի «Լացիոյին»։ Միլանյան թիմի ռումինացի գլխավոր մարզիչ Կրիստիան Կիվուն հրապարակել է մեկնարկային կազմը՝ ընդգրկելով նաեւ Հայաստանի հավաքականի նախկին ավագ, կիսապաշտպան Հենրիխ Մխիթարյանին։«Ինտեր»․ Մարտինես, Բիսեկ, Աչերբի, Բաստոնի, Դիուֆ, Սուչիչ, Բարելա, Մխիթարյան, Աուգուստո, Տյուրամ, Լաուտարո Մարտինես։Հանդիպումը կմեկնարկի Երեւանի ժամանակով 20:00-ին։La prima volta in campo da Campioni d'Italia così @play_eFootball pic.twitter.com/mVwCC81HON

Հետևեք NEWS.am SPORT-ին Facebook-ում, Twitter և Telegram-ում",Sport,https://sport.news.am/arm/news/166302/
«Մանչեսթեր Յունայթեդն» ապահովեց Չեմպիոնների լիգայի ուղեգիր,"Անգլիայի Պրեմիեր լիգայի առաջնության 36-րդ տուրում «Մանչեսթեր Յունայթեդը» հյուրընկալվեց «Սանդերլենդին»» Գրանցվեց ոչ ոքի՝ 0:0:«Մանչեսթեր Յունայթեդը» 65 միավորով երրորդն է եւ ապահովեց Չեմպիոնների լիգայի ընդհանուր փուլի ուղեգիր։«Սանդերլենդը» 12-րդն է՝ 48 միավոր։Հետևեք NEWS.am SPORT-ին Facebook-ում, Twitter և Telegram-ում",Sport,https://sport.news.am/arm/news/166303/
«Փյունիկն» ուժեղ էր ԲԿՄԱ-ից (տեսանյութ),"Ֆուտբոլի Հայաստանի Պրեմիեր լիգայի առաջնության 25-րդ տուրում «Փյունիկը» տանը մրցեց ԲԿՄԱ-ի հետ եւ առավելության հասավ 2:0 հաշվով։42-րդ րոպեին հանդիպման հաշիվը 11-մետրանոցից բացեց կամերունցի հարձակվող Մարիուս Նուբիսին։Գվինեացի հարձակվող Մոմո Յանսանեն 90-րդ րոպեին 11-մետրանոցից կրկնապատկեց դաշտի տերերի առավելությունը։«Փյունիկը» 24 խաղից հետո 48 միավորով երկրորդն է, ԲԿՄԱ-ն ունի 22 միավոր եւ 7-րդն է։Հետևեք NEWS.am SPORT-ին Facebook-ում, Twitter և Telegram-ում",Sport,https://sport.news.am/arm/news/166304/
"«Ինտերի» հաղթանակը, Մխիթարյանի հրաշալի գոլը (տեսանյութ)","Իտալիայի առաջնության 36-րդ տուրում նորընծա չեմպիոն Միլանի «Ինտերը» Հռոմում հյուրընկալվեց «Լացիոյին» եւ հաղթեց 3:0 հաշվով։Արդեն 6-րդ րոպեին հանդիպման հաշիվը բացեց աշխրհի չեմպիոն Արգենտինայի հավաքականի հարձակվող Լաուտարո Մարտինեսը։ 39-րդ րոպեին ռումինացի Կրիստիան Կիվուի գլխավորած թիմի առավելությունը կրկնապատկեց խորվաթ կիսապաշտպան Պետար Սուչիչը, որին գոլային փոխանցում կատարեց Լաուտարո Մարտինեսը։59-րդ րոպեին հեռացվեց «Լացիոյի» իտալացի պաշտպան Ալեսիո Ռոմանյոլին։76-րդ րոպեին «Ինտերի» երրորդ գոլը խփեց Հայաստանի հավաքականի նախկին ավագ, կիսապաշտպան Հենրիխ Մխիթարյանը, որը մեկնարկային կազմում էր մասնակցում խաղին։ Նրան գոլային փոխանցում կատարեց ֆրանսիացի հարձակվող Անժ-Յոհան Բոնին։Ma che palla gli ha dato Bonny?  pic.twitter.com/I4pCKYT3jO

85-րդ րոպեին Մխիթարյանը զգուշացվեց դեղին քարտով։«Ինտերը» մրցաշարային աղյուսակը գլխավորում է 85 միավորով։ «Լացիոն» 8-րդն է։Իտալիայի առաջնություն, 36-րդ տուր«Լացիո» - «Ինտեր»՝ 0:3 (տեսանյութ)Լաուտարո Մարտինես, 6, Պետար Սուչիչ, 39, Հենրիխ Մխիթարյան, 76Հետևեք NEWS.am SPORT-ին Facebook-ում, Twitter և Telegram-ում",Sport,https://sport.news.am/arm/news/166305/
«Մանչեսթեր Սիթին» խնդիրներ չունեցավ՝ 3:0 (տեսանյութ),"Անգլիայի Պրեմիեր լիգայի 36-րդ տուրում «Մանչեսթեր Սիթին» տանը մրցեց «Բրենթֆորդի» հետ եւ հաղթեց 3:0 հաշվով։Կատալոնացի Խոսեպ Գվարդիոլայի գլխավորած թիմից գոլերը խփեցին բելգիացի հարձակվող Ժերեմի Դոկուն, նորվեգացի հարձակվող Էրլինգ Հոլանդը եւ եգիպտացի  հարձակվող Օմար Մարմուշը։«Մանչեսթեր Սիթին» 35 խաղից հետո 74 միավորով երկրորդն է եւ առաջատար «Արսենալից» հետ է 2 միավոր։ «Բրենթֆորդը» 8-րդն է՝ 51 միավոր։Անգլիայի առաջնություն, 36-րդ տուր«Մանչեսթեր Սիթի» - «Բրենթֆորդ»՝  3։0 (տեսանյութ)Ժերեմի Դոկու, 60, Էրլինգ Հոլանդ, 75, Օմար Մարմուշ, 90+2Հետևեք NEWS.am SPORT-ին Facebook-ում, Twitter և Telegram-ում",Sport,https://sport.news.am/arm/news/166306/
«Բավարիան» հաղթեց «Վոլֆսբուրգին» (տեսանյութ),"Գերմանիայի առաջնության 33-րդ տուրում նորընծա չեմպիոն «Բավարիան» հյուրընկալվեց «Վոլֆսբուրգին» եւ հաղթեց 1:0 հաշվով (տեսանյութ)։Բելգիացի Վենսան Կոմպանիի գլխավորած թիմին հաղթանակ բերեց ֆրանսիացի կիսապաշտպան Մայքլ Օլիսեի գոլը 56-րդ րոպեին։Նախքան այդ՝ 36-րդ րոպեին 11-մետրանոցն արդյունավետ իրացնել չկարողացավ «Բավարիայի» անգլիացի հարձակվող Գարի Քեյնը։«Բավարիան» մրցաշարային աղյուսակը գլխավորում է 86 միավորով։ «Վոլֆսբուրգը» 26 միավորով 16-րդն է։Հետևեք NEWS.am SPORT-ին Facebook-ում, Twitter և Telegram-ում",Sport,https://sport.news.am/arm/news/166307/
«Աթլետիկոն» Մադրիդում պարտվեց «Սելտային» (տեսանյութ),"Իսպանիայի առաջնության 35-րդ տուրում «Աթլետիկոն» Մադրիդում ընդունեց Վիգոյի «Սելտային»։ Արգենտինացի Դիեգո Սիմեոնեի գլխավորած թիմը պարտվեց 0:1  հաշվով։Հյուրերից 62-րդ րոպեին աչքի ընկավ իսպանացի հարձակվող Բորխա Իգլեսիասը (տեսանյութ)։«Աթլետիկոն» 63 միավորով չորրորդն է եւ ապահովել է Չեմպիոնների լիգայի ընդհանուր փուլի ուղեգիր։ «Սելտան» վաստակել է 50 միավոր եւ 6-րդն է։Հետևեք NEWS.am SPORT-ին Facebook-ում, Twitter և Telegram-ում",Sport,https://sport.news.am/arm/news/166308/
Մեսիի գոլը ՄԼՍ-ում․ ռեկորդային ցուցանիշ (տեսանյութ),"ՄԼՍ-ի կանոնավոր առաջնությունում ամերիկյան «Ինտեր Մայամին» Կանադայում 4:2 հաշվով պարտության մատնեց «Տորոնտոյին»։Հյուրերի կազմում աչքի ընկավ նաեւ աշխարհի չեմպիոն Արգենտինայի հավաքականի հարձակվող Լիոնել Մեսին։Նա 100 միավոր վաստակեց (59 գոլ+41 գոլային փոխանցում)ՄԼՍ-ում՝ սահմանելով ռեկորդ։ Մեսին պատմության մեջ ամենաարագը հասավ այդ ցուցանիշին ՄԼՍ-ում՝ անցկացնելով 64 հանդիպում։Another milestone for Messi pic.twitter.com/luEPR8snp3

ՄԼՍ, կանոնավոր առաջնություն«Տորոնտո» - «Ինտեր Մայամի»՝ 2:4 Էմիլիո Արիստիսաբալ, 82, 90 - Ռոդրիգո Դե Պաուլ, 44, Լուիս Սուարես, 56, Սերխիո Ռեգիլոն, 73, Լիոնել Մեսի, 75Հետևեք NEWS.am SPORT-ին Facebook-ում, Twitter և Telegram-ում",Sport,https://sport.news.am/arm/news/166309/
«Յուվենտուսը» հաղթեց 12-րդ վայրկյանին խփած գոլի շնորհիվ (տեսանյութ),"Իտալիայի առաջնության 36-րդ տուրում Թուրինի «Յուվենտուսը» հյուրընկալվեց «Լեչեին» եւ առավելության հասավ նվազագույն հաշվով։Հենց առաջին գրոհի ժամանակ աչքի ընկավ սերբ հարձակվող Դուշան Վլահովիչը, որը մրցակցի դարպասը գրավեց 12-րդ վայրկյանին։«Յուվենտուսը» 68 միավորով երրորդն է, «Լեչեն» 17-րդն է՝ 32 միավոր։Հետևեք NEWS.am SPORT-ին Facebook-ում, Twitter և Telegram-ում",Sport,https://sport.news.am/arm/news/166310/
Օրվա հանդիպումների անոնս,"Ֆուտբոլի Հայաստանի, Անգլիայի, Իսպանիայի, Իտալիայի, Գերմանիայի եւ Ֆրանսիայի առաջնություններում մայիսի 10-ին կշարունակվեն հերթական տուրերի հանդիպումները։Հայաստանի առաջնություն, 25-րդ տուր«Արարատ» - «Ուրարտու»՝ 16։00«Արարատ-Արմենիա» - «Նոա»՝ 18։00Անգլիայի առաջնություն, 36-րդ տուր«Բարնլի» - «Աստոն Վիլա»՝ 17:00«Քրիսթալ Փելաս» - «Էվերտոն»՝ 17:00«Նոթինգեմ Ֆորեսթ» - «Նյուքասլ Յունայթեդ»՝ 17:00«Վեստ Հեմ» - «Արսենալ»՝ 19:30Իսպանիայի առաջնություն, 35-րդ տուր«Մալյորկա» - «Վիլյառեալ»՝ 16։00«Աթլետիկ Բիլբաո» - «Վալենսիա»՝ 18։15«Ռեալ Օվիեդո» - «Խետաֆե»՝ 20։30«Բարսելոնա» - «Ռեալ Մադրիդ»՝ 23։00 Իտալիայի առաջնություն, 36-րդ տուր«Վերոնա» - «Կոմո»՝ 14։30«Կրեմոնեզե» - «Պիզա»՝ 17։00«Ֆիորենտինա» - «Ջենոա»՝ 17։00«Պարմա» - «Ռոմա»՝ 20։00«Միլան» - «Ատալանտա»՝ 22։45Գերմանիայի առաջնություն, 33-րդ տուր«Համբուրգ» - «Ֆրայբուրգ»՝ 17:30«Քյոլն» - «Հայդենհայմ»՝ 19:30«Մայնց» - «Ունիոն Բեռլին»՝ 21:30Ֆրանսիայի առաջնություն, 33-րդ տուր «Անժե» - «Ստրասբուրգ»՝ 23:00«Օսեր» - «Նիցա»՝ 23:00«Հավր» - «Մարսել»՝ 23:00«Մեց» - «Լորիան»՝ 23:00«Մոնակո» - «Լիլ»՝ 23:00ՊՍԺ - «Բրեստ»՝ 23:00«Ռեն» - «Փարիզ»՝ 23:00 «Թուլուզ» - «Լիոն»՝ 23:00Հետևեք NEWS.am SPORT-ին Facebook-ում, Twitter և Telegram-ում",Sport,https://sport.news.am/arm/news/166311/
Արթուր Ավետիսյանը՝ World Challenge Cup-ի հաղթող,"Սպորտային մարմնամարզության Հայաստանի հավաքականի առաջատարներից աշխարհի բացարձակ գավաթակիր, Եվրոպայի առաջնության բրոնզե մեդալակիր, Համաշխարհային ունիվերսիադայի չեմպիոն, երիտասարդների Եվրոպայի փոխչեմպիոն Արթուր Ավետիսյանը Բուլղարիայի Վառնա քաղաքում մասնակցել է  World Challenge Cup մրցաշարին։Օղակների վարժությունում նա նվաճել է ոսկե մեդալ՝ վաստակելով 14,233 միավոր, հաղորդում է ՀՄՖ-ի մամուլի ծառայությունը։Երկրորդ տեղը գրավել է Գերմանիան ներկայացնող Արթուր Սահակյանը՝ 13,566:Հետևեք NEWS.am SPORT-ին Facebook-ում, Twitter և Telegram-ում",Sport,https://sport.news.am/arm/news/166312/
"Մխիթարյան․ Հրաշալի կարիերա եմ ունեցել, մի քանի հանդիպում է մնացել, հետո որոշում 
կընդունեմ","«Ինտերի» կազմում Իտալիայի կրկնակի չեմպիոն Հենրիխ Մխիթարյանը խոսել է իր պրոֆեսիոնալ կարիերան շարունակելու կամ ավարտելու վերաբերյալ առաջիկայում որոշում ընդունելու մասին։ 37-ամյա կիսապաշտպանի պայմանագիրը Միլանի «Ինտերի» հետ ավարտվում է այս տարվա հունիսի 30-ին։ Մեծ է հավանականությունը, որը կողմերը չեն երկարաձգի համագործակցությունը, եւ Հայաստանի հավաքականի նախկին ավագը կավարտի կարիերան։«Ես հրաշալի կարիերա եմ ունեցել, ուրախ եմ, որ ֆուտբոլ եմ խաղացել։ Ուրախ եմ լինել «Ինտերում» եւ լինել այս ֆուտբոլիստների թիմակիցը, քանի որ նրանք վերջին չորս տարիներին երկարաձգեցին իմ ֆուտբոլային կյանքը։ Մնացել է մի քանի հանդիպում, հետո կընդունեմ որոշում։Չորեքշաբթի ունենք կարեւոր հանդիպում։ Հույս ունենք լավ պատրաստվել եւ նվաճել եւս մեկ տիտղոս»,- DAZN-ի եթերում ասել է Մխիթարյանը։Մայիսի 13-ին «Ինտերը» Իտալիայի գավաթի խաղարկության եզրափակիչում կմրցի «Լացիոյի» հետ։Ա Սերիայի 36-րդ տուրում «Ինտերը» մայիսի 9-ին Հռոմում «Լացիոն» հաղթել է 3:0 հաշվով։ Այդ խաղում միլանյան թիմի երրորդ գոլը խփել է Մխիթարյանը։Հետևեք NEWS.am SPORT-ին Facebook-ում, Twitter և Telegram-ում",Sport,https://sport.news.am/arm/news/166313/
Մբապեն բաց կթողնի «Բարսելոնայի» դեմ հանդիպումը,"Իսպանիայի փոխչեմպիոն Մադրիդի «Ռեալի» ֆրանսիացի հարձակվող Կիլիան Մբպանե ծնկատակի ջլի վնասվածքի պատաճռով բաց կթողնի «Բարսելոնայի» դեմ հանդիպումը Իսպանիայի առաջնության 35-րդ տուրում, հաղորդում է իսպանական Marca-ն։Մբապեն չի ընդգրկվել Արքայական թիմի հայտացուցակում։ Նախախաղային մարզման ավարտից 5 րոպե առաջ նա լքել է խաղադաշտը՝ հայտնելով, որ չի կարող ավարտին հասցնել մարզումը։«Բարսելոնա» - «Ռեալ» հանդիպումը տեղի կունենա մայիսի 10-ին եւ կմեկնարկի Երեւանի ժամանակով 23։00-ին։Հետևեք NEWS.am SPORT-ին Facebook-ում, Twitter և Telegram-ում",Sport,https://sport.news.am/arm/news/166314/
«Բարսելոնան» ցավակցել է Ֆլիկին հոր մահվան կապակցությամբ,"Իսպանիայի չեմպիոն «Բարսելոնան» ցավակցել է թիմի գլխավոր մարզիչ Հանս-Դիտեր Ֆլիկին հոր մահվան կապակցությամբ։Գերմանացի մասնագետի հայրը մահացել է մայիսի 10-ին։Ֆլիկը մտադիր չէ բաց թողնել այսօր երեկոյան նախատեսված Լա Լիգայի 35-րդ տուրի տնային հանդիպումը Մադրիդի «Ռեալի» դեմ։«Բարսելոնայի» ֆուտբոլիստները կլինեն սեւ թեւկապով։ Հանդիպման մեկնարկից առաջ կհայտարարվի լռության րոպե։«Բարսելոնա» - «Ռեալ» հանդիպումը կմեկնարկի Երեւանի ժամանակով 23։00-ին։Հետևեք NEWS.am SPORT-ին Facebook-ում, Twitter և Telegram-ում",Sport,https://sport.news.am/arm/news/166315/
«Ուրարտուն» հաղթեց «Արարատին» (տեսանյութ),"Ֆուտբոլի Հայաստանի Պրեմիեր լիգայի առաջնության 25-րդ տուրում «Ուրարտուն» հյուրընկալվեց «Արարատին» եւ առավելության հասավ 1։0 հաշվով։62-րդ րոպեին աչքի ընկավ պաշտպան Խարիտոն Այվազյանը։«Ուրարտուն» 48 միավորով երրորդն է, «Արարատը» նախավերջինն է՝ 12 միավոր։Հետևեք NEWS.am SPORT-ին Facebook-ում, Twitter և Telegram-ում",Sport,https://sport.news.am/arm/news/166316/
«Մասթերս». Կարեն Խաչանովը դուրս եկավ չորրորդ շրջան,"Աշխարհի 15-րդ ռակետ, ռուսաստանցի Կարեն Խաչանովը դուրս եկավ Հռոմում անացկացվող «Մասթերս» մրցաշարի չորրորդ շրջան։Հայ թենիսիստը 5։7, 6։4, 6։4 հաշվով պարտության մատնեց աշխարհի 54-րդ ռակետ, հոլանդացի Բոտիկ վան դե Զանդսխուլպին։ Մրցախաղը տեւեց 2 ժամ եւ 27 րոպե։Կարեն Խաչանովի հաջորդ մրցակիցը կլինի աշխարհի 79-րդ ռակետ, խորվաթ Դինո Պրիժմիչը։Հռոմի «Մասթերսի» մրցանակային հիմնադրամը 8,2 միլիոն եվրո է։Հետևեք NEWS.am SPORT-ին Facebook-ում, Twitter և Telegram-ում",Sport,https://sport.news.am/arm/news/166317/
«Նոան» պարտության մատնեց «Արարատ-Արմենիային»՝ 4։0 (տեսանյութ),"Ֆուտբոլի Հայաստանի Պրեմիեր լիգայի առաջնության նախավերջին տուրում չեմպիոն «Նոան» հյուրընկալվեց առաջատար «Արարատ-Արմենիային» եւ հաղթեց 4:0 հաշվով։13-րդ րոպեին հանդիպման հաշիվը բացեց բոսնիացի հարձակվող Նարդին Մուլահուսեյնովիչը։ 20-րդ րոպեին աչքի ընկավ պորտուգալացի հարձակվող Հելդեր Ֆերեյրան։ 85-րդ րոպեին գոլի հեղինակ դարձավ բրազիլացի հարձակվող Մատեուս Այասը, որն ավելացված չորրորդ րոպեին նաեւ դուբլ ձեւակերպեց։25 հանդիպումից հետո «Արարատ-Արմենիան» 54 միավորով գլխավորում է մրցաշարային աղյուսակը։«Նոան» անցկացրել է 24 հանդիպում եւ 49 միավորով երկրորդն է։Վերջին տուրում «Արարատ-Արմենիան» կհյուրընկալվի ԲԿՄԱ-ին, «Նոան» կընդունի «Արարատին»։13-րդ տուրից տեղափոխված խաղում «Նոան» մայիսի 23-ին կհյուրընկալվի «Փյունիկին»։Հետևեք NEWS.am SPORT-ին Facebook-ում, Twitter և Telegram-ում",Sport,https://sport.news.am/arm/news/166318/
«Արսենալը» հաղթեց լոնդոնյան դերբիում (տեսանյութ),"Անգլիայի առաջնության 36-րդ տուրում առաջատար «Արսենալը» լոնդոնյան դերբիում 1:0 հաշվով հաղթեց «Վեստ Հեմին»։83-րդ րոպեին դաշտի տերերի դարպասը գրավեց բելգիացի հարձակվող Լեանդրո Տրոսարդը (տեսանյութ)։«Արսենալը» 79 միավորով գլխավորում է մրցաշարային աղյուսակը՝ 5 միավոր գերազանցելով երկրորդ տեղում գտնվող «Մանչեսթեր Սիթիին», որը մեկ խաղ քիչ է անցկացրել։Հետևեք NEWS.am SPORT-ին Facebook-ում, Twitter և Telegram-ում",Sport,https://sport.news.am/arm/news/166319/
«Բարսելոնայի» եւ «Ռեալի» մեկնարկային կազմերը,"Իսպանիայի առաջնության 35-րդ տուրում չեմպիոն «Բարսելոնան» կընդունի փոխչեմպիոն Մադրիդի «Ռեալին»։ Հայտնի են թիմերի մեկնարկային կազմերը։«Բարսելոնա»․ Ժոան Գարսիա, Կանսելու, Կուբարսի, Գավի, Ֆերան Տորես, Պեդրի, Ռեշֆորդ, Ֆերմին Լոպես, Մարտին, Օլմո, Էրիկ Գարսիա։«Ռեալ»․ Կուրտուա, Տրենտ Ալեքսանդր-Առնոլդ, Ռյուդիգեր, Հոյսեն, Ֆրանսիսկո Գարսիա, Կամավինգա, Տչուամենի, Բելինգեմ, Դիաս, Գոնսալո Գարսիա, Վինիսիուս Ժունիոր։34 խաղից հետո «Բարսելոնան» 88 միավորով գլխավորում է մրցաշարային աղյուսակը։ «Ռեալը» 77 միավորով երկրորդն է։The 22 stars of the night #ElClásico #DESENLACELALIGA pic.twitter.com/SvllfTv7O7

Հետևեք NEWS.am SPORT-ին Facebook-ում, Twitter և Telegram-ում",Sport,https://sport.news.am/arm/news/166320/
Բունդեսլիգա․ 33-րդ տուրի արդյունքներն ու մրցաշարային դրությունը,"Ֆուբոլի Գերմանիայի Բունդեսլիգայի առաջնությունում ավարտվել են 33-րդ տուրի հանդիպումները։Նորընծա չեմպիոն «Բավարիան» ունի 86 միավոր։ Փոխչեմպիոն դարձավ Դորտմունդի «Բորուսիան»՝ 70 միավոր։Գերմանիայի առաջնություն, 33-րդ տուր«Բորուսիա Դորտմունդ» - «Այնտրախտ»՝ 3:2«Աուգսբուրգ» - «Բորուսիա Մյոնխենգլադբախ»՝ 3:1«Հոֆենհայմ» - «Վերդեր»՝ 1:0«ՌԲ Լայպցիգ» - «Սանկտ Պաուլի»՝ 2:1«Շտուտգարտ» - «Բայեր»՝ 3:1«Վոլֆսբուրգ» - «Բավարիա»՝ 0:1«Համբուրգ» - «Ֆրայբուրգ»՝ 3:2«Քյոլն» - «Հայդենհայմ»՝ 1:3«Մայնց» - «Ունիոն Բեռլին»՝ 1:3Հետևեք NEWS.am SPORT-ին Facebook-ում, Twitter և Telegram-ում",Sport,https://sport.news.am/arm/news/166321/
Sardinia World Chess Festival․ Հայկ Մարտիրոսյանը՝ արծաթե մեդալակիր,"Հայ գրոսմայստեր Հայկ Մարտիրոսյանը դարձել է արծաթե մեդալակիր Իտալիայում անցկացված «Sardinia World Chess Festival 2026» շախմատի միջազգային մրցաշարում:Նա 9 հնարավորից վաստակել է 7 միավոր և բաժանել 2-4-րդ տեղերը՝ լրացուցիչ ցուցանիշներով զբաղեցնելով 2-րդ տեղը։Հայ գրոսմայստեր Մամիկոն Ղարիբյանը նույնպես վաստակել է 7 միավոր և լրացուցիչ ցուցանիշներով զբաղեցրել 4-րդ տեղը, հաղորդում է ՀՇՖ-ի մամուլի ծառայությունը։։Լավագույն եռյակը ունեցավ հետևյալ տեսքը.1-ին տեղ՝ Ֆրեդերիկ Սվանե՝ 7.5 միավոր2-րդ տեղ՝ Հայկ Մարտիրոսյան՝ 7 միավոր3-րդ տեղ՝ Յան Նեպոմնյաշչի՝ 7 միավորՀայաստանից մասնակցում էին նաև գրոսմայստեր Էմին Օհանյանը և ՖԻԴԵ-ի վարպետ Սարգիս Մանուկյանը, որոնք վաստակեցին 5.5-ական միավոր։Հետևեք NEWS.am SPORT-ին Facebook-ում, Twitter և Telegram-ում",Sport,https://sport.news.am/arm/news/166322/
«Միլանը» տանը պարտվեց «Ատալանտային» (տեսանյութ),"Իտալիայի առաջնության 36-րդ տուրում «Միլանը» տանը մրցեց Բերգամոյի «Ատալանտայի» հետ եւ պարտություն կրեց 2:3 հաշվով։«Միլանը» 67 միավորով չորրորդն է, «Ատալանտան» 7-րդ տեղում է՝ 58 միավոր։Իտալիայի առաջնություն, 36-րդ տուր«Միլան» - «Ատալանտա»՝ 2:3 (տեսանյութ)Ստրախինյա Պավլովիչ, 88, Քրիստոֆեր Նկունկու, 90+4, 11մ – Էդերսոն, 7, Դավիդե Ձապակոստա, 29, Ջակոմո Ռասպադորի, 52Հետևեք NEWS.am SPORT-ին Facebook-ում, Twitter և Telegram-ում",Sport,https://sport.news.am/arm/news/166323/
«Բարսելոնան» հաղթեց «Ռեալին» եւ հռչակվեց Իսպանիայի չեմպիոն (տեսանյութ),"«Բարսելոնան» պաշտպանեց Իսպանիայի չեմպիոնի տիտղոսը։Լա Լիգայի 35-րդ տուրում կատալոնական թիմն ընդունեց փոխչեմպիոն «Ռեալին» եւ առավելության հասավ 2:0 հաշվով։Գերմանացի Հանս-Դիտեր Ֆլիկի գլխավորած թիմից 9-րդ րոպեին հանդիպման հաշիվը բացեց անգլիացի հարձակվող Մարկուս Ռեշֆորդը։ 18-րդ րոպեին աչքի ընկավ իսպանացի հարձակվող Ֆերան Տորեսը։Կատալոնական թիմը վաստակեց 91 միավոր եւ առաջնության ավարտից երեք տուր առաջ անհասանելի դարձավ երկրորդ տեղում գտնվող «Ռեալի» համար, որն ունի 77 միավոր։A way to be, a way to win. pic.twitter.com/ZIHknlsKiW

«Բարսելոնան» 29-րդ անգամ հռչակվեց Իսպանիայի չեմպիոն։The league is pic.twitter.com/tRI9jlVOnr

Հետևեք NEWS.am SPORT-ին Facebook-ում, Twitter և Telegram-ում",Sport,https://sport.news.am/arm/news/166324/
ՊՍԺ-ն ուժեղ էր «Բրեստից»,"Ֆրանսիայի առաջնության 33-րդ տուրում չեմպիոն ՊՍԺ-ն տանը մրցեց «Բրեստի» հետ։ Իսպանացի Լուիս Էնրիկեի գլխավորած թիմը հաղթեց նվազագույն հաշվով։83-րդ րոպեին գոլի հեղինակ դարձավ ֆրանսիացի հարձակվող Դեզիրե Դուեն։ՊՍԺ-ն 76 միավորով գլխավորում է մրցաշարային աղյուսակը եւ առաջնության ավարտից 2 խաղ առաջ 6 միավորի առավելություն ունի երկրորդ տեղում գտնվող «Լանսի» նկատմամբ։Մայիսի 13-ին «Լանսը» կընդունի ՊՍԺ-ին 29-րդ տուրից տեղափոխված խաղում։Հետևեք NEWS.am SPORT-ին Facebook-ում, Twitter և Telegram-ում",Sport,https://sport.news.am/arm/news/166325/
Ֆրանսիայի առաջնություն․ 33-րդ տուրի արդյունքներն ու մրցաշարային դրությունը,"Ֆուտբոլի Ֆրանսիայի առաջնությունում ավարտվել են 33-րդ տուրի հանդիպումները։Մրցաշարային աղյուսակը 73 միավորով գլխավորում է չեմպիոն ՊՍԺ-ն։ Երկրորդ տեղում ընթացող «Լանսն» ունի 67 միավոր։Մայիսի 13-ին ՊՍԺ-ն կհյուրընկալվի «Լանսին» 29-րդ տուրից տեղափոխված խաղում։ Վերջին տուրում ՊՍԺ-ի մրցակիցը կլինի «Փարիզը», «Լանսինը»՝ «Լիոնը»։Ֆրանսիայի առաջնություն, 33-րդ տուր «Լանս» - «Նանտ»՝ 1:0«Անժե» - «Ստրասբուրգ»՝ 1:1«Օսեր» - «Նիցա»՝ 2:1«Հավր» - «Մարսել»՝ 0:1«Մեց» - «Լորիան»՝ 0:4«Մոնակո» - «Լիլ»՝ 0:1ՊՍԺ - «Բրեստ»՝ 1:0«Ռեն» - «Փարիզ»՝ 2:1«Թուլուզ» - «Լիոն»՝ 2:1Հետևեք NEWS.am SPORT-ին Facebook-ում, Twitter և Telegram-ում",Sport,https://sport.news.am/arm/news/166326/
Ֆլիկ․ Երբեք չեմ մոռանա այս պահը,"Իսպանիայի նորընծա չեմպիոն «Բարսելոնայի» գերմանացի գլխավոր մարզիչ Հանս-Դիտեր Ֆլիկը մեկնաբանել է երկրորդ տարին անընդմեջ չեմպիոնությունը Լա Լիգայում։35-րդ տուրում կատալոնական թիմը տանը 2:0 հաշվով հաղթեց փոխչեմպիոն «Ռեալին»։«Երբեք չեմ մոռանա այս պահը։ Հրաշալի թիմ ունենք, ես հիացած եմ եւ հպարտ այս խաղացողներով։ Անհավանական հույզեր են «Էլ Կլասիկոյում» «Ռեալին» հաղթելը սեփական երկրպագուների ներկայությամբ։Շատ գոհ եմ թիմի խաղից, գերազանց պաշտպանվեցինք եւ խփեցինք երկու հրաշալի գոկ»,- Ֆլիկի խոսքը մեջբերում է Marca-ն։Առաջնության ավարտից երեք տուր առաջ «Բարսելոնան» վաստակել է 91 միավոր, «Ռեալը» 77 միավորով երկրորդ տեղում է։«Բարսելոնան» 29-րդ անգամ հռչակվեց Իսպանիայի չեմպիոն։Հետևեք NEWS.am SPORT-ին Facebook-ում, Twitter և Telegram-ում",Sport,https://sport.news.am/arm/news/166327/
«Արսենալի» ռեկորդը,"Անգլիայի փոխչեմպիոն Լոնդոնի «Արսենալը» Պրեմիեր լիգայի 36-րդ տուրում «Վեստ Հեմին» 1:0 հաշվով հաղթելու շնորհիվ սահմանել է ակումբային ռեկորդ մեկ մրցաշրջանում տարած հաղթանակների քանակով՝ 42:Նախորդ ռեկորդը գրանցվել էր 1970-1971 թվականների մրցաշրջանում՝ 42 հաղթանակ։«Արսենալը» 79 միավորով գլխավորում է Պրեմիեր լիգայի մրցաշարային աղյուսակը եւ 5 միավոր առաջ է երկրորդ տեղում ընթացող «Մանչեսթեր Սիթիից», որը մեկ խաղ քիչ է անցկացրել։Հետևեք NEWS.am SPORT-ին Facebook-ում, Twitter և Telegram-ում",Sport,https://sport.news.am/arm/news/166328/
«Ինտերը» սպասում է Մխիթարյանի որոշմանը,"Իտալիայի նորընծա չեմպիոն Միլանի «Ինտերի» ղեկավարությունը սպասում է Հայաստանի հավաքականի նախկին ավագ 37-ամյա կիսապաշտպան Հենրիխ Մխիթարյանի որոշմանը կարիերան ավարտելու կամ շարունակելու վերաբերյալ, հաղորդում է x.com/FabrizioRomano-ն։Մխիթարյանի պայմանագիրն «Ինտերի» հետ ավարտվում է հունիսի 30-ին։ Չի բացառվում, որ իտալական ակումբը եւս մեկ տարվա պայմանագիր կնքի նրա հետ։Մխիթարյանն «Ինտերում» է 2022թ․ հունիսից։ Նա դարձել է Իտալիայի կրկնակի չեմպիոն։ Ակումբային կարիերայի ընթացքում նա հանդես է եկել նաեւ «Փյունիկում», Դոնեցկի «Մետալուրգում» եւ «Շախտյորում», Դորտմունդի «Բորուսիայում», անգլիական «Մանչեսթեր Յունայթեդում» եւ «Արսենալում», իտալական «Ռոմայում»։Հետևեք NEWS.am SPORT-ին Facebook-ում, Twitter և Telegram-ում",Sport,https://sport.news.am/arm/news/166329/
Նեյմարի գոլը նպաստեց «Սանթոսի» հաղթանակին (տեսանյութ),"Բրազիլիայի առաջնության 15-րդ տուրում «Սանթոսը» սեփական խաղադաշտում 2:0 հաշվով հաղթել է «ՌԲ Բրագանտինոյին»։Առաջին խաղակեսի ավելացված 5-րդ րոպեին հանդիպման հաշիվը բացել է բրազիլացի հարձակվող Նեյմարը։76-րդ րոպեին աչքի է ընկել արգենտինացի պաշտպան Ադոնիս Ֆրիասը։«Սանթոսը» 18 միավորով 15-րդ տեղում է։Հետևեք NEWS.am SPORT-ին Facebook-ում, Twitter և Telegram-ում",Sport,https://sport.news.am/arm/news/166330/
NBA. «Նյու Յորք Նիքսը» փլեյ-օֆֆի կիսաեզրափակիչում է (տեսանյութ),"«Նյու Յորք Նիքսը» դուրս եկավ Բասկետբոլի ազգային ասոցիացիայի (NBA) փլեյ-օֆֆի կիսաեզրափակիչ (Արեւելյան կոնֆերենցիայի եզրափակիչ)։Փլեյ-օֆֆի երկրորդ շրջանի չորրորդ խաղում «Նյու Յորք Նիքսը» «Ֆիլադելֆիա Սիքսերսին» հաղթեց 144:114 հաշվով եւ շարքի ընդհանուր հաշիվը հասցրեց 4:0-ի։«Նյու Յորք Նիքսի» հաջորդ մրցակիցը կլինի «Դետրոյթ Փիսթոնս» - «Քլիվլենդ Քավալիերս» դիմակայության հաղթողը։ Այս թիմերի շարքի ընդհանուր հաշիվը 2:1 է «Դետրոյթ Փիսթոնսի» օգտին։Հետևեք NEWS.am SPORT-ին Facebook-ում, Twitter և Telegram-ում",Sport,https://sport.news.am/arm/news/166331/
Հայ բռնցքամարտիկները 6 մեդալ են նվաճել Վրաստանում,"Վրաստանում անցկացված Ակակի Կակուրաիձեի անվան միջազգային մրցաշարից Կարեն Աղամալյանի գլխավորած բռնցքամարտի Հայաստանի երիտասարդական հավաքականը վերադարձել է 6 մեդալով։Առաջնության արծաթե մեդալակիր են դարձել 50 կգ քաշակօմ Տիգրան Կիրակոսյանը, 70 կգ քաշային Արտյոմ Սիմոնյանը և 80 կգ քաշային Սամվել Սիրամարգյանը։Վահրամ Դովլաթբեկյանը (55 կգ), Ալեն Ստեփանյանը (75 կգ) և գերծանր քաշային Արամ Թումանյանը նվաճել են բրոնզե մեդալ։ Մրցաշարին մասնակցել են 10 երկրի բռնցքամարտիկներ։Հետևեք NEWS.am SPORT-ին Facebook-ում, Twitter և Telegram-ում",Sport,https://sport.news.am/arm/news/166332/
«Կոմոն» առաջին անգամ կմասնակցի եվրագավաթային մրցաշարի,"Իտալական «Կոմոն» ակումբի 119 տարվա պատմության մեջ առաջին անգամ կմասնակցի եվրագավաթային մրցաշարի։Իտալիայի առաջնության 36-րդ տուրում «Կոմոն» 1:0 հաշվով հաղթել է «Վերոնային» եւ 65 միավորով ապահովել է առնվազն 6-րդ տեղը, որը տալիս է Կոնֆերենցիաների լիգայի ուղեգիր։Առաջնության ավարտից երկու տուր առաջ իսպանացի Սեսկ Ֆաբրեգասի գլխավորած թիմը պահպանում է չորրորդ տեղ բարձրանալու եւ Չեմպիոնների լիգայի ուղեգիր նվաճելու հնարավորություն։Հետևեք NEWS.am SPORT-ին Facebook-ում, Twitter և Telegram-ում",Sport,https://sport.news.am/arm/news/166333/
Կանսելուի բացառիկ ռեկորդը,"Իսպանիայի չեմպիոն «Բարսելոնայի» 31-ամյա պորտուգալացի պաշտպան Ժոաու Կանսելուն բացառիկ ռեկորդ է գրանցել, հաղորդում է Marca-ն։Նա պատմության մեջ միակ ֆուտբոլիստն է, որի հաջողվում է չեմպիոն դառնալ Եվրոպայի հինգ առաջատար լիգաներից չորսում։Կանսելուն իտալիայի չեմպիոն է դարձել Թուրինի «Յուվենտուսի» կազմում (2018/19), Անգլիայի եռակի չեմպիոն՝ «Մանչեսթեր Սիթիի» հետ (2020/21, 2021/22, 2022/23- մրցաշրջանի կեսից տեղափոխվել է Բունդեսլիգա), Գերմանիայի չեմպիոն՝ «Բավարիայի» կազմում (2022/23)։Հետևեք NEWS.am SPORT-ին Facebook-ում, Twitter և Telegram-ում",Sport,https://sport.news.am/arm/news/166334/
Մեսին շնորհավորել է «Բարսելոնային»,"«Բարսելոնայի» նախկին աստղ, աշխարհի չեմպիոն Արգենտինայի հավաքականի եւ ՄԼՍ-ի չեմպիոն «Ինտեր Մայամիի» (ԱՄՆ) հարձակվող Լիոնել Մեսին շնորհավորել է կատալոնական ակումբին Իսպանիայի չեմպիոնի տիտղոսը նվաճելու առթիվ։Լա Լիգայի 35-րդ տուրում «Բարսելոնան» 2։0 հաշվով հաղթել էր փոխչեմպիոն Մադրիդի «Ռեալին»՝ պաշտպանելով տիտղոսը։«Չեմպիոննե՜ր։ Կեցցե՛ «Բարսելոնան»»,- Ինստագրամում գրել է Մեսին։«Բարսելոնան» 29-րդ անգամ հռչակվեց Իսպանիայի չեմպիոն։2003-2021 թվականներին «Բարսելոնայում» հանդես եկած Մեսին Իսպանիայի 8-ակի չեմպիոն է։Հետևեք NEWS.am SPORT-ին Facebook-ում, Twitter և Telegram-ում",Sport,https://sport.news.am/arm/news/166335/
"ԱԱ-2026. Նեյմարն ու Տիագո Սիլվան ընդգրկվել են Բրազիլիայի հավաքականի ընդլայնված 
կազմում","«Սանթոսի» 34-ամյա հարձակվող Նեյմարը ընդգրկվել է Բրազիլիայի հավաքականի ընդլայնված կազմում, հաղորդում է UOL-ը։ Բրազիլիայի ֆուտբոլային կոնֆեդերացիան նախնական կազմը Ֆուտբոլային միջազգային ֆեդերացիային ներկայացրել է 55 ֆուտբոլիստից բաղկացած ընդլայնված կազմը հունիս-հուլիսին ԱՄՆ-ում, Կանադայում եւ Մեքսիկայում անցկացվելիք աշխարհի առաջնության համար։Ընդլայնված կազմում են նաեւ պորտուգալական «Պորտուի» 41-ամյա պաշտպան Տիագո Սիլվան եւ Լոնդոնի «Չելսիի» 18-ամյա եզրային հարձակվող Էստեւաոն, որը դեռ չի վերականգնվել վնասվածքից հետո։Բրազիլիայի հավաքականը 26 ֆուտբոլիստից բաղկացած վերջնական կազմը պետք է հրապարակի մայիսի 18-ին։Հետևեք NEWS.am SPORT-ին Facebook-ում, Twitter և Telegram-ում",Sport,https://sport.news.am/arm/news/166336/
ԱԱ-2026. Մեսին ընդգրկվել է Արգենտինայի ընդլայնված կազմում,"Աշխարհի չեմպիոն Արգենտինայի հավաքականը ներկայացրել է ընդլայնված կազմը հունիս-հուլիսին ԱՄՆ-ում, Մեքսիկայում եւ Կանադայում անցկացվելիք աշխարհի առաջնության համար։ Ընդլայնված կազմում ընդգրկվել է նաեւ ՄԼՍ-ի չեմպիոն, ամերիկյան «Ինտեր Մայամիի» 37-ամյա հարձակվող Լիոնել Մեսին, որը 2022թ. աշխարհի առաջնությունից առաջ հայտարարել էր, որ վերջին անգամ է մասնակցում քառամյակի գլխավոր ֆուտբոլային իրադարձությանը։Ավելի վաղ Մեսին հայտարարել էր, որ կմիանա հավաքականին աշխարհի առաջնությունում, եթե 100 տոկոս պատրաստ լինի եւ օգտակար լինի ազգային թիմին։Խմբային փուլում Արգենտինայի հավաքականի մրցակիցները կլինեն Ալժիրի, Ավստրիայի եւ Հորդանանի թիմերը։Հետևեք NEWS.am SPORT-ին Facebook-ում, Twitter և Telegram-ում",Sport,https://sport.news.am/arm/news/166337/
«Բարսելոնայի» չեմպիոնական շքերթն՝ ուղիղ,"«Բարսելոնան» չեմպիոնական շքերթ է անցկացնում Կատալոնիայի մայրաքաղաքում։Գերմանացի գլխավոր մարզիչ Հանս-Դիտեր Ֆլիկի ղեկավարությամբ կատալոնական թիմը երկրորդ տարին անընդմեջ հռչակվեց երկրի չեմպիոն։35-րդ տուրում «Բարսելոնան» տանը 2։0 հաշվով հաղթեց փոխչեմպիոն Մադրիդի «Ռեալին» եւ առաջնության ավարտից երեք տուր առաջ 91 միավորով անհասանելի դարձավ երկրորդ տեղում գտնվող Արքայական թիմի համար (77 միավոր։)«Բարսելոնան» 29-րդ անգամ դարձավ Իսպանիայի չեմպիոն։Հետևեք NEWS.am SPORT-ին Facebook-ում, Twitter և Telegram-ում",Sport,https://sport.news.am/arm/news/166338/
Չեմպիոնների լիգայի եզրափակիչի մրցավարները,"Գերմանացի Դանիել Զիբերտը կլինի ֆուտբոլի Չեմպիոնների լիգայի եզրափակիչի գլխավոր մրցավարը, հաղորդում է ՈՒԵՖԱ-ի կայքը։Տիտղոսը մայիսի 30-ին Բուդապեշտում կվիճարկեն Ֆրանսիայի չեմպիոն, Չեմպիոնների լիգայի գավաթակրի տիտղոսը պաշտպանող ՊՍԺ-ն եւ Անգլիայի փոխչեմպիոն, Պրեմիեր լիգայի առաջատար Լոնդոնի «Արսենալը»։Դանիել Զիբերտին կօգնեն գերմանացիներ Յան Զայդելը եւ Ռաֆայել Ֆոլտինը։ Չորրորդ պաշտոնյանը է շվեյցարացի Սանդրո Շերերը։Պահեստային մրցավարն է իսպանացի Գուադալուպե Պորաս Այուսոն։VAR-ի մրցավարն է գերմանացի Բաստիան Դանկերտը։ Նրա օգնակակներն են գերմանացի Ռոբերտ Շրյոդերը եւ իսպանացի Կառլոս դել Սերո Գրանցեն։Չեմպիոնների լիգայի ընթացիկ մրցաշրջանում Զիբերտը սպասարկել է 9 հանդիպում, ցույց է տվել 41 դեղին, 2 կարմի քարտ, նշանակել է մեկ 11-մետրանոց հարված։Հետևեք NEWS.am SPORT-ին Facebook-ում, Twitter և Telegram-ում",Sport,https://sport.news.am/arm/news/166339/
Սիմեոնե. «Բարսելոնան» աշխարհի լավագույն թիմն է,"Մադրիդի «Աթլետիկոյի» արգենտինացի գլխավոր մարզիչ Դիեգո Սիմեոնեն արձագանքել է «Բարսելոնայի» 29-րդ չեմպիոնությանը Լա Լիգայում։««Բարսելոնան» աշխարհի լավագույն թիմն է։ Նրանք հաղթեցին առաջնությունում՝ ցուցադրելով շատ լավ խաղ, ինչպես անցած մրցաշրջանում։«Ռեալի» դեմ «Բարսելոնայի» խաղը դիտելիս մի բան էի մտածում, թե ինչպես ենք մենք կարողացել նրանց այս մրցաշրջանում դուրս թողնել Իսպանիայի գավաթից եւ Չեմպիոնների լիգայից»,- Սիմեոնեի խոսքը մեջբերում է AS-ը։Լա Լիգայի 35 տուրից հետո «Բարսելոնան» վաստակել է 91 միավոր եւ 14 միավոր առաջ է երկրորդ տեղում գտնվող «Ռեալից»։Հետևեք NEWS.am SPORT-ին Facebook-ում, Twitter և Telegram-ում",Sport,https://sport.news.am/arm/news/166340/
ԱԱ-2026․ Բոսնիա եւ Հերցեգովինայի հայտացուցակը,"Ֆուտբոլի Բոսնիա եւ Հերցեգովինայի հավաքականը հրապարակել է հայտացուցակը հունիս-հուլիսին ԱՄՆ-ում, Կանադայում եւ Մեքսիկայում անցկացվելիք աշխարհի առաջնության համար, հաղորդում է այդ երկրի ֆուտբոլի ֆեդերացիայի կայքը։Դարպասապահներ․ Նիկոլա Վասիլ («Սանկտ Պաուլի»), Մարտին Զլոմիսլիչ («Ռիեկա»), Օսման Հաջիկիչ («Սլավեն Բելուպո»)։Պաշտպաններ․ Սեադ Կոլաշինաց («Ատալանտա»), Ամար Դեդիչ («Բենֆիկա»), Նիհադ Մույակիչ («Գազիանտեպ»), Նիկոլա Կատիչ («Շալկե»), Թարիկ Մուհարեմովիչ («Սասուոլո»), Ստեպան Ռադելիչ («Ռիեկա»), Դենիս Հաջիկադունիչ («Սամպդորիա»), Նիդալ Չելիկ («Լանս»)։Կիսապաշտպաններ․ Ամիր Հաջիահմետովիչ («Հալ Սիթի»), Իվան Շունիչ («Կիպրոս»), Իվան Բաշիչ («Աստանա»), Ջենիս Բուրնիչ («Կարլսրուե»), Էրմին Մահմիչ («Սլովան»), Բենիամին Տահիրովիչ («Բրոնդբյու»), Արմին Գիգովիչ («Յանգ Բոյզ»), Քերիմ Ալայբեգովիչ («ՌԲ Զալցբուրգ»), Էսմիր Բայրակտարեւիչ (ՊՍՎ)։Հարձակվողներ․ Էրմեդին Դեմիրովիչ («Շտուգարտ»), Յովո Լուկիչ («Ունիվերսիտատյա Կլուժ»), Սամեդ Բաժդար («Յագելոնիա»), Հարիս Տաբակովիչ («Բորուսիա Մյոնխենգլադբախ»), Էդին Ջեկո («Շալկե»)։Հետևեք NEWS.am SPORT-ին Facebook-ում, Twitter և Telegram-ում",Sport,https://sport.news.am/arm/news/166341/
Սպերցյանը կրկնեց ՌՊԼ-ի ռեկորդը գոլային փոխանցումների քանակով,"Публикация от FC Krasnodar / ФК Краснодар (@fckrasnodar)«Կրասնոդարի» եւ Հայաստանի հավաքականի ավագ, կիսապաշտպան Էդուարդ Սպերցյանը կրկնեց Ռուսաստանի Պրեմիեր լիգայի ռեկորդը մեկ մրցաշրջանում գոլային փոխանցումների քանակով։29-րդ տուրի խաղում «Կրասնոդարը» հյուրընկալվել է Մոսկվայի «Դինամոյին»։ Սպերցյանը կատարել է ընթացիկ մրցաշրջանում 16-րդ գոլային փոխանցումը։Ընթանում է երկրորդ խաղակեսը, հաշիվը հավասար է՝ 1:1:Սպերցյանը կրկնեց Դմիտրի Լոսկովի (2003թ․), Հալկի (2015/2016) եւ Մաքսիմ Գլուշենկովի (2023/2024) ցուցանիշը։Հետևեք NEWS.am SPORT-ին Facebook-ում, Twitter և Telegram-ում",Sport,https://sport.news.am/arm/news/166342/
«Կրասնոդարը» պարտվեց «Դինամոյին» եւ հետ մնաց «Զենիթից»,"0-1 Costa pic.twitter.com/cty0lHn0doՖուտբոլի Ռուսաստանի Պրեմիեր լիգայի նախավերջին տուրում չեմպիոն «Կրասնոդարը» հյուրընկալվեց Մոսկվայի «Դինամոյին» եւ պարտվեց 1:2 հաշվով։«Կրասնոդարի» եւ Հայաստանի հավաքականի ավագ Էդուարդ Սպերցյանը դարձավ գոլային փոխանցման հեղինակ։«Կրասնոդարը» 63 միավորով երկրորդն է եւ 2 միավոր հետ մնաց առաջատար «Զենիթից»։ «Դինամոն» 8-րդ տեղում է՝ 42 միավոր։Վերջին տուրում «Կրասնոդարը» մայիսի 17-ին կընդունի «Օրենբուրգին», «Զենիթը» հյուր կգնա «Ռոստովին»։Ռուսաստանի առաջնություն, 29-րդ տուր«Դինամո» - «Կրասնոդար»՝ 2:1Կոնստանտին Տյուկավին, 48, Իվան Սերգեեւ, 90+3 – Դիեգո Կոստա, 32Հետևեք NEWS.am SPORT-ին Facebook-ում, Twitter և Telegram-ում",Sport,https://sport.news.am/arm/news/166343/
Սպերցյան․ Ֆուտբոլում այդպես պատահում է,"Ռուսաստանի չեմպիոն «Կրասնոդարի» եւ Հայաստանի հավաքականի ավագ Էդուարդ Սպերցյանը մեկնաբանել է Մոսկվայի «Դինամոյից» կրած 1:2 հաշվով պարտությունը Ռուսաստանի Պրեմիեր լիգայի 29-րդ տուրի խաղում։«Հաջողությունը մեր կողմից չէր։ Ֆուտբոլում այդպես պատահում է։ Պետք է պարզապես իրացնել պահերը։Իմ գոլային փոխանցումը կարեւոր է թիմին օգնելու տեսանկյունից։ Հրաշալի է, որ դրա շնորհիվ մենք կարողացանք գոլ խփել, բայց տխրել ենք, որ պարտվել ենք»,- Սպերցյանի խոսքը մեջբերում է championat.com-ը։«Կրասնոդարը» 63 միավորով երկրորդն է եւ 2 միավոր հետ է առաջատար «Զենիթից»։Վերջին տուրում «Կրասնոդարը» մայիսի 17-ին կընդունի «Օրենբուրգին», «Զենիթը» կհյուրընկալվի «Ռոստովին»։Հետևեք NEWS.am SPORT-ին Facebook-ում, Twitter և Telegram-ում",Sport,https://sport.news.am/arm/news/166344/
«Նապոլին» պարտվեց «Բոլոնիային» (տեսանյութ),"Rowe bags a late goal to put Bologna once again in the lead! #NapoliBologna 2-3 pic.twitter.com/afW1QhYziQԻտալիայի առաջնության 36-րդ տուրում «Նապոլին» հյուրընկալեց «Բոլոնիային», որն առավելության հասավ 3:2 հաշվով։Հյուրերը հաղթական գոլը խփեցին ավելացված ժամանակում։ Աչքի ընկավ անգլիացի կիսապաշտպան Ջոնաթան Ռոուն։«Նապոլին» 70 միավորով երկրորդն է, «Բոլոնիան» 8-րդ տեղում է՝ 52 միավոր։Իտալիայի առաջնություն, 36-րդ տուր«Նապոլի» - «Բոլոնիա»՝ 2:3 (տեսանյութ)Ջովանի Դի Լորենցո, 45+2, Ալիսոն Սանթոս, 48 - Ֆեդերիկո Բերնարդեսկի, 9, Ռիկարդո Օրսոլինի, 34, 11մ, Ջոնաթան Ռոու, 90+1Հետևեք NEWS.am SPORT-ին Facebook-ում, Twitter և Telegram-ում",Sport,https://sport.news.am/arm/news/166345/
Իտալիայի Ա Սերիա․ 36-րդ տուրի արդյունքներն ու մրցաշարային դրությունը,"Ֆուտբոլի Իտալիայի Ա Սերիայի առաջնությունում ավարտվել են 36-րդ տուրի հանդիպումները։Նորընծա չեմպիոն «Ինտերը» մրցաշարային աղյուսակը գլխավորում է 85 միավորով եւ 15 միավոր առաջ է երկրորդ տեղում գտնվող «Նապոլիից»։Իտալիայի առաջնություն, 36-րդ տուր«Տորինո» - «Սասուոլո»՝ 2:1«Կալյարի» - «Ուդինեզե»՝ 0:2«Լացիո» - «Ինտեր»՝ 0:3«Լեչե» - «Յուվենտուս»՝ 0:1«Վերոնա» - «Կոմո»՝ 0:1«Կրեմոնեզե» - «Պիզա»՝ 3:0«Ֆիորենտինա» - «Ջենոա»՝ 0:0«Պարմա» - «Ռոմա»՝ 2:3«Միլան» - «Ատալանտա»՝ 2:3«Նապոլի» - «Բոլոնիա»՝ 2:3Only two more #SerieA matchdays remain... pic.twitter.com/lx52j4zeNc

Հետևեք NEWS.am SPORT-ին Facebook-ում, Twitter և Telegram-ում",Sport,https://sport.news.am/arm/news/166346/
«Ինտեր»․ Հայկական գնացքի եւս մեկ գոլ (տեսանյութ),"Իտալիայի չեմպիոն Միլանի «Ինտերը» սոցիալական ցանցերում հերթական հայերեն գրառումով անդրադարձել է Հայաստանի հավաքականի նախկին ավագ, 37-ամյա կիսապաշտպան Հենրիխ Մխիթարյանին։«Հայկական գնացքի եւս մեկ գոլ» գրառումով «Ինտերը» ներկայացրել է Մխիթարյանի գոլը «Լացիոյի» դեմ Իտալիայի առաջնության 36-րդ տուրի խաղում։ «Ինտերը» հաղթել էր 3:0 հաշվով։Հետևեք NEWS.am SPORT-ին Facebook-ում, Twitter և Telegram-ում",Sport,https://sport.news.am/arm/news/166347/
Լա Լիգա․ 35-րդ տուրի արդյունքներն ու մրցաշարային դրությունը,"Ֆուտբոլի Իսպանիայի Լա Լիգայի առաջնությունում ավարտվել են 35-րդ տուրի հանդիպումները։«Բարսելոնան» 29-րդ անգամ հռչակվեց երկրի չեմպիոն։Իսպանիայի առաջնություն, 35-րդ տուր«Լեւանտե» - «Օսասունա»՝ 3:2«Էլչե» - «Ալավես»՝ 1:1«Սեւիլիա» - «Էսպանյոլ»՝ 2:1«Աթլետիկո Մադրիդ» - «Սելտա»՝ 0:1«Ռեալ Սոսիեդադ» - «Բետիս»՝ 2:2«Մալյորկա» - «Վիլյառեալ»՝ 1:1«Աթլետիկ Բիլբաո» - «Վալենսիա»՝ 0:1«Ռեալ Օվիեդո» - «Խետաֆե»՝ 0:0«Բարսելոնա» - «Ռեալ Մադրիդ»՝ 2:0«Ռայո Վալիեկանո» - «Ժիրոնա»՝ 1:1CLASIFICACIÓN | ¡Así va #LALIGAEASPORTS tras la Jornada 35! #DesenlaceLALIGA pic.twitter.com/HCoURKHHit

Հետևեք NEWS.am SPORT-ին Facebook-ում, Twitter և Telegram-ում",Sport,https://sport.news.am/arm/news/166348/
Ֆրանսիայի առաջնություն․ Մրցաշրջանի խորհրդանշական հավաքականը,"Ֆրանսիայի Պրոֆեսիոնալ ֆուտբոլիստների ազգայինություն միությունը (UNFP) ներկայացրել է երկրի առաջնության խորհրդանշական հավաքականը։Դարպասապահ․ Ռոբեն Ռիսեր («Լանս»)։Պաշտպաններ․ Նունու Մենդեշ, Վիլիան Պաչո, Աշրաֆ Հակիմի (բոլորը՝ ՊՍԺ), Մալանգ Սառ («Լանս»)։Կիսապաշտպաններ․ Վիտինյա (ՊՍԺ), Կորենտեն Տոլիսո («Լիոն»), Մամադու Սանգարե («Լանս»)։Հարձակվողներ․ Մեյսոն Գրինվուդ («Մարսել»), Ուսման Դեմբելե (ՊՍԺ), Ֆլորիան Տովեն («Լանս»)։Հետևեք NEWS.am SPORT-ին Facebook-ում, Twitter և Telegram-ում",Sport,https://sport.news.am/arm/news/166349/
Լուիս Էնրիկեն չճանաչվեց Ֆրանսիայի առաջնության լավագույն մարզիչ,"Ֆրանսիայի չեմպիոն, Չեմպիոնների լիգայի գավաթակիր ՊՍԺ-ի իսպանացի գլխավոր մարզիչ Լուիս Էնրիկեն չարժանացավ Ֆրանսիայի առաջնության ավարտվող մրցաշրջանի լավագույն մարզիչի մրցանակին։Պրոֆեսիոնալ ֆուտբոլիստների ազգային միության (UNFP) վարկածով՝ լավագույնը «Լանսի» գլխավոր մարզիչ Պիեր Սաժն է։ Քվեարկության եզրափակիչ փուլում նա շրջանցել է Լուիս Էնրիկեին, Պաուլու Ֆոնսեկային («Լիոն»), Բրունո Ժենեզիոյին («Լիլ») եւ Օլիվիե Պանտալոնիին («Լորիան»)։Սաժի ղեկավարությամբ «Լանսը» Ֆրանսիայի առաջնության 32 խաղում վաստակել է 67 միավոր եւ երկրորդն է։ ՊՍԺ-ն ունի 73 միավոր։ Մայիսի 13-ին «Լանսն» ու ՊՍԺ-ն կհանդիպեն երկրի առաջնության 29-րդ տուրից տեղափոխված խաղում։Հետևեք NEWS.am SPORT-ին Facebook-ում, Twitter և Telegram-ում",Sport,https://sport.news.am/arm/news/166350/
Դեմբելեն՝ Ֆրանսիայի առաջնության լավագույն խաղացող,"Ֆրանսիայի չեմպիոն եւ Չեմպիոնների լիգայի գավաթակիր ՊՍԺ-ի ֆրանսիացի հարձակվող Ուսման Դեմբելեն երկրորդ տարին անընդմեջ ճանաչվել է Ֆրանսիայի առաջնության լավագույն խաղացող՝ Ֆրանսիայի Պրոֆեսիոնալ ֆուտբոլիստների ազգային միության (UNFP) վարկածով։Նա հետ է թողել Վիտինյային, Նունու Մենդեշին (երկուսն էլ՝ ՊՍԺ), Մեյսոն Գրինվուդին («Մարսել»), Ֆլորիան Տովենին («Լանս»)։Ֆրանսիայի ընթացիկ առաջնությունում Դեմբելեն մասնակցել է 20 հանդիպման, խփել է 10 գոլ, կատարել 6 գոլային փոխանցում։Լավագույն մարզիչ էր ճանաչվել «Լանսի» գլխավոր մարզիչ Պիեր Սաժը։Հետևեք NEWS.am SPORT-ին Facebook-ում, Twitter և Telegram-ում",Sport,https://sport.news.am/arm/news/166351/
Պրեմիեր լիգա․ 36-րդ տուրի արդյունքներն ու մրցաշարային դրությունը,"Ֆուտբոլի Անգլիայի Պրեմիեր լիգայի առաջնությունում ավարտվել են 36-րդ տուրի հանդիպումները։Առաջատարը փոխչեմպիոն Լոնդոնի «Արսենալն» է, որը վաստակել է 79 միավոր։ Երկրորդ տեղում է 74 միավոր վաստակած «Մանչեսթեր Սիթին», որը մեկ խաղ քիչ է անցկացրել։ Լավագույն եռյակը եզրափակում է «Մանչեսթեր Յունայթեդը»՝ 65 միավոր։Անգլիայի առաջնություն, 36-րդ տուր«Լիվերպուլ» - «Չելսի»՝ 1:1«Ֆուլհեմ» - «Բորնմուտ»՝ 0:1«Բրայթոն» - «Վուլվերհեմփթոն»՝ 3:0«Սանդերլենդ» -  «Մանչեսթեր Յունայթեդ»՝ 0:0«Մանչեսթեր Սիթի» - «Բրենթֆորդ»՝ 3:0«Նոթինգեմ Ֆորեսթ» - «Նյուքասլ Յունայթեդ»՝ 1:1«Քրիսթալ Փելաս» - «Էվերտոն»՝ 2:2«Բարնլի» - «Աստոն Վիլա»՝ 2:2«Վեստ Հեմ» - «Արսենալ»՝ 0:1«Տոտենհեմ» - «Լիդս Յունայթեդ»՝ 1:1Հետևեք NEWS.am SPORT-ին Facebook-ում, Twitter և Telegram-ում",Sport,https://sport.news.am/arm/news/166352/
ՀՊԼ․ Վահե Գեւորգյանը՝ ամսվա լավագույն մարզիչ,"«Ալաշկերտի» գլխավոր մարզիչ Վահե Գեւորգյանը ճանաչվել է Fastex Պրեմիեր լիգայի ապրիլ ամսվա լավագույն մարզիչ, հաղորդում է Հայաստանի առաջնության ֆեյսբուքյան էջը։ Անցած ամիս «Ալաշկերտը» հաղթել է 3 խաղերում ու գրանցել 2 ոչ-ոքի։Լավագույն եռյակում են նաեւ Մանուել Տուլիպան («Արարատ-Արմենիա») եւ Սանդրո Պերկովիչը («Նոա»)։Հետևեք NEWS.am SPORT-ին Facebook-ում, Twitter և Telegram-ում",Sport,https://sport.news.am/arm/news/166353/
NBA․ Օրվա արդյունքներն ու լավագույն դրվագները (տեսանյութ),"Բասկետբոլի ազգային ասոցիացիայի (NBA) առաջնության փլեյ-օֆֆում տեղի են ունեցել քառորդ եզրափակիչի հերթական հանդիպումները։Գործող չեմպիոն «Օկլահոմա Սիթի Թանդերը» պայքարից դուրս թողեց «Լոս Անջելես Լեյքերսին»՝ չորս հաղթանակ։«Լոս Անջելես Լեյքերս» - «Օկլահոմա Սիթի Թանդեր»՝ 110:115 (շարքի ընդհանոր հաշիվը՝ 0-4)«Քլիվլենդ Քավալիերս» - «Դետրոյթ Փիսթոնս»՝ 112:103 (2-2)Հետևեք NEWS.am SPORT-ին Facebook-ում, Twitter և Telegram-ում",Sport,https://sport.news.am/arm/news/166354/
Մ-15 Զարգացման մրցաշար․ Հայաստան - Վրաստան՝ ուղիղ,"Հայաստանում անցկացվող ֆուտբոլի Զարգացման մրցաշարում մրցում են Հայաստանի եւ Վրաստանի մինչեւ 15 տարեկանների հավաքականները։Հայաստանի ֆուտբոլի ֆեդերացիան ներկայացնում է ուղիղ հեռարձակում։Հետևեք NEWS.am SPORT-ին Facebook-ում, Twitter և Telegram-ում",Sport,https://sport.news.am/arm/news/166355/
Լա Լիգա․ Մեկնարկում է 36-րդ տուրը,"Ֆուտբոլի Իսպանիայի Լա Լիգայի առաջնությունում մայիսի 12-ին կմեկնարկի 36-րդ տուրը։Նորընծա չեմպիոն «Բարսելոնան» կհյուրընկալվի «Ալավեսին», փոխչեմպիոն «Ռեալը» կընդունի «Ռեալ Օվիեդոյին»։Իսպանիայի առաջնություն, 36-րդ տուր«Սելտա» - «Լեւանտե»՝ 21:00 (Երեւանի ժամանակ)«Բետիս» - «Էլչե»՝ 22:00«Օսասունա» - «Աթլետիկո Մադրիդ»՝ 23:30Մայիսի 13«Էսպանյոլ» - «Աթլետիկ Բիլբաո»՝ 21:00«Վիլյառեալ» - «Սեւիլիա»՝ 21:00«Ալավես» - «Բարսելոնա»՝ 23:30«Խետաֆե» - «Մալյորկա»՝ 23:30Մայիսի 14«Վալենսիա» - «Ռայո Վալիեկանո»՝ 21:00«Ժիրոնա» - «Ռեալ Սոսիեդադ»՝ 22:00«Ռեալ Մադրիդ» - «Ռեալ Օվիեդո»՝ 23:30Հետևեք NEWS.am SPORT-ին Facebook-ում, Twitter և Telegram-ում",Sport,https://sport.news.am/arm/news/166356/
Մ-15 Զարգացման մրցաշար․ Հայաստանի թիմը հաղթեց վրացիներին (տեսանյութ),"Հայաստանի Մ-15 (2011թ․ ծնվածներ) հավաքականն ավարտվեց ելույթները Զարգացման Գավաթի մրցաշարում։Վերջին՝ երրորդ խաղում, Նարեկ Դավթյանի թիմը մրցեց Վրաստանի հետ։ Հիմնական ժամանակում թիմերը փոխանակվեցին երկուական գնդակով։ Մեր ընտրանուց աչքի ընկան Սամվել Աթասունցն ու Նարեկ Ավետիսյանը, մրցակցից՝ Գաբրիել Իմեսաշվիլին և Գեորգի Ղումաշվիլին։Հետխաղյա 11-մետրանոցներում 2-1 հաշվով հաղթեց Հայաստանը։Զարգացման Գավաթի մրցաշար, Մ-15 մրցաշարային աղյուսակ1․ Ուզբեկստան - 62․ Հայաստան - 53․ Վրաստան - 44․ Մոլդովա - 3Զարգացման Գավաթի մրցաշարՀայաստան Մ-15 - Վրաստան Մ-15՝ 2:2 (2-1)Մարզադաշտ՝ ՀՖՖ Տեխնիկական կենտրոն/Ֆուտբոլի ԱկադեմիաՄրցավար՝ Տիրան ԵրիցյանԳոլեր՝ Սամվել Աթասունց 20', Նարեկ Ավետիսյան 86' - Գաբրիել Իմեսաշվիլի 39', Գեորգի Ղումաշվիլի 58'11-մետրանոց հարվածաշար` Նարեկ Ավետիսյան, Տիգրան Խաչատրյան - Իրակլի ԿորկելիաՀետևեք NEWS.am SPORT-ին Facebook-ում, Twitter և Telegram-ում",Sport,https://sport.news.am/arm/news/166357/
"Ֆլիկ. Շատ երջանիկ եմ, որ երկարաձգելու եմ պայմանագիրս «Բարսելոնայի» հետ","Իսպանիայի նորընծա չեմպիոն «Բարսելոնայի» գերմանացի գլխավոր մարզիչ Հանս–Դիտեր Ֆլիկը հաստատել է, որ երկարաձգելու է պայմանագիրը կատոլանական ակումբի հետ։ Այն նախատեսված կլինի մինչեւ 2028թ. հունիս եւս մեկ տարով երկարաձգելու հնարավորությամբ։«Շատ երջանիկ եմ, որ երկարաձգելու եմ պայմանագիրը։ Նախորդ նվաճումները վստահություն են տալիս եւս մեկ կամ երկու տարով աշխատելու համար։ Շատ մարզիչներ ուրախ կլինեին երկարաձգել երեք կամ չորս տարով, բայց «Բարսելոնայում» ավելի լավ է սահմանափակել այդ ժամկետը։Հիմա ունեմ պայմանագիր մինչեւ 2028թ. հունիս։ Եթե ամեն ինչ լավ լինի, եւս մեկ տարով կերկարաձգեմ։ Երկու կողմերի համար էլ շահավետ պայմանագիր է։Հասկացան, որ գտնվում եմ ճիշտ տեղում։ Մեր կողմից պարտավորությունն է ձգտել առավելագույն մակարդակի եւ նվաճել նոր տիտղոսներ։ Բոլորն ունեն երազանք Չեմպիոնների լիգայի մասին։ Փորձեցինք նվաճել նաեւ այդ տիտղոսը եւ կշարունակենք փորձլ։ Շնորհակալ եմ վստահության եւ աշխատանքը շարունակելու հնարավորության համար»,– Ֆլիկի խոսքը մեջբերում է AS-ը։«Բարսելոնան» Ֆլիկի ղեկավարությամբ երկու տարի անընդմեջ նվաճել է Իսպանիայի չեմպիոնի տիտղոսը։Հետևեք NEWS.am SPORT-ին Facebook-ում, Twitter և Telegram-ում",Sport,https://sport.news.am/arm/news/166358/
Էդուարդ Սպերցյանը վնասվածք է ստացել,"Հայաստանի հավաքականի եւ Ռուսաստանի չեմպիոն «Կրասնոդարի» ավագ, կիսապաշտպան Էդուարդ Սպերցյանը վնասվածք է ստացել Մոսկվայի «Դինամոյի» դեմ ռուսական Պրեմիեր լիգայի 29-րդ տուրի խաղում։ Սպերցյանը փոխարինվել էր 83-րդ րոպեին, «Կրասնոդարը» պարտվել էր 1։2 հաշվով։«Սպերցյանը մեջքի հետ կապված խնդիրներ ունի։ Նա ցուցաբերում է հերոսական բնավորություն»,- «Կրասնոդարի» գլխավոր մարզիչ Մուսաեւի խոսքը մեջբերում է «Матч ТВ»-ն։«Կրասնոդարը» 63 միավորով երկրորդն է եւ առաջատար «Զենիթից» հետ է 2 միավոր։Վերջին տուրում «Կրասնոդարը» մայիսի 17-ին կընդունի «Օրենբուրգին»։Հետևեք NEWS.am SPORT-ին Facebook-ում, Twitter և Telegram-ում",Sport,https://sport.news.am/arm/news/166359/
Ֆիգուն նշել է ԱԱ-2026-ի ֆավորիտներին,"Պորտուգալիայի հավաքականի նախկին խաղացող Լուիշ Ֆիգուն նշել է հունիս-հուլիսին ԱՄՆ-ում, Կանադայում եւ Մեքսիկայում անցկացվելիք աշխարհի առաջնության ֆավորիտներին։«Շատ թիմերի կարող են պայքարել հաղթանակի համար։ Խաղացողների մակարդակը շատ կարեւոր է, բայց հաջողություն ունենալը եւս կարեւոր է։Գլխավոր ֆավորիտների թվում կնշեի Բրազիլիային, Արգենտինային, Պորտուգալիային, Իսպանիային եւ Ֆրանսիային։ Նրանք եզրափակիչ փուլում հանդես գալու մեծ փորձ ունեն։ Այդ հավաքականներն այնքան ուժեղ են, որ կարող էին երկու կազմ հայտավորել»,- Ֆիգուի խոսքը մեջբերում է ESPN-ը։Աշխարհի առաջնության եզրափակիչը տեղի կունենա հուլիսի 19-ին։Հետևեք NEWS.am SPORT-ին Facebook-ում, Twitter և Telegram-ում",Sport,https://sport.news.am/arm/news/166360/
"Մ-14 Զարգացման մրցաշար․ Լատվիան հաղթեց Հայաստանի երկրորդ թիմին ու դարձավ 
մրցաշարի հաղթող","Ֆուտբոլի Հայաստանի Մ-14 հավաքականի 2-րդ թիմն ավարտեց պայքարը Զարգացման Գավաթում։ Լատվիայի դեմ վերջին տուրի խաղի հիմնական ժամանակն ավարտվեց ոչ-ոքի՝ 0։0 հաշվով։Հետխաղյա 11-մետրանոց հարվածաշարում առավելության հասավ Լատվիայի թիմը ՝ 5։3։ Մ-14 տարեկանների պայքարում մրցաշարի հաղթող դարձավ Լատվիան, հաղորդում է ՀՖՖ–ի կայքը։Ավելի վաղ, նրանք նվազագույն հաշվով գերազանցել էին Հայաստանի Մ-14 հավաքականին։ Լավագույն ֆուտբոլիստ ճանաչվեց Ռոբերտս Շուբան:Հետևեք NEWS.am SPORT-ին Facebook-ում, Twitter և Telegram-ում",Sport,https://sport.news.am/arm/news/166361/
«Մասթերս». Կարեն Խաչանովը դուրս եկավ քառորդ եզրափակիչ,"Աշխարհի 15-րդ ռակետ, ռուսաստանցի Կարեն Խաչանովը դուրս եկավ Հռոմում անցկացվող «Մասթերս» մրցաշարի քառորդ եզրափակիչ։Հայ թենիսիստը 6:1, 7:6 (7:2) հաշվով պարտության մատնեց աշխարհի 79-րդ ռակետ խորվաթ Դինո Պրիժմիչին։ Մրցախաղը տեւեց 1 ժամ եւ 56 րոպե։Կարեն Խաչանովի հաջորդ մրցակիցը կլինի աշխարհի 25-րդ ռակետ, նորվեգացի Կասպեր Ռուդը։Հռոմի «Մասթերսի» մրցանակային հիմնադրամը 8,2 միլիոն եվրո է։Հետևեք NEWS.am SPORT-ին Facebook-ում, Twitter և Telegram-ում",Sport,https://sport.news.am/arm/news/166362/
«Չելսին» բանակցում է Խաբի Ալոնսոյի հետ,"Աշխարհի ակումբային չեմպիոն Լոնդոնի «Չելսիի» ղեկավարությունը բանակցում է Լեւերկուզենի «Բայերի» եւ Մադրիդի «Ռեալի» նախկին գլխավոր մարզիչ Խաբի Ալոնսոյի հետ, հաղորդում է Sky-ը։Բանակցությունները դրական ընթացք ունեն։ Անգլիական թիմի  գլխավոր մարզիչի փոփոխությունը տեղի կունենա հունիսին՝ մինչեւ աշխարհի առաջնության մեկնարկը։«Չելսին» դիտարկում է նաեւ իսպանացի Անդոնի Իրաոլայի թեկնածությունը։Հետևեք NEWS.am SPORT-ին Facebook-ում, Twitter և Telegram-ում",Sport,https://sport.news.am/arm/news/166364/
Մ-17 ԵԱ. Վահե Հովեյանը՝ ոսկե մեդալակիր (տեսանյութ),"Բուլղարիայի Սամոկով քաղաքում անցկացվող հունահռոմեական ըմբշամարտի Եվրոպայի մինչեւ 17 տարեկանների առաջնությունում 80 կգ քաշային Վահե Հովեյանը նվաճեց ոսկե մեդալ։ Եզրափակչում Հայաստանի ներկայացուցիչւը 32 վայրկյանում հաղթեց հունգարացի Դոմինիկ Շիլագյիին։65 կգ քաշային Զավեն Մեժլումյանը եզրափակչում 3։6 հաշվով պարտվեց Ասլան Ձուևին ու կկանգնի պատվո հարթակի 2-րդ աստիճանին:55 կգ քաշային Գեղամ Եղիազարյանը նվաճեց բրոնզե մեդալ։Հայ ըմբիշը 3-3 հաշվով առավելության հասավ Կեվե Կովաչի նկատմամբ։Հետևեք NEWS.am SPORT-ին Facebook-ում, Twitter և Telegram-ում",Sport,https://sport.news.am/arm/news/166366/
ԱԱ-2026․ Շվեդիայի հավաքականի հայտացուցակը,"Ֆուտբոլի Շվեդիայի հավաքականը ներկայացրել է հայտացուցակը հունիս-հուլիսին ԱՄՆ-ում, Մեքսիկայում եւ Կանադայում անցկացվելի աշխարհի առաջնության համար։Դարպասապահներ․ Վիկտոր Յոհանսոն («Սթոք Սիթի»), Յակոբ Վիդել Զետերստրյոմ («Դերբի Քաունթի»), Քրիսթոֆեր Նորդֆելդտ (ԱԻԿ)։Պաշտպաններ․ Վիկտոր Լինդելյոֆ («Աստոն Վիլա»), Յալմար Էկդալ («Բարնլի»), Իսակ Հիեն («Ատալանտա»), Կառլ Ստարֆելտ («Սելտա»), Գաբրիել Գուդմունդսոն («Ֆիորենտինա»), Դանիել Սվենսոն («Բորուսիա Դորտմունդ»), Գուստաֆ Լագերբիլկե («Բրագա»), Էլիոտ Ստրաուդ («Միելբյու»), Էմիլ Հոլմ («Բոլոնիա»), Էրիկ Սմիթ («Սանկտ Պաուլի»)։Կիսապաշտպաններ․ Լուկաս Բերգվալ («Տոտենհեմ»), Յասին Այարի («Բրայթոն»), Մատիաս Սվանբերգ («Վոլֆսբուրգ»), Իեսպեր Կառլստրյոմ («Ուդինեզե»), Բեսֆորտ Զենելի («Յունիոն»), Քեն Սեմա («Պաֆոս»), Տահա Ալի («Մալմյո»), Ալեքսանդր Բերնհարդսոն («Հոլշտայն»)։Հարձակվողներ․ Վիկտոր Դյոկերեշ («Արսենալ»), Ալեքսանդր Իսակ («Լիվերպուլ»), Էնթոնի Էլանգա («Նյուքասլ»), Գուստաֆ Նիլսոն («Բրյուգե»), Բենիամին Նյուգրեն («Սելթիկ»)։Խմբային փուլում Շվեդիայի մրցակիցները կլինեն Թունիսը, Նիդերլանդները եւ Ճապոնիան։Հետևեք NEWS.am SPORT-ին Facebook-ում, Twitter և Telegram-ում",Sport,https://sport.news.am/arm/news/166367/
29 տարեկանում մահացել է NBA-ի թիմի բասկետբոլիստ Բրենդոն Քլարկը,"Մահացել է Բասկետբոլի ազգային ասոցիացիայի (NBA) «Մեմֆիս Գրիզլիզ» թիմի 29-ամյա հարձակվող Բրենդոն Քլարկը, հաղորդում է ակումբի մամուլի ծառայությունը։Կանադացի բասկետբոլիստի մահվան պատճառը չի նշվում։NBA-ում ամբողջ կարիերայի ընթացքում Բրենդոն Քլարկը հանդես է եկել «Մեմֆիս Գրիզլիզում»։Հետևեք NEWS.am SPORT-ին Facebook-ում, Twitter և Telegram-ում",Sport,https://sport.news.am/arm/news/166368/
«Նոա 11»-ը՝ Մ-15 տարեկանների Հայաստանի գավաթակիր,"ՀՀ ֆուտբոլի 2025-2026թթ. Մ-15 տարեկանների գավաթի եզրափակիչում հանդիպեցին «Սարդարապատ 11»-ը և «Նոա 11»-ը։Հանդիպումն ավարտվեց 2-3 հաշվով։ «Սարդարապատ 11»-ից դուբլ ձևակերպեց Մուշեղ Գալոյանը։ «Նոա 11»-ի քամբեքը գրանցեցին Լեոնարդ Սարգսյանը, Ալեքսանդր Երանոսյանը և Մանվել Հարությունյանը։ Մ-15 տարեկանների գավաթակիր դարձան Հովհաննես Բարբարյանի սաները, հաղորդում է ՀՖՖ-ի կայքը։Մ-15 տարեկանների գավաթի եզրափակիչՍարդարապատ ՖԱ-11 - Նոա-11՝ 2:3Մարզադաշտ՝ Արմավիր, Հ. Տոնոյանի անվ. Քաղաքային մարզադաշտԴավիթ ՄկրտչյանՄուշեղ Գալոյան 7, 47 - Լեոնարդ Սարգսյան 67, Ալեքսանդր Երանոսյան 70, Մանվել Հարությունյան 76, 11մՀետևեք NEWS.am SPORT-ին Facebook-ում, Twitter և Telegram-ում",Sport,https://sport.news.am/arm/news/166369/
ԱԱ-2026-ի ֆավորիտները,"ESPN-ը կազմել է հունիս-հուլիսին ԱՄՆ-ում, Մեքսիկայում եւ Կանադայում անցկացվելիք ֆուտբոլի աշխարհի առաջնության ֆավորիտների դասակարգումը։Առաջին տեղում է Եվրոպայի չեմպիոն Իսպանիան։ Աշխարհի փոխչեմպիոն Ֆրանսիայի հավաքականը երկրորդն է։ Աշխարհի չեմպիոն Արգենտինան եզրափակում է եռյակը։Հետևեք NEWS.am SPORT-ին Facebook-ում, Twitter և Telegram-ում",Sport,https://sport.news.am/arm/news/166370/
«Ռեալի» նախագահ․ Այս մրցաշրջանում մեզնից գողացել են 18 միավոր,"Լա Լիգայի այս մրցաշրջանում մրցավարական որոշումների հետեւանքով Մադրիդի «Ռեալից» գողացել են 18 միավոր։ Այդ մասին հայտարարել է Արքայական ակումբի նախագահ Ֆլորենտինո Պերեսը։«Ինչպե՞ս կարող եմ չբարկանալ։ Իմ օրոք «Ռեալը» նվաճել է Լա Լիգայի 7 տիտղոս, բայց պետք է ունենար 14 տիտղոս։ Ինձ զրկել են 7 տիտղոսից։ Այս մրցաշրջանում նրանք մեզնից գողացել են 18 միավոր։ «Ռեժիմի ինտելեկտուալները» մեզ վնաս են հասցնում։ABC թերթը պատկանում է մի ընկերության, որը ստեղծել է Relevo պարբերականը։ Լա Լիգայի հետ պայմանագրով նրանք կենտրոնացել են թվային թերթի թողարկման վրա։ Նրանց ֆինանսական կորուստը կազմել է 25 միլիոն եվրո, որը վճարել է Լա Լիգան։Relevo-ի միակ նպատակը «Ռեալի» վրա հարձակվելն է եւ ինձ թիրախավորելը»,- Պերեսի խոսքը մեջբերում է AS-ը։Իսպանիայի առաջնության 35 տուրից հետո «Ռեալը» 77 միավորով երկրորդն է։ Չեմպիոնի տիտղոսն ապահովել է «Բարսելոնան»՝ 91 միավոր։Հետևեք NEWS.am SPORT-ին Facebook-ում, Twitter և Telegram-ում",Sport,https://sport.news.am/arm/news/166371/
Մադրիդի «Աթլետիկոն» պարտության մատնեց «Օսասունային» (տեսանյութ),"Իսպանիայի առաջնության 36-րդ տուրում Մադրիդի «Աթլետիկոն» հյուրընկալվեց «Օսասունային» եւ հաղթեց 2:1 հաշվով։Արգենտինացի Դիեգո Սիմեոնեի գլխավորած թիմից աչքի ընկան նիգերիացի հարձակվող Ադեմոլա Լուկմանն ու նորվեգացի հարձակվող Ալեքսանդր Սյորլոտը։«Աթլետիկոն» 66 միավորով ապահովեց առնվազն չորրորդ տեղն ու Չեմպիոնների լիգայի ընդհանուր փուլի ուղեգիր։ «Օսասունան» 11-րդն է՝ 42 միավոր։Իսպանիայի առաջնություն, 36-րդ տուր«Օսասունա» - «Աթլետիկո Մադրիդ»՝ 1:2 (տեսանյութ)Էնրիկե Բարխա, 90+1 - Ադեմոլա Լուկման, 15, 11մ, Ալեքսանդր Սյորլոտ, 71Հեռացում՝ Մարկոս Լիորենտե («Աթլետիկո»), 79, երկրորդ դեղին քարտՀետևեք NEWS.am SPORT-ին Facebook-ում, Twitter և Telegram-ում",Sport,https://sport.news.am/arm/news/166372/
Օրվա հանդիպումների անոնս,"Ֆուտբոլի Անգլիայի, Իսպանիայի եւ Ֆրանսիայի առաջնություններում մայիսի 13-ին տեղի կունենան հերթական հանդիպումները։Իտալիայի գավաթի խաղարկությունում եզրափակիչի օրն է։Անգլիայի առաջնություն, 31-րդ տուրից տեղափոխված հանդիպում«Մանչեսթեր Սիթի» - «Քրիսթալ Փելաս»՝ 23:00 (Երեւանի ժամանակ)Իտալիայի գավաթ, եզրափակիչ«Լացիո» - «Ինտեր»՝ 23:00Իսպանիայի առաջնություն, 36-րդ տուր«Վիլյառեալ» - «Սեւիլիա»՝ 21:00«Էսպանյոլ» - «Աթլետիկ Բիլբաո»՝ 20:00«Խետաֆե» - «Մալյորկա»՝  23:30«Ալավես» - «Բարսելոնա»՝  23:30Ֆրանսիայի առաջնություն, 29-րդ տուրից տեղափոխված հանդիպումներ«Բրեստ» - «Ստրասբուրգ»՝  21:00«Լանս» - ՊՍԺ՝ 23:00Հետևեք NEWS.am SPORT-ին Facebook-ում, Twitter և Telegram-ում",Sport,https://sport.news.am/arm/news/166373/
"Դե լա Ֆուենտե՝ Յամալի, Ուիլյամսի եւ Մերինոյի վնասվածքների մասին","Ֆուտբոլի Եվրոպայի չեմպիոն Իսպանիայի հավաքականի գլխավոր մարզիչ Լուիս դե լա Ֆուենտեն հույս է հայտնել, որ վնասվածքներ ունեցող ֆուտբոլիստները կհասցնեն վերականգնվել եւ մասնակցել աշխարհի առաջնությանը։«Վնասվածքները ճնշում են ստեղծում։ Նույնիսկ աննշան վնասվածքները տեւական վերականգնում են պահանջում։ Նիկո Ուիլյամսի վնասվածքը թեթեւ է, բայց նա կվերադառնա մոտ մեկ ամսից։ Կարծում եմ՝ Լամին Յամալը, Նիկոն եւ Միկել Մերինոն հասանելի կլինեն աշխարհի առաջնության խմբային փուլում։ Չեմ սպասում, որ կլինեն լրացուցիչ խնդիրներ»,- Դե լա Ֆուենտեի խոսքը մեջբերում է Sport.es-ը։Խմբային փուլում Իսպանիայի մրցակիցները կլինեն Ուրուգվայը, Սաուդյան Արաբիան եւ Կաբո Վերդեն։Հետևեք NEWS.am SPORT-ին Facebook-ում, Twitter և Telegram-ում",Sport,https://sport.news.am/arm/news/166374/
NBA. «Սան Անտոնիոն» հաղթեց «Մինեսոտային» (տեսանյութ),"Բասկետբոլի ազգային ասոցիացիայի (NBA) առաջնությունում տեղի է ունեցել փլեյ-օֆֆի քառորդ եզրափակիչի մեկ հանդիպում։«Սան Անտոնիո Սփյորս» - «Մինեսոտա Թիմբերվուլվզ»՝ 112:103 (շարքի ընդհանուր հաշիվը՝ 3-2)NBA-ի գործող չեմպիոնը «Օկլահոմա Սիթի Թանդերն» է։Հետևեք NEWS.am SPORT-ին Facebook-ում, Twitter և Telegram-ում",Sport,https://sport.news.am/arm/news/166375/
Հռոմի «Մասթերս»․ Քառորդ եզրափակիչի զույգերը,"Հռոմում անցկացվող թենիսի «Մասթերս» մրցաշարում հայտնի են տղամարդկանց մենախաղի քառորդ եզրափակիչի զույգերը։Անդրեյ Ռուբլյով (Ռուսաստան, 12) - Յանիկ Սիներ (Իտալիա, 1)Կարեն Խաչանով (Ռուսաստան, 13) - Կասպեր Ռուդ (Նորվեգիա, 23)Դանիիլ Մեդվեդեւ (Ռուսաստան, 7) - Մարտին Լանդալուս (Իսպանիա, 94)Ռաֆայել Խոդար (Իսպանիա, 32) - Լուչանո Դարդերի (Իտալիա, 18)Հռոմի «Մասթերսի» մրցանակային հիմնադրամը 8,2 միլիոն եվրո է։Հետևեք NEWS.am SPORT-ին Facebook-ում, Twitter և Telegram-ում",Sport,https://sport.news.am/arm/news/166376/
Կասիլյասը՝ «Ռեալի» մասին․ Արդեն անհանգստանալու ժամանակն է,"Մադրիդի «Ռեալի» եւ Իսպանիայի հավաքականի նախկին դարպասապահ սոցիալական ցանցերում արած գրառմամբ անհանգստություն է հայտնել Արքայական ակումբի վերջին երկու տարիների մրցելույթների վերաբերյալ։«Երբ «Ռեալը» երկու մրցաշրջան չունի տիտղոս՝ արդեն անհանգստանալու ժամանակն է։ «Էլ Կլասիկոն» արդեն բարդ էր ակումբի համար մինչեւ հանդիպման մեկնարկը։ Արդեն հիմա պետք է նայել դեպի ապագա եւ մոռանալ ընթացիկ մրցաշրջանի մասին»,- գրել է Կասիլյասը։Լա Լիգայի 35-րդ տուրում «Բարսելոնան» տանը «Ռեալին» հաղթեց 2:0 հաշվով եւ երկրորդ տարին անընդմեջ նվաճեց տիտղոսը։Հետևեք NEWS.am SPORT-ին Facebook-ում, Twitter և Telegram-ում",Sport,https://sport.news.am/arm/news/166377/
1er Open International de Lecci. Հայկ Մարտիրոսյանը կիսում է առաջին տեղը,"Մայիսի 11-ից 17-ը Ֆրանսիայում անցկացվում է «1er Open International de Lecci» շախմատի միջազգային մրցաշարը:Հայաստանից մրցաշարի «A» խմբում մասնակցում են գրոսմայստերներ Հայկ Մարտիրոսյանը, Էմին Օհանյանը և Մամիկոն Ղարիբյանը:3 խաղափուլից հետո Հայկ Մարտիրոսյանը ունի 3 միավոր և կիսում է 1-2-րդ տեղերը, հաղորդում է ՀՇՖ-ի մամուլի ծառայությունը:Էմին Օհանյանը ունի 2 միավոր, Մամիկոն Ղարիբյանը՝ 1.5 միավոր:Հետևեք NEWS.am SPORT-ին Facebook-ում, Twitter և Telegram-ում",Sport,https://sport.news.am/arm/news/166378/
Ռոնալդու․ Երազանքը մոտ է,"Սաուդյան Արաբիայի «Ալ Նասրի» 41-ամյա պորտուգալացի հարձակվող Կրիշտիանու Ռոնալդուն երկրի առաջնությունում «Ալ Հիլյալի» հետ 1:1 հաշվով ոչ ոքի խաղալուց հետո մոտիվացնող գրառում է արել սոցիալական ցանցերում։«Երազանքը մոտ է։ Գլուխները բարձր, մնացել է կատարել եւս մեկ քայլ։Շնորհակալություն բոլորին հրաշալի աջակցության համար»,- գրել է Ռոնալդուն։Սաուդյան Արաբիայի առաջնության ավարտին մնացել է երկու տուր։ «Ալ Նասրը» 83 միավորով գլխավորում է մրցաշարային աղյուսակը եւ 5 միավորի առավելություն ունի երկրորդ տեղում գտնվող «Ալ Հիլյալի» նկատմամբ։Հետևեք NEWS.am SPORT-ին Facebook-ում, Twitter և Telegram-ում",Sport,https://sport.news.am/arm/news/166379/
Կիվու. Արժանիորեն նվաճեցինք չեմպիոնական տիտղոսը,"Իտալիայի նորընծա չեմպիոն Միլանի «Ինտերի» ռումինացի գլխավոր մարզիչ Կրիստիան Կիվուն հույս է հայտնել, որ կնվաճեն նաեւ Իտալիայի գավաթը Հռոմի «Լացիոյի» դեմ եզրափակիչում։«Մրցակիցը կունենա լրացուցիչ մոտիվացիա եզրափակիչում։ Մենք պետք է լինենք համեստ եւ պահպանենք ճիշտ տրամադրվածությունը։ Բայց մենք նաեւ պետք է հիշենք, որ արժանիորեն նվաճեցինք չեմպիոնական տիտղոսը եւ Իտալիայի գավաթի եզրափակիչում խաղալու իրավունքը։ Ցանկանում ենք այդ իրավունքը լավագույնս իրացնել եւ նվաճել նաեւ գավաթը»,- Կիվուի խոսքը մեջբերում է միլանյան ակումբի կայքը։Իտալիայի գավաթի եզրափակիչը տեղի կունենա մայիսի 13-ին եւ կմեկնարկի Երեւանի ժամանակով 23։00-ին։Հետևեք NEWS.am SPORT-ին Facebook-ում, Twitter և Telegram-ում",Sport,https://sport.news.am/arm/news/166380/
ՊՍԺ-ն պատրաստ է 150 միլիոն եվրո վճարել Խուլիան Ալվարեսի համար,"Ֆրանսիայի չեմպիոն եւ Չեմպիոնների լիգայի գավաթակիր ՊՍԺ-ն ցանկանում է այս ամռանը ձեռք բերել Մադրիդի «Աթլետիկոյի» հարձակվող Խուլիան Ալվարեսին։ Կողմերն արդեն սկսել են բանակցությունները, հաղորդում է El Chiringuito TV-ն։Փարիզյան ակումբը պատրաստ է 26-ամյա ֆուտբոլիստի տրանսֆերի համար վճարել 150 միլիոն եվրո։Խուլիան Ալվարեսի ծառայություններով հետաքրքրված են նաեւ «Բարսելոնան» եւ Լոնդոնի «Արսենալը»։Իսպանիայի ընթացիկ առաջնությունում Խուլիան Ալվարեսը մասնակցել է 29 հանդիպման, խփել է 8 գոլ։Հետևեք NEWS.am SPORT-ին Facebook-ում, Twitter և Telegram-ում",Sport,https://sport.news.am/arm/news/166381/
«Բավարիան» համաձայնության է հասել Նոյերի հետ,"Գերմանիայի չեմպիոն Մյունխենի «Բավարիան» համաձայնության է հասել թիմի գերմանացի դարպասապահ Մանուել Նոյերի հետ համագործակցության երկարաձգման հարցում, հաղորդում է Sky-ը։40-ամյա ֆուտբոլիստի նոր պայմանագիրը նախատեսված կլինի մինչեւ հաջորդ մրցաշրջանի ավարտը։ Նոյերի աշխատավարձը կկրճատվի։ Այժմ նա ստանում է տարեկան 20 միլիոն եվրո մինչեւ հարկերի վճարումը։Նոյերը «Բավարիայում» է հանդես գալիս 2011 թվականից։ Նա մյունխենյան թիմի հետ դարձել է Գերմանիայի 13-ակի չեմպիոն, Չեմպիոնների լիգայի կրկնակի գավաթակիր։Հետևեք NEWS.am SPORT-ին Facebook-ում, Twitter և Telegram-ում",Sport,https://sport.news.am/arm/news/166382/
Անչելոտին չի բացառել Նեյմարի մասնակցությունը ԱԱ-2026-ին,"Ֆուտբոլի Բրազիլիայի հավաքականի իտալացի գլխավոր մարզիչ Կառլո Անչելոտին չի բացառել բրազիլական «Սանթոսի» հարձակվող Նեյմարի մասնակցությունը հունիս-հուլին ԱՄՆ-ում, Կանադայում եւ Մեքսիկայում անցկացվելիք աշխարհի առաջնությանը։ Նեյմարն ընդգրկվել է Բրազիլիայի հավաքականի ընդլայնված կազմում։ 34-ամյա ֆուտբոլիստը 2023 թվականից հանդես չի եկել ազգային թիմում։«Նեյմարը մնում է իմ ծրագրերում, սակայն պետք է գնահատել նրա ֆիզիկական վիճակը։ Նա մեծ տաղանդ է, բայց պետք չէ դատել նրա տեխնիկայով՝ գնդակ ընդունելն ու փոխանցում կատարելը։ Նեյմարը պետք է լինի լավ ֆիզիկական վիճակում»,- Անչելոտիի խոսքը մեջբերում է AS-ը։Աշխարհի առաջնության խմբային փուլում Բրազիլիայի մրցակիցները կլինեն Մարոկկոն, Շոտլանդիան եւ Հայիթին։Հետևեք NEWS.am SPORT-ին Facebook-ում, Twitter և Telegram-ում",Sport,https://sport.news.am/arm/news/166383/
Լեւանդովսկին մոտ է «Բարսելոնայից» հեռանալուն,"Լեհ հարձակվող Ռոբերտ Լեւանդովսկին մոտ է Իսպանիայի չեմպիոն «Բարսելոնայից» հեռանալուն, քանի որ նոր պայմանագրի վերաբերյալ բանակցություններում առաջընթաց չկա, հաղորդում է x.com/FabrizioRomano-ն։37-ամյա ֆուտբոլիստն ամռանը կստանա ազատ գործակալի կարգավիճակ։ Նրան ֆինանսապես գրավիչ առաջարկներ ունեն սաուդյան եւ ամերիկյան ակումբներ։ Մի քանի իտալական եւ պորտուգալական ակումբներ եւս ցանկանում են ձեռք բերել Լեւանդովսկուն։Իսպանիայի ընթացիկ առաջնությունում Լեւանդովսկին մասնակցել է 28 հանդիպման, խփել է 13 գոլ։Հետևեք NEWS.am SPORT-ին Facebook-ում, Twitter և Telegram-ում",Sport,https://sport.news.am/arm/news/166384/
Մ-17 ԵԱ․ Ջանես Նազարյանը՝ ոսկե մեդալակիր (տեսանյութ),"Բուլղարիայի Սամոկով քաղաքում անցկացվող հունահռոմեական ըմբշամարտի Եվրոպայի մինչեւ 17 տարեկանների առաջնությունում 71 կգ քաշային Ջանես Նազարյանը նվաճեց հաղթողի կոչումը։Եզրափակիչում Հայաստանի ներկայացուցիչը 4։0 հաշվով հաղթեց վրացի Ռամազ Բասիլիային։Ամբողջ առաջնության ընթացքում Ջանես Նազարյանը ոչ մի միավոր տանուլ չի տվել մրցակիցներին, հաղորդում է ՀԸՖ-ի մամուլի ծառայությունը։45 կգ քաշային Վազգեն Վարդանյանը դարձավ բրոնզե մեդալակիր։Նա 6։1 հաշվով հաղթեց վրացի Լուկա Բոլկվաձեին։Հետևեք NEWS.am SPORT-ին Facebook-ում, Twitter և Telegram-ում",Sport,https://sport.news.am/arm/news/166386/
Լա Լիգա․ Մրցաշրջանի խորհրդանշական հավաքականը,"Իսպանական Լա Լիգան ներկայացրել է ավարտվող մրցաշրջանի խորհրդանշական հավաքականը։Դարպասապահ․ Ժոան Գարսիա («Բարսելոնա»)։Պաշտպաններ․ Կառլոս Ռոմերո («Էսպանյոլ»), Էրիկ Գարսիա («Բարսելոնա»), Սանտիագո Մոուրինյո («Վիլյառեալ»), Մարկոս Լիորենտե («Աթլետիկո»)։Կիսապաշտպաններ․ Պեդրի («Բարսելոնա»), Օրելիեն Տչուամենի («Ռեալ Մադրիդ»), Ֆեդերիկո Վալվերդե («Ռեալ»)։Հարձակվողներ․ Կիլիան Մբապե («Ռեալ»), Վեդատ Մուրիկի («Մալյորկա»), Լամին Յամալ («Բարսելոնա»)։«Բարսելոնան» վաստակել է 91 միավոր եւ առաջնության ավարտից երեք տուր առաջ ապահովել է չեմպիոնական տիտղոսը։ 77 միավոր վաստակած «Ռեալը» երկրորդն է։Հետևեք NEWS.am SPORT-ին Facebook-ում, Twitter և Telegram-ում",Sport,https://sport.news.am/arm/news/166387/
Հայաստանի գավաթ․ Եզրափակիչը կսպասարկեն բելգիացի մրցավարներ,"Մայիսի 14-ին Երևանի «Հանրապետական» ստադիոնում կկայանա Հայաստանի Գավաթի եզրափակիչ հանդիպումը։Գավաթի համար կպայքարեն «Նոան» և «Ուրարտուն»։Հանդիպումը կսպասարկի բելգիական մրցավարական անձնակազմը։ Մրցավարը Էրիկ Լամբրեխտսն է, նրա օգնականներն են Մաթիաս Հիլարտն ու Ջոկ Դե Վեիրդտը, հաղորդում է ՀՖՖ-ի կայքը։Հայաստանի Գավաթի եզրափակիչը կմեկնարկի 19:00-ին։ Մուտքն ազատ է։Հետևեք NEWS.am SPORT-ին Facebook-ում, Twitter և Telegram-ում",Sport,https://sport.news.am/arm/news/166388/
Իտալիայի գավաթի եզրափակիչ․ «Ինտերի» մեկնարկային կազմը,"Իտալիայի գավաթի խաղարկության եզրափակիչում երկրի նորընծա չեմպիոն «Ինտերը» կմրցի Հռոմի «Լացիոյի» հետ։ Միլանյան թիմի ռումինացի գլխավոր մարզիչ Կրիստիան Կիվուն հրապարակել է մեկնարկային կազմը՝ Հայաստանի հավաքականի նախկին ավագ, 37-ամյա կիսապաշտպան Հենրիխ Մխիթարյանը մնացել է պահեստայինների թվում։«Ինտեր»․ Մարտինես, Բիսեկ, Ականջի, Բաստոնի, Դյումֆրիս, Բարելա, Զելինսկի, Սուչիչ, Դիմարկո, Տյուրամ, Լաուտարո Մարտինես։Հանդիպումը կմեկնարկի Երեւանի ժամանակով 23:00-ին։I nostri in campo per #LazioInter Forza ragazzi @play_eFootball pic.twitter.com/SUWgGFRBPg

Հետևեք NEWS.am SPORT-ին Facebook-ում, Twitter և Telegram-ում",Sport,https://sport.news.am/arm/news/166389/
ՊՍԺ-ն ցանկանում է ձեռք բերել Ֆեդերիկո Վալվերդեին,"Ֆրանսիայի չեմպիոն եւ Չեմպիոնների լիգայի գավաթակիր ՊՍԺ-ն ցանկանում է ձեռք բերել Իսպանիայի փոխչեմպիոն Մադրիդի «Ռեալի» ուրուգվայցի կիսապաշտպան Ֆեդերիկո Վալվերդեին, հաղորդում է El Chiringuito-ն։ Փարիզյան ակումբն արդեն բանակցում է Վալվերդեի ներկայացուցիչների հետ։Իսպանիայի ընթացիկ առաջնությունում Վալվերդեն մասնակցել է 32 հանդիպման, խփել է 5 գոլ, կատարել 8 գոլային փոխանցում։Transfermarkt-ը 27-ամյա ֆուտբոլիստի տրանսֆերային արժեքը գնահատում է 120 միլիոն եվրո։Հետևեք NEWS.am SPORT-ին Facebook-ում, Twitter և Telegram-ում",Sport,https://sport.news.am/arm/news/166390/
«Մասթերս»․ Կարեն Խաչանովը պարտվեց քառորդ եզրափակիչում,"Աշխարհի 15-րդ ռակետ, ռուսաստանցի Կարեն Խաչանովը չկարողացավ դուրս գալ Հռոմի «Մասթերս» մրցաշարի կիսաեզրափակիչ։ Հայ թենիսիստը մրցեց աշխարհի 25-րդ ռակետ, նորվեգացի Կասպեր Ռուդի հետ եւ պարտվեց 1:6, 6:1, 2:6 հաշվով։ Մրցախաղը տեւեց 4 ժամ եւ 3 րոպե՝ ներառյալ անձրեւի պատճառով մոտ 1,5 ժամ տեւած դադարը։Կիսաեզրափակիչում Կասպեր Ռուդի մրցակիցը կլինի իսպանացի Ռաֆայել Խոդարի եւ իտալացի Լուչանո Դարդերիի դիմակայության հաղթողը։Հռոմի «Մասթերսի» մրցանակային հիմնադրամը 8,2 միլիոն եվրո է։Հետևեք NEWS.am SPORT-ին Facebook-ում, Twitter և Telegram-ում",Sport,https://sport.news.am/arm/news/166391/
«Մանչեսթեր Սիթին» պարտության մատնեց «Քրիսթալ Փելասին» (տեսանյութ),"Անգլիայի Պրեմիեր լիգայի առաջնության 31-րդ տուրից տեղափոխված խաղում «Մանչեսթեր Սիթին» տանը մրցեց լոնդոնյան «Քրիսթալ Փելասի» հետ։Կատալոնացի Խոսեպ Գվարդիոլայի գլխավորած թիմը հաղթեց 3:0 հաշվով։36 խաղից հետո «Մանչեսթեր Սիթին» 77 միավորով երկրորդն է եւ առաջատար «Արսենալից» հետ է 2 միավոր։Անգլիայի առաջնություն, 31-րդ տուր«Մանչեսթեր Սիթի» - «Քրիսթալ Փելաս»՝ 3:0 (տեսանյութ)Անտուան Սեմենյո, 32, Օմար Մարմուշ, 40, Սավիո, 84Հետևեք NEWS.am SPORT-ին Facebook-ում, Twitter և Telegram-ում",Sport,https://sport.news.am/arm/news/166392/
«Ինտերն»՝ Իտալիայի գավաթակիր (տեսանյութ),"Միլանի «Ինտերը» ռումինացի գլխավոր մարզիչ Կրիստիան Կիվուի ղեկավարությամբ նվաճեց Իտալիայի գավաթը։Հռոմի Օլիմպիական ստադիոնում տեղի ունեցած եզրափակիչում երկրի նորընծա չեմպիոնները 2:0 հաշվով հաղթեցին Հռոմի «Լացիոյին» (տեսանյութ)։14-րդ րոպեին սեփական դարպասը գրավեց «Լացիոյի» չեռնոգորիացի պաշտպան Ադամ Մարուշիչը։35-րդ րոպեին «Ինտերի» առավելությունը կրկնապատկեց աշխարհի չեմպիոն Արգենտինայի հավաքականի հարձակվող Լաուտարո Մարտինեսը։Հայաստանի հավաքականի նախկին ավագ, 37-ամյա կիսապաշտպան Հենրիխ Մխիթարյանն «Ինտերի» պահեստայինների թվում էր եւ փոխարինման դուրս եկավ 68-րդ րոպեին։«Ինտերը» 10-րդ անգամ նվաճեց երկրի գավաթը։Հենրիխ Մխիթարյանն «Ինտերի» կազմում երկրորդ անգամ դարձավ Իտալիայի գավաթակիր։Campionato Coppa Italia pic.twitter.com/7YG8dnJHMe

LA DECIMA COPPA ITALIA Goditi la festa insieme a noi: segui la live Clicca qui https://t.co/G9dmukLhLb pic.twitter.com/7pMl5bJLae

Հետևեք NEWS.am SPORT-ին Facebook-ում, Twitter և Telegram-ում",Sport,https://sport.news.am/arm/news/166393/
ՊՍԺ-ն պաշտպանեց Ֆրանսիայի չեմպիոնի տիտղոսը (տեսանյութ),"ՊՍԺ-ն պաշտպանեց Ֆրանսիայի չեմպիոնի տիտղոսը։ 29-րդ տուրից տեղափոխված խաղում փարիզյան թիմը հյուրընկալվեց մրցաշարային աղյուսակում մոտակա հետապնդող «Լանսին» եւ առավելության հասավ 2:0 հաշվով։29-րդ րոպեին ֆրանսիացի հարձակվող Ուսման Դեմբելեի փոխանցումից հետո աչքի ընկավ վրացի հարձակվող Խվիչա Կվարացխելիան (տեսանյութ)։Ավելացված չորրորդ րոպեին աչքի ընկավ սենեգալցի հարձակվող Իբրահիմ Մբայեն։Առաջնության ավարտից մեկ տուր առաջ ՊՍԺ-ն ունի 76 միավոր։ «Լանսը» 67 միավորով երկրորդն է։ՊՍԺ-ն 14-րդ անգամ հռչակվեց երկրի չեմպիոն։Հետևեք NEWS.am SPORT-ին Facebook-ում, Twitter և Telegram-ում",Sport,https://sport.news.am/arm/news/166394/
«Բարսելոնայի» սենսացիոն պարտությունը (տեսանյութ),"Լա Լիգայի անցած տուրում չեմպիոնի տիտղոսը նվաճած «Բարսելոնան» 36-րդ տուրում հյուրընկալվեց «Ալավեսին» եւ պարտվեց 0:1 հաշվով։Առաջին խաղակեսի ավելացված առաջին րոպեին կատալոնական թիմի դարպասը գրավեց կոտդիվուարցի հարձակվող Իբրահիմ Դիաբատեն։«Բարսելոնան» ունի 91 միավոր, «Ալավեսը» 48 միավորով 7-րդն է։Հետևեք NEWS.am SPORT-ին Facebook-ում, Twitter և Telegram-ում",Sport,https://sport.news.am/arm/news/166395/
«Ինտերը» 16 տարում առաջին անգամ հասավ ոսկե դուբլի,"«Ինտերը» երկրորդ տիտղոսը նվաճեց այս մրցաշրջանում՝ Իտալիայի գավաթի խաղարկության եզրափակիչում հաղթելով Հռոմի «Լացիոյին» (2:0)։Մինչեւ այդ միլանյան թիմը ռումինացի Կրիստիան Կիվուի գլխավորությամբ նվաճել էր նաեւ Իտալիայի չեմպիոնի տիտղոսը։ Նախորդ անգամ «Ինտերը» 2010 թվականին էր հասել ոսկե դուբլի։Հայաստանի հավաքականի նախկին ավագ, 37-ամյա կիսապաշտպան Հենրիխ Մխիթարյանը երկրորդ անգամ դարձավ Իտալիայի գավաթակիր։Հետևեք NEWS.am SPORT-ին Facebook-ում, Twitter և Telegram-ում",Sport,https://sport.news.am/arm/news/166396/
"Մեսիի դուբլը, «Ինտեր Մայամիի» հաղթանակը (տեսանյութ)","ՄԼՍ-ի կանոնավոր առաջնությունում չեմպիոն «Ինտեր Մայամին» հյուրընկալվեց «Ցինցինատիին» եւ առավելության հասավ 5:3 հաշվով։Հյուրերից դուբլի հեղինակ դարձավ աշխարհի չեմպիոն Արգենտինայի հավաքականի հարձակվող Լիոնել Մեսին, որն աչքի ընկավ 24-րդ եւ 55-րդ րոպեներին։ Նրա եւս մեկ հարվածից հետո գրանցվեց ինքնագոլ «Ցինցինատիի» դարպասապահ Ռոման Չելենտանոյի կողմից։Մեսին պրոֆեսիոնալ կարիերայում գոլերի քանակը հասցրեց 909-ի։«Ինտեր Մայամին» Արեւելյան կոնֆերենցիայում 13 խաղից հետո 25 միավորով երկրորդն է։Հետևեք NEWS.am SPORT-ին Facebook-ում, Twitter և Telegram-ում",Sport,https://sport.news.am/arm/news/166397/
"«Ինտերի» ֆուտբոլիստների ցնծությունը հանդերձարանում, Մխիթարյանն՝ Իտալիայի գավաթով 
(ֆոտո, վիդեո)","Իտալիայի չեմպիոն «Ինտերի» մամուլի ծառայությունը տեսանյութեր եւ լուսանկարներ է ներկայացրել է թիմի հանդերձարանից Իտալիայի գավաթը նվաճելուց հետո։Հռոմի Օլիմպիական ստադիոնում տեղի ունեցած եզրափակիչում «Ինտերը» 2:0 հաշվով ահղթել է Հռոմի «Լացիոյին»՝ դառնալով Իտալիայի 10-ակի գավաթակիր։Հայաստանի հավաքականի նախկին ավագ, 37-ամյա կիսապաշտպան Հենրիխ Մխիթարյանն «Ինտերի» հետ երկրորդ անգամ դարձավ Իտալիայի գավաթակիր։Հետևեք NEWS.am SPORT-ին Facebook-ում, Twitter և Telegram-ում",Sport,https://sport.news.am/arm/news/166399/
Թիկնիզյանը «Ցրվենա Զվեզդայի» հետ դարձավ Սերբիայի գավաթակիր (տեսանյութ),"Հայաստանի հավաքականի եզրային պաշտպան Նաիր Թիկնիզյանը Բելգրադի «Ցրվենա Զվեզդայի» կազմում դարձավ Սերբիայի գավաթակիր։Եզրափակիչում «Ցրվենա Զվեզդան» հետխաղային 11-մետրանոցներով հաղթել է «Վոյվոդինային»՝ 5:4։Հիմնական եւ լրացուցիչ ժամանակն ավարտվել էր ոչ ոքի՝ 2:2:Նաիր Թիկնիզյանը մասնակցել է ամբողջ հանդիպմանը, զգուշացվել է դեղին քարտով։Նա երկրորդ տիտղոսը նվաճեց Սերբիայում։ «Ցրվենա Զվեզդան» այս մրցաշրջանում նվաճել է նաեւ երկրի չեմպիոնի կոչումը։Հետևեք NEWS.am SPORT-ին Facebook-ում, Twitter և Telegram-ում",Sport,https://sport.news.am/arm/news/166400/
Կիվու․ Երջանիկ ենք եւ շատ գոհ մեր նվաճումներից,"Իտալիայի չեմպիոն Միլանի «Ինտերի» ռումինացի գլխավոր մարզիչ Կրիստիան Կիվուն մեկնաբանել է 2:0 հաշվով հաղթանակը Հռոմի «Լացիոյի» նկատմամբ Իտալիայի գավաթի խաղարկության եզրափակիչում։«Այս մրցաշրջանում «Ինտերը» նվաճեց երկու տիտղոս, եւ մենք արժանի ենք դրան։ Մենք երջանիկ ենք եւ շատ գոհ մեր նվաճումներից եւ այս տարիներին անցած ուղուց։Նաեւ ուրախ ենք երկրպագուների եւ ակումբի համար, որը միշտ մեզ աջակցել է։ Պատրաստվում ենք վայելել մեր տիտղոսները։ Հաղթանակը Իտալիայի առաջնությունում եւ գավաթի խաղարկությունում երբեք հեշտ չի լինում»,- Կիվուի խոսքը մեջբերում է միլանյան ակումբի կայքը։«Ինտերը» 10-րդ անգամ նվաճեց Իտալիայի գավաթը։Հայաստանի հավաքականի նախկին ավագ, 37-ամյա կիսապաշտպան Հենրիխ Մխիթարյանն «Ինտերի» հետ դարձավ Իտալիայի կրկնակի չեմպիոն եւ կրկնակի գավաթակիր։Հետևեք NEWS.am SPORT-ին Facebook-ում, Twitter և Telegram-ում",Sport,https://sport.news.am/arm/news/166401/
Արսեն Հարությունյանը կգոտեմարտի RAF-ում,"Ազատ ոճի ըմբշամարտի Եվրոպայի քառակի չեմպիոն, աշխարհի քառակի բրոնզե մեդալակիր Արսեն Հարությունյանը հանդես կգա պրոֆեսիոնալ ըմբշամարտի ամերիկյան RAF լիգայի մրցաշարում, որը տեղի կունենա հունիսի 13-ին ԱՄՆ-ի Սենթ Լուիս քաղաքում։ Նրա մրցակիցը կլինի Փարիզի Օլիմպիական խաղերի չեմպիոն, ճապոնացի Ռեյ Հիգուչին։Նույն մրցաշարում հանդես կգա նաեւ խառը մենամարտերի թեթեւ քաշային կարգում (70 կգ) UFC դասակարգման երկրորդ համար Արման Ծառուկյանը (Հայաստան): Նրա մրցակիցը կլինի  UFC-ի լեգենդ Թոնի Ֆերգյուսոնը։Հետևեք NEWS.am SPORT-ին Facebook-ում, Twitter և Telegram-ում",Sport,https://sport.news.am/arm/news/166402/
«Ռեալը» հայտարարեց վաղաժամկետ նախագահական ընտրության մասին,"Իսպանիայի փոխչեմպիոն Մադրիդի «Ռեալը» հայտարարեց ակումբի նախագահի եւ տնօրենների խորհրդի վաղաժամկետ ընտրության մասին։Թեկնածուների առաջադրումը կտեւի մինչեւ մայիսի 23-ը։Երկու եւ ավելի թեկնածուների առաջադրման դեպքում կհայտարարվի ընտրության օրն ու վայրը։Ակումբի նախագահ Ֆլորենտինո Պերեսը վերընտրվել էր անցած տարի։ Նրա պաշտոնավարման ժամկետը պետք է ավարտվի 2029 թվականին։Հետևեք NEWS.am SPORT-ին Facebook-ում, Twitter և Telegram-ում",Sport,https://sport.news.am/arm/news/166403/
Խաչանով. Մրցախաղի հաշիվը չի արտացոլում իրական պատկերը,"Աշխարհի 15-րդ ռակետ, ռուսաստանցի Կարեն Խաչանովը մեկնաբանել է Հռոմի «Մասթերս» մրցաշարի քառորդ եզրափակիչում աշխարհի 25-րդ ռակետ, նորվեգացի Կասպեր Ռուդից կրած պարտությունը:«Մրցախաղում տարօրինակ դինամիկա կար։ Տպավորություն էր, որ հաշիվը չի արտացոլում իրական պատկերը։ Ես զգում էի, որ մենք, իսկապես, բարձր մակարդակի թենիս ենք խաղում, բայց յուրաքանչյուր մրցափուլի սկզբում ինչ-որ մեկն առավելություն էր ստանում, որը մեծ տարբերություն էր ստեղծում։ Իրականում հաշիվը շատ տարօրինակ էր։ Այն չէր արտացոլում խաղի ընթացքը»,- «БОЛЬШЕ!»-ին տված հարցազրույցում ասել է Խաչանովը։Հայ թենիսիստը աշխարհի 25-րդ ռակետ Ռուդին պարտվել է 1:6, 6:1, 2:6 հաշվով։ Մրցախաղը տեւել է 4 ժամ եւ 3 րոպե՝ ներառյալ անձրեւի պատճառով մոտ 1,5 ժամ տեւած դադարը։Կիսաեզրափակիչում Կասպեր Ռուդի մրցակիցը կլինի իսպանացի Ռաֆայել Խոդարի եւ իտալացի Լուչանո Դարդերիի դիմակայության հաղթողը։Հռոմի «Մասթերսի» մրցանակային հիմնադրամը 8,2 միլիոն եվրո է։Հետևեք NEWS.am SPORT-ին Facebook-ում, Twitter և Telegram-ում",Sport,https://sport.news.am/arm/news/166404/
Մ-17 ԵԱ. Հունահռոմեական ոճի ըմբշամարտի Հայաստանի հավաքականը երկրորդն է,"Հունահռոմեական ոճի ըմբշամարտի Հայաստանի Մ-17 հավաքականը Բուլղարիայի Սամոկով քաղաքում ավարտված Եվրոպայի մինչեւ 17 տարեկանների առաջնության թիմային հաշվարկում գրավել է 2-րդ տեղը։Գագիկ Խաչատրյանի գլխավորած թիմը Եվրոպայի Մ-17 առաջնությունում նվաճել է 2 ոսկե, 2 արծաթե եւ 3 բրոնզե մեդալներ:Ոսկե մեդալներ են նվաճել Ջանես Նազարյանը (71 կգ) եւ Վահե Հովեյանը (80 կգ):  71 կգ քաշային Ջանես Նազարյանը եզրափակիչում 4։0 հաշվով հաղթել է վրացի Ռամազ Բասիլիային։ 80 կգ քաշային Վահե Հովեյանը եզրափակչում 32 վայրկյանում հաղթել է հունգարացի Դոմինիկ Շիլագյիին: Արծաթե մեդալակիրներ են դարձել 65 կգ քաշային Զավեն Մեժլումյանը եւ 92 կգ քաշային Ալեքսան Շալջյանը:Բրոզնե մեդալներ են նվաճել Արարատ Ավետիսյանը (48 կգ), Գեղամ Եղիազարյանը (55 կգ) եւ Վազգեն Վարդանյանը (45 կգ):Հետևեք NEWS.am SPORT-ին Facebook-ում, Twitter և Telegram-ում",Sport,https://sport.news.am/arm/news/166405/
Պրեմիեր լիգայի լավագույն խաղացողի մրցանակի հավակնորդները,"Անգլիայի Պրեմիեր լիգան հրապարակել է անցած մրցաշրջանի լավագույն խաղացողի մրցանակի հավակնորդների ցուցակը:Բրունու Ֆերնանդեշ («Մանչեսթեր Յունայթեդ») Գաբրիել Մագալյանս («Արսենալ») Մորգան Գիբս-Ուայթ («Նոթինգեմ Ֆորեստ») Էրլինգ Հոլանդ («Մանչեսթեր Սիթի») Դավիդ Ռայա («Արսենալ») Դեքլան Ռայս («Արսենալ») Անտուան Սեմենյո («Մանչեսթեր Սիթի») Իգոր Տիագո («Բրենթֆորդ»)Դափնեկիրը հայտնի կդառնա մայիսի 18-ին։ Նախորդ մրցաշրջանում Պրեմիեր լիգայի լավագույն ֆուտբոլիստ էր ճանաչվել «Լիվերպուլի» եգիպտացի հարձակվող Մոհամեդ Սալահը։Հետևեք NEWS.am SPORT-ին Facebook-ում, Twitter և Telegram-ում",Sport,https://sport.news.am/arm/news/166406/
«Մանչեսթեր Յունայթեդի» նոր համազգեստը (ֆոտո),"Անգլիական «Մանչեսթեր Յունայթեդը» ներկայացրել է նոր համազգեստը, որով հաջորդ մրցաշրջանում կանցկացնի տնային հանդիպումները։Նոր համազգեստը նվիրված է 1977 թ. Անգլիայի գավաթում տարած հաղթանակին՝ ի պատիվ այդ պատմական իրադարձության 50-ամյակի:Անգլիական ակումբի տեխնիկական գործընկերը Adidas ընկերությունն է։Անգլիայի Պրեմիեր լիգայի մրցաշարային աղյուսակում «Մանչեսթեր Յունայթեդը» երրորդն է եւ արդեն ապահովել է մասնակցությունը Չեմպիոնների լիգայում:Հետևեք NEWS.am SPORT-ին Facebook-ում, Twitter և Telegram-ում",Sport,https://sport.news.am/arm/news/166407/
Պրեմիեր լիգա. Մեկնարկում է նախավերջին տուրը,"Ֆուտբոլի Անգլիայի Պրեմիեր լիգայի առաջնությունում մայիսի 15–ին «Աստոն Վիլա» - «Լիվերպուլ» մրցախաղով կմեկնարկի նախավերջին տուրը։Անգլիայի առաջնություն, 37-րդ տուր«Աստոն Վիլա» - «Լիվերպուլ»՝ 23։00Մայիսի 17«Մանչեսթեր Յունայթեդ» - «Նոթինգեմ Ֆորեսթ»՝ 15։30«Բրենթֆորդ» - «Քրիսթալ Փելաս»՝ 18։00«Էվերտոն» - «Սանդերլենդ»՝ 18։00«Լիդս Յունայթեդ» - «Բրայթոն»՝ 18։00«Վուլվերհեմփթոն» - «Ֆուլհեմ»՝ 18։00«Նյուքասլ Յունայթեդ» - «Վեստ Հեմ»՝ 20։30Մայիսի 18«Արսենալ» - «Բարնլի»՝ 23։00Մայիսի 19«Բորնմուտ» - «Մանչեսթեր Սիթի»՝ 22։30«Չելսի» - «Տոտենհեմ»՝ 23։15Հետևեք NEWS.am SPORT-ին Facebook-ում, Twitter և Telegram-ում",Sport,https://sport.news.am/arm/news/166408/
Հայ բռնցքամարտիկները մասնակցում են Լիտվայի եւ Սերբիայի միջազգային մրցաշարերին,"Հայ բռնցքամարտիկներն այս օրերին Լիտվայում եւ Սերբիայում միառժամանակ մասնակցում երկու տարբեր միջազգային մրցաշարերի: Այս մասին հաղորդում է Հայաստանի բռնցքամարտի ֆեդերացիան:Լիտվայի Կաունա քաղաքում անցկացվող Ալգիրդոս Շոչիկոյի անվան միջազգային մրցաշարին Հայաստանը կունենա 6 մասնակից: Միջազգային մրցաշարում հանդես է գալիս 13 երկիր:Վլադիմիր Մարկարյանի եւ Գարիկ Բաղդասարյանի գլխավորությամբ Շոչիկոյի անվան մրցաշարում ռինգ դուրս կգան Ռուբեն Գարբոյանը (50 կգ), Ռուսլան Ասլիկյանը (55 կգ), Արթուր Մկրտչյանը (65 կգ), Յուրա Բաբլումյանը (70 կգ), Ալիկ Հովհաննիսյանը (80կգ) եւ Դավիթ Սիմոնյանը (90 կգ):Հայաստանի թիմի եւս 6 բռնցքամարտիկ նույն ժամանակահատվածում մասնակցում է Սերբիայի մայրաքաղաք Բելգրադում անցկացվող միջազգային մրցաշարին: Խաչիկ Խաչատրյանի եւ Անդրանիկ Գրիգորյանի գլխավորությամբ մրցաշարում հանդես կգան Վաղարշակ Քեյանը (55 կգ), Անդրանիկ Մարտիրոսյանը եւ Արգիշտի Հակոբյանը (երկուսն էլ՝ 65 կգ), Էրիկ Առստամյանը (60 կգ), Մարատ Միքայելյանը (75 կգ) եւ Ռաֆայել Հովհաննիսյանը(85 կգ):Բելգրադի հեղինակավոր մրցաշարին մասնակցում է 24 երկրի թիմեր, այդ թվում՝ աշխարհի ու օլիմպիական չեմպիոններ, մրցանակակիրներ:Հետևեք NEWS.am SPORT-ին Facebook-ում, Twitter և Telegram-ում",Sport,https://sport.news.am/arm/news/166409/
"Ակադեմիաների սաների վաճառքից ամենաշատ եկամուտ ստացած ֆուտբոլային ակումբների 
տասնյակը","CIES Football Observatory-ն ներկայացրել է վերջին 10 տարիներին սեփական ակադեմիաների սաների վաճառքից ամենաշատ եկամուտ ստացած ակումբների տասնյակը:Ցանկը գլխավորում է պորտուգալական «Բենֆիկան», որը 38 ֆուտբոլիստի վաճառքից վաստակել է 589 միլիոն եվրո:Հետևեք NEWS.am SPORT-ին Facebook-ում, Twitter և Telegram-ում",Sport,https://sport.news.am/arm/news/166410/
Պրեմիեր լիգայի լավագույն մարզիչի մրցանակի հավակնորդները,"Անգլիայի Պրեմիեր լիգան հրապարակել է 2025-2026 մրցաշրջանի լավագույն մարզիչի մրցանակի հավակնորդների ցուցակը:Քիթ Էնդրյուս  («Բրենթֆորդ») Միկել Արտետա («Արսենալ»)Մայքլ Քերիկ («Մանչեսթեր Յունայթեդ»)Խոսեպ Գվարդիոլա («Մանչեսթեր Սիթի»)Անդոնի Իրաոլա («Բորնմուտ»)Ռեժիս Լե Բրի («Սանդերլենդ»)Պրեմիեր լիգայում մրցաշարային աղյուսակը գլխավորում է Անգլիայի փոխչեմպիոն Լոնդոնի «Արսենալը»՝ 79 միավոր: Երկրորդ տեղում «Մանչեսթեր Սիթին» է՝ 74 միավոր: Լավագույն եռյակը եզրափակում է «Մանչեսթեր Յունայթեդը»՝ 65 միավոր:Հետևեք NEWS.am SPORT-ին Facebook-ում, Twitter և Telegram-ում",Sport,https://sport.news.am/arm/news/166411/
Ծանրամարտի Հայաստանի պատանեկան առաջնության հաղթողները,"Երեւանի Օլիմպիական հերթափոխի պետական մարզական քոլեջի դահլիճում տեղի է ունեցել ծանրամարտի Հայաստանի պատանեկան առաջնությունը, որին մասնակցում էր 180-ից ավել մարզիկներ Երեւանից եւ Հայաստանի մի շարք մարզերից:Երեք մրցումային օրերի արդյունքներով հայտնի են դարձել 2026 թ. Հայաստանի չեմպիոնները:Մինչեւ 15 տարեկաններ տղաների պայքարում չեմպիոններ են դարձել՝52 կգ` Դավիթ Ավետիսյան (Գյումրի, երկամարտ` 155 կգ)56 կգ՝ Գրիգոր Աղավելյան (Արարատ, 187 կգ)60 կգ`Սամվել Ադիբեկյան (ԵՕՀՊՄՔ, 207 կգ)65 կգ՝ Ավիկ Մելքոնյան (Գյումրի, 199 կգ)71 կգ`Հայկ Մովսիսյան (Վաղարշապատ, 261 կգ)79 կգ՝ Զոհրաբ Սարիբեկյան (ԵՕՀՊՄՔ, 209 կգ)88 կգ`Մելիք Շարոյան (Զրառատ, 234 կգ)+88 կգ` Ֆրունզե Ներսիսյան (Վաղարշապատ, 235 կգ)Պատանիներ՝ 56 կգ՝ Վարդան Բեգյան (Աբովյան, երկամարտ` 176 կգ)60 կգ` Արթուր Պետրոսյան (ԵՕՀՊՄՔ, 230 կգ)65 կգ` Մյասնիկ Կարապետյան (Արարատ, 241 կգ)71 կգ`Ասատուր Խաչատրյան (Վեդի, 259 կգ)79 կգ`Սուրեն Հակոբյան (Վեդի, 264 կգ)88 կգ՝ Հարություն Ավետիսյան (Գյումրի, 306 կգ)94 կգ` Ալեն Զուրաբյան (ԵՕՀՊՄՔ, 303 կգ)+94 կգ՝ Էրիկ Սիմոնյան (Գյումրի, 303 կգ):Մինչեւ 15 տարեկանների աղջիկների պայքարում հաղթողներ են դարձել՝ 40 կգ` Եվա Աբրահամյան (Քաջարան, երկամարտ՝ 82 կգ),44 կգ` Զեփյուռ Ղազարյան (Գեղակերտ, 101 կգ),48 կգ` Սոֆի Ավագյան (Երեւան, 75 կգ),53 կգ` Սուսաննա Սահակյան (Զրառատ, 96 կգ),58 կգ` Լիանա Ստեփանյան (ԵՕՀՊՄՔ, 137 կգ),63 կգ` Անահիտ Սերոբյան (Վանաձոր, 115),+69 կգ` Նարե Առաքելյան (Արարատ, 166 կգ):Պատանիներ՝44 կգ` Քրիստինե Բաբայան (Արարատ, երկամարտ՝ 113 կգ)48 կգ՝ Օֆելյա Հովհաննիսյան (Գյումրի, 104 կգ)53 կգ՝  Արաքսյա Սիրականյան (Գյումրի, 133 կգ)58 կգ՝ Միլենա Ավանեսյան (Գեղակերտ, 150 կգ)63 կգ՝ Նատալյա Սարգսյան (Գյումրի, 178 կգ)69 կգ՝ Ակսանա Թորոսյան (Գյումրի, 149 կգ)+77կգ՝ Մերի Աղալարյան (Զրառատ, 178 կգ):Հետևեք NEWS.am SPORT-ին Facebook-ում, Twitter և Telegram-ում",Sport,https://sport.news.am/arm/news/166412/
Հայաստանի գավաթի եզրափակիչ․ «Ուրարտու» - «Նոա»՝ ուղիղ,"Ֆուտբոլի Հայաստանի չեմպիոն, գավաթակիր, սուպերգավաթակիր «Նոան» ու «Ուրարտուն» Հայաստանի գավաթի խաղարկության եզրափակիչում կվիճարկեն տիտղոսը։ՀՖՖ-ն ներկայացնում է ուղիղ հեռարձակում Երեւանի Վազգեն Սարգսյանի անվան «Հանրապետական» ստադիոնից։Հետևեք NEWS.am SPORT-ին Facebook-ում, Twitter և Telegram-ում",Sport,https://sport.news.am/arm/news/166413/
«Նոան» նվաճեց Հայաստանի գավաթը (տեսանյութ),"Ֆուտբոլի Հայաստանի չեմպիոն «Նոան» պաշտպանեց գավաթակրի տիտղոսը։ Երեւանի Վազգեն Սարգսյանի անվան «Հանրապետական» ստադիոնում տեղի ունեցած եզրափակիչ խորվաթ Սանդրո Պերկովիչի գլխավորած թիմը 4:2 հաշվով պարտության մատնեց «Ուրարտուին»։«Նոայից» դուբլի հեղինակ դարձավ խորվաթ հարձակվող Մարին Յակոլիշը։ Աչքի ընկան նաեւ պորտուգալացի հարձակվող Հելդեր Ֆերեյրան եւ գվադելուպցի պաշտպան Նաթանայել Սաինտինին։«Ուրարտուի» գոլերը խփեցին կիսապաշտպան Միքայել Միրզոյանն ու հարձակվող Էդիկ Վարդանյանը։Հայաստանի գավաթ, եզրափակիչ«Ուրարտու» - «Նոա»՝ 2:4 Միքայել Միրզոյան, 10, Էդիկ Վարդանյան, 74 - Հելդեր Ֆերեյրա, 26, Մարին Յակոլիշ, 45+1, 52, Նաթանայել Սաինտինի, 57Հետևեք NEWS.am SPORT-ին Facebook-ում, Twitter և Telegram-ում",Sport,https://sport.news.am/arm/news/166416/
Անչելոտին երկարաձգեց պայմանագիրը Բրազիլիայի հավաքականի հետ,"Ֆուտբոլի Բրազիլիայի հավաքականը երկարաձգեց պայմանագիրը թիմի իտալացի գլխավոր մարզիչ Կառլո Անչելոտիի հետ, հաղորդում է Բրազիլիայի ֆուտբոլային կոնֆեդերացիայի պաշտոնական կայքը։Անչելոտին պաշտոնում կմնա մինչեւ 2030թ․ աշխարհի առաջնության ավարտը։66-ամյա Անչելոտին անցած տարվա ամռանն է գլխավորել Բրազիլիայի հավաքականը, որը նրա օրոք անցկացրել է 10 հանդիպում, տարել է 5 հաղթանակ, գրանցել 2 ոչ ոքի, կրել 3 պարտություն։Հետևեք NEWS.am SPORT-ին Facebook-ում, Twitter և Telegram-ում",Sport,https://sport.news.am/arm/news/166417/
«Արարատ-Արմենիա-13»-ը՝ Մ-13 Հայաստանի գավաթակիր (տեսանյութ),"Ձորաղբյուրի մարզահամալիրում կայացավ ՀՀ ֆուտբոլի Հայաստանի Մ-13 տարեկանների Հայաստանի Գավաթի եզրափակիչ՝ «Ակադեմիա-13-1» - «Արարատ-Արմենիա-13» հանդիպումը։Հիմնական ժամանակում թիմերը 4 գոլ խփեցին, բայց հաղթողին չպարզեցին՝ 2։2։ Հետխաղյա 11-մետրանոց հարվածաշարում դիպուկ էին «Արարատ-Արմենիա-13»-ի խաղացողները՝ 4։3։Հայաստանի Մ-13 տարեկանների գավաթի եզրափակիչ«Ակադեմիա-13-1» - «Արարատ-Արմենիա-13»՝ 2։2 (3:4)Մարզադաշտ՝ Ձորաղբյուրի մարզահամալիրԳոլերը՝ Ալեքս Հարությունյան 28, Նարեկ Շահինյան 30, Աշոտ Մկրտչյան 35+1, Աշոտ Վարոսյան 35+3Հետևեք NEWS.am SPORT-ին Facebook-ում, Twitter և Telegram-ում",Sport,https://sport.news.am/arm/news/166418/
ԱԱ-2026․ Ֆրանսիայի հավաքականի հայտացուցակը,"Voici nos 26 Bleus qui représenteront la France à la  ! #FiersdetreBleus pic.twitter.com/CqKUzJpSK0Ֆուտբոլի Ֆրանսիայի հավաքականի գլխավոր մարզիչ Դիդիե Դեշամը հրապարակել է հայտացուցակը հունիս-հուլիսին ԱՄՆ-ում, Կանադայում եւ Մեքսիկայում անցկացվելիք աշխարհի առաջնության համար։Դարպասապահներ․ Մայք Մենիան («Միլան»), Բրիս Սամբա  («Ռեն»), Ռոբեն Ռիսեր («Լանս»)։Պաշտպաններ․ Լյուկա Դին («Աստոն Վիլա»), Մալո Գյուստո («Չելսի»), Լյուկա Էրնանդես (ՊՍԺ), Տեո Էրնանդես («Ալ Հիլյալ»), Իբրաիմա Կոնատե («Լիվերպուլ»), Ժյուլ Կունդե («Բարսելոնա»), Մաքսանս Լակրուա («Քրիսթալ Փելաս»), Ուիլյամ Սալիբա («Արսենալ»), Դայո Ուպամեկանո («Բավարիա»)։Կիսապաշտպաններ․ Նգոլո Կանտե («Ֆեներբահչե»), Կուադիո Կոնե («Ռոմա»), Ադրիեն Ռաբիո («Միլան»), Օրելիեն Տչուամենի («Ռեալ Մադրիդ»), Ուորեն Զաիր-Էմերի (ՊՍԺ), Մագն Ակլիուշ («Մոնակո»), Բրեդլի Բարկոլա (ՊՍԺ), Ռայան Շերկի («Մանչեսթեր Սիթի»), Ուսման Դեմբելե (ՊՍԺ), Դեզիրե Դուե (ՊՍԺ), Մայքլ Օլիսե («Բավարիա»)։Հարձակվողներ․ Կիլիան Մբապե («Ռեալ Մադրիդ»), Ժան-Ֆիլիպ Մատետա («Քրիսթալ Փելաս»), Մարկուս Տյուրամ («Ինտեր»)։Խմբային փուլում Ֆրանսիայի մրցակիցները կլինեն Սենեգալը, Նորվեգիան եւ Իրաքը։Հետևեք NEWS.am SPORT-ին Facebook-ում, Twitter և Telegram-ում",Sport,https://sport.news.am/arm/news/166419/
"«Ռեալը» հաղթեց հետնապահին եւ դարձյալ երկրորդ տեղում կավարտի առաջնությունը 
(տեսանյութ)","Իսպանիայի առաջնության 36-րդ տուրում Մադրիդի «Ռեալը» տանը մրցեց հետնապահ «Ռեալ Օվիեդոյի» հետ եւ հաղթեց 2:0 հաշվով։44-րդ րոպեին աչքի ընկավ իսպանացի հարձակվող Գոնսալո Գարսիան: 80-րդ րոպեին գոլի հեղինակ դարձավ անգլիացի կիսապաշտպան Ջուդ Բելինգեմը։«Ռեալը» վաստակեց 80 միավոր եւ առաջնությունը դարձյալ կավարտի երկրորդ տեղում։Երրորդ տեղում ընթացող «Վիլյառեալն» այս տուրում 2:3 հաշվով պարտվեց «Սեւիլիային» եւ ունի 69 միավոր։«Ռեալ Օվիեդոն» 29 միավորով վերջինն է եւ կլքի Լա Լիգան։Առաջնության ավարտին մնացել է երկու տուր։Հետևեք NEWS.am SPORT-ին Facebook-ում, Twitter և Telegram-ում",Sport,https://sport.news.am/arm/news/166420/
Լա Լիգա․ 36-րդ տուրի արդյունքներն ու մրցաշարային դրությունը,"Ֆուտբոլի Իսպանիայի Լա Լիգայի առաջնությունում ավարտվել են 36-րդ տուրի հանդիպումները։Մրցաշարային աղյուսակը գլխավորում է չեմպիոն «Բարսելոնան», որն ունի 91 միավոր: Երկրորդ տեղում «Ռեալ Մադրիդն» է՝ 80 միավոր: Առաջատարների եռյակը եզրափակում է «Վիլյառեալը»՝ 69 միավոր:Իսպանիայի առաջնություն, 36-րդ տուր«Սելտա» - «Լեւանտե»՝ 2:3«Բետիս» - «Էլչե»՝ 2:1«Օսասունա» - «Աթլետիկո Մադրիդ»՝ 1:2«Էսպանյոլ» - «Աթլետիկ Բիլբաո»՝ 2:0«Վիլյառեալ» - «Սեւիլիա»՝ 2:3«Ալավես» - «Բարսելոնա»՝ 1:0«Խետաֆե» - «Մալյորկա»՝ 3:1«Վալենսիա» - «Ռայո Վալիեկանո»՝ 1:1«Ժիրոնա» - «Ռեալ Սոսիեդադ»՝ 1:1«Ռեալ Մադրիդ» - «Ռեալ Օվիեդո»՝ 2:0Հետևեք NEWS.am SPORT-ին Facebook-ում, Twitter և Telegram-ում",Sport,https://sport.news.am/arm/news/166421/
Սանդրո Պերկովիչ. Արժանի էինք այս տիտղոսին (տեսանյութ),"Ֆուտբոլի Հայաստանի չեմպիոն «Նոայի» գլխավոր մարզիչ Սանդրո Պերկովիչը մեկնաբանել է Հայաստանի գավաթի խաղարկության եզրափակիչում տարած հաղթանակը:«Շնորհավորում եմ իմ ֆուտբոլիստներին: Մենք շատ ծանրաբեռնված խաղացանկ ունեինք, բայց թիմն իր մեջ ուժ գտավ եւ շատ լավ խաղ ցուցադրեց: Կարծում եմ՝ արժանի էինք այս հաղթանակին, տիտղոսին: Սա ապահովեց մեր մասնակցությունը Եվրագավաթում: Հույս ունեմ, որ այս փուլը մեզ համար կլինի տիտղոսների մրցաշրջան: Ցանկանում եմ շնորհակալություն հայտնել նաեւ բոլոր այն մարդկանց, որոնք եկել էի մարզադաշտ: Շատ հաճելի մթնոլորտ էր ամբողջ խաղի ընթացքում եւ մեզ համար հաճելի էր այդ մթնոլորտում խաղալ: Հույս ունեմ, որ առաջիկայում առաջնության խաղերում եւս կլինի այսպես, քանի որ հայկական ֆուտբոլն արժանի է դրան», - ասաց Սանդրո Պերկովիչը:Մայիսի 14-ին Երեւանի Վազգեն Սարգսյանի անվան «Հանրապետական» ստադիոնում տեղի ունեցած եզրափակիչում խորվաթ մասնագետի գլխավորած թիմը 4:2 հաշվով պարտության մատնեց «Ուրարտուին» եւ երրրորդ անգամ նվաճեց Հայաստանի գավաթի տիտղոսը: Հետևեք NEWS.am SPORT-ին Facebook-ում, Twitter և Telegram-ում",Sport,https://sport.news.am/arm/news/166422/
ԱԱ-2026․ Ճապոնիայի հավաքականի հայտացուցակը,"Ֆուտբոլի Ճապոնիայի հավաքականի գլխավոր մարզիչ Հաջիմե Մորիյասուն  հրապարակել է հայտացուցակը հունիս-հուլիսին ԱՄՆ-ում, Կանադայում եւ Մեքսիկայում անցկացվելիք աշխարհի առաջնության համար։Դարպասապահներ. Տոմոկի Հայակավա («Կասիմա Անտլերս»), Կեյսուկե Օսակո («Սանֆրեչե Հիրոսիմա»), Զիոն Սուձուկի («Պարմա»)։Պաշտպաններ.  Յուտո Նագատոմո («Տոկիո»), Սյոգո Տանիգուչի («Սենթ Տրույդեն»), Կո Իտակուրա («Այաքս»), Ցուեսի Վատանաբե («Ֆեյենորդ»), Տակեհիրո Տոմիյասու («Այաքս»), Հիրոկի Իտո («Բավարիա»), Այումու Սեկո («Հավր»), Յուկինարի Սուգավարա («Վերդեր»), Ջունոսուկե Սուձուկի («Կոպենհագեն»)։Կիսապաշտպաններ. Վատարու Էնդո («Լիվերպուլ»), Ձյունա Իտոն («Գենկ»), Դաիչի Կամադա («Քրիսթալ Փելաս»), Ռիցու Դոան («Այնտրախտ»), Աո Տանական («Լիդս Յունայթեդ»), Կեիտո Նակամուրա («Ռեյմս»), Կաիսու Սանո («Մայնց»), Տակեֆուսա Կուբո («Ռեալ Սոսիեդադ»), Յուիտո Սուձուկի («Ֆրայբուրգ»)։Հարձակվողներ. Կոկի Օգավա («ՆԵԿ Նեյմեհեն»), Այասե Ուեդա («Ֆեյենորդ»), Դայձեն Մաեդա («Սելթիկ»), Կեիսուկե Գոտո («Սենթ Տրույդեն»), Կենտո Սիոգայի («Վոլֆսբուրգ»)։Խմբային փուլում Ճապոնիայի մրցակիցները կլինեն Նիդերլանդները, Շվեդիան եւ Թունիսը։Հետևեք NEWS.am SPORT-ին Facebook-ում, Twitter և Telegram-ում",Sport,https://sport.news.am/arm/news/166423/
Ռոբերտ Արզումանյան. «Նոան» արժանիորեն հաղթեց,"«Ուրարտուի» գլխավոր մարզիչ Ռոբերտ Արզումանյանը մեկնաբանել է Հայաստանի գավաթի եզրափակիչում «Նոայից» կրած պարտությունը: Մայիսի 14-ին Երեւանի Վազգեն Սարգսյանի անվան «Հանրապետական» ստադիոնում տեղի ունեցած եզրափակիչում «Ուրարտուն» 2:4 հաշվով պարտություն կրեց Հայաստանի չեմպիոն «Նոայից» եւ չկարողացավ նվաճել գավաթը:«Կարծում եմ՝ խաղի արդյունքը կարող էր փոխվել, եթե մենք 1:0 հաշվից հետո մեր երկրորդ գնդակը հեղինակեինք: Նույնիսկ երկրորդ եւ երրորդ հնարավորությունն ունեինք: Այդ շանսը բաց թողեցինք մեր վտանգավոր գրոհը ավարտին չհասցնելու պատճառով: Իհարկե, գիտակցում էինք, որ ուժեղ, որակով եւ փորձառու ֆուտբոլիստների դեմ ենք խաղում: Գիտեինք, որ եթե պետք է տառապեինք դաշտում, պետք է տառապեինք, ինչն էլ անում էին մեր ֆուտբոլիստները:Շնորհակալ եմ տղաներին մեծ աշխատանքի համար: Մինչեւ վերջ տվեցին խաղադաշտում, ինչ ունեին: Ամեն դեպքում՝ 4 գոլը մի քիչ շատ էր: Երկրորդ խաղակեսում գրեթե 5 րոպեում հաշիվը դարձավ 1:4: Մինչեւ վերջ պայքարեցինք՝ 2:4: Կարող էինք նաեւ երրորդ գոլը խփել, ժամանակ ունեինք, բայց չստացվեց: «Նոան» արժանիորեն հաղթեց, շնորհավորում եմ»,- ասել է Ռոբերտ Արզումանյանը:Հետևեք NEWS.am SPORT-ին Facebook-ում, Twitter և Telegram-ում",Sport,https://sport.news.am/arm/news/166424/
Մբապե. Տխուր է մրցաշրջանն ավարտել առանց տիտղոսների,"Իսպանիայի փոխչեմպիոն Մադրիդի «Ռեալի» ֆրանսիացի հարձակվող Կիլիան Մբապեն Լա Լիգայի  36-րդ տուրից հետո մեկնաբանել է թիմի մրցելույթներն ավարտվող մրցաշրջանում։«Մրցաշրջանը լավ սկսեցինք, բայց երկրորդ կեսում ամեն ինչ կորցրինք։ Այդպես էլ է պատահում։ Ցավալի է, քանի որ ունեինք կառուցվածք եւ խաղային ոճ, որն էլ կորցրինք։ Տխուր է մրցաշրջանն ավարտել առանց տիտղոսների։ Պետք է ընդունենք, որ մարդիկ դժգոհ են եւ քննադատում են։ Հաջորդ մրցաշրջանում պետք է շտկենք ամեն ինչ»,- Մբապեի խոսքը մեջբերում է Diario AS-ը։Իսպանիայի առաջնության 36-րդ տուրում Մադրիդի «Ռեալը» տանը մրցեց հետնապահ «Ռեալ Օվիեդոյի» հետ եւ հաղթեց 2:0 հաշվով: «Ռեալը» վաստակեց 80 միավոր եւ առաջնությունը դարձյալ կավարտի երկրորդ տեղում։Հետևեք NEWS.am SPORT-ին Facebook-ում, Twitter և Telegram-ում",Sport,https://sport.news.am/arm/news/166425/
Հայաստանը 21 մասնակից կունենա սամբոյի ԵԱ-ում,"Մայիսի 16-17-ը Վրաստանի մայրաքաղաք Թբիլիսում տեղի կունենա սամբոյի Եվրոպայի առաջնությունը։ Սամբոյի Հայաստանի հավաքականը ԵԱ-ին կմասնակցի ամբողջական կազմով՝ 21 մարզիկով: Սամբիստների հետ Մրցավայր կմեկնեն նաև մարզիչներ Վովիկ Խոջայանը, Հայկ Ավետիսյանը, Գագիկ Ղազարյանը, Մարիամ Հովհաննիսյանը, քարտուղար Հասմիկ Ռշտունին եւ պատվիրակության ղեկավար, ՀՍՖ նախագահ Միքայել Հայրապետյանը:Հայաստանի սամբոյի ֆեդերացիան ներկայացրել է ԵԱ կազմը:Մարզական սամբոՏղամարդիկ՝ Կարեն Սարգսյան (58 կգ), Գեւորգ Մանուկյան (64 կգ), Արամ Աղաջանյան (71 կգ), Բորիս Շատվերյան (79 կգ), Գոռ Հարությունյան (88 կգ), Արսեն Հայրապետյան (98 կգ), Դավիթ Հարությունյան (98+ կգ):Կանայք` Աննա Այվազյան (50 կգ), Արփինե Մնացականյան (54 կգ), Անի Մարտիրոսյան (59 կգ), Մելինե Մամիկոնյան (65 կգ), Սեդա Արամյան (72կգ), Եկատերինա Ժիգալովա (80 կգ), Աննա Մկրտչյան (80+ կգ):Մարտական սամբոՆարեկ Գոգինյան (58 կգ), Մայիս Ներսեսյան (64 կգ), Արսեն Ավեդիսյան (71 կգ), Գեւորգ Ազատյան (79 կգ), Ավետիք Պողոսյան (88 կգ), Լեոնիդ Մելիքյան (98 կգ), Մխիթար Թեմուրյան (98+ կգ):Հետևեք NEWS.am SPORT-ին Facebook-ում, Twitter և Telegram-ում",Sport,https://sport.news.am/arm/news/166426/
"Լոնդոնի «Արսենալի» նոր համազգեստը (ֆոտո, վիդեո)","Անգլիայի փոխչեմպիոն Լոնդոնի «Արսենալը» ներկայացրել է նոր համազգեստը, որով հաջորդ մրցաշրջանում կանցկացնի տնային հանդիպումները։«Արսենալի» տեխնիկական հովանավորը Adidas ընկերությունն է։Անգլիայի Պրեմիեր լիգայի առաջնությունում «Արսենալը» գլխավորում է մրցաշարային աղյուսակը՝ 79 միավոր: Երկրորդ տեղում «Մանչեսթեր Սիթին է՝ 74 միավոր: Հետևեք NEWS.am SPORT-ին Facebook-ում, Twitter և Telegram-ում",Sport,https://sport.news.am/arm/news/166427/
Մոուրինյոն վերադառնում է «Ռեալ»,"Պորտուգալական «Բենֆիկայի» գլխավոր մարզիչ, պորտուգալացի մասնագետ Ժոզե Մոուրինյոն վերադառնում է Մադրիդի «Ռեալ»:Correio da Manhã-ի փոխանցմամբ, Արքայական ակումբի ղեկավարությունը համաձայնության է հասել Լիսաբոնի «Բենֆիկայի» հետ: Պորտուգալական ակումբը կստանա 7 միլիոն եվրո փոխհատուցում։«Ռեալը» Մոուրինյոյին պաշտոնապես կներկայացնի հաջորդ շաբաթ։Մոուրինյոն «Ռեալը» գլխավորել է 2010–2013 թվականներին՝ նվաճելով Իսպանիայի չեմպիոնի, գավաթակրի եւ սուպերգավաթակրի կոչումները։Հետևեք NEWS.am SPORT-ին Facebook-ում, Twitter և Telegram-ում",Sport,https://sport.news.am/arm/news/166428/
20 տարի անց Հայաստանը ներկայացուցիչ ունի կանանց ըմբշամարտի ԵԱ-ում,"Բուլղարիայի Սամոկով քաղաքում անցկացվող Եվրոպայի մինչեւ 17 տարեկանների առաջնությունում Հայաստանը 20 տարվա դադարից հետո առաջին անգամ ներկայացուցիչ է ունեցել կանանց մրցաշարում, այս անգամ երիտասարդների պայքարում:46 կգ քաշային կարգում մրցագորգ դուրս եկավ 17-ամյա Արիանա Մարտիրոսյանը, որը, սակայն, պարտվեց մեկնարկային գոտեմարտում:Հայաստանը ներկայացնող առաջին հայ կին ըմբիշը եղել է Կարինե Շադոյանը, որը 2006 թ. Մոսկվայում անցկացված մեծահասակների Եվրոպայի առաջնությունում 72 կգ քաշային կարգում նվաճել է բրոնզե մեդալ:Հետևեք NEWS.am SPORT-ին Facebook-ում, Twitter և Telegram-ում",Sport,https://sport.news.am/arm/news/166429/
ՄՕԿ-ը հաստատել է բռնցքամարտի օլիմպիական վարկանիշային մրցաշարերը,"Միջազգային Օլիմպիական Կոմիտեն (ՄՕԿ) հաստատել է Բռնցքամարտի միջազգային ֆեդերացիայի (World Boxing) կողմից ներկայացված Լոս Անջելես-2028 Օլիմպիական խաղերի վարկանիշային մրցաշարերի ծրագիրը: Այս մասին հաղորդում է ՀԱՕԿ-ը:Տղամարդկանց եւ կանանց օլիմպիական 7-ական քաշային կարգերում հանդես կգան  248  բռնցքամարտիկ՝ 124 տղամարդ, 124 կին։ Տղամարդկանց քաշային կարգերն են՝ 55 կգ,  60 կգ,  65 կգ,  70 կգ,  80 կգ,  90 կգ եւ + 90 կգ,  կանանց՝  51 կգ, 54 կգ, 57 կգ, 60 կգ,  65 կգ, 70 կգ եւ + 75 կգ:Օլիմպիական վարկանիշային մրցաշարերը կանցկացվեն 4 փուլով՝ աշխարհի առաջնություն, մայրցամաքային առաջնություններ եւ երկու վարկանիշային մրցաշար:2027 թ. ապրիլին Ղազախստանում անցկացվելիք աշխարհի առաջնությունը կլինի առաջին վարկանիշային մրցաշարը: Երկրորդ փուլը կլինի մայրցամաքային առաջնությունները: Եվրոպական գոտու համար վարկանիշային կլինի 2027 թ. անցկացվելիք Եվրոպական խաղերը: Երրորդ եւ չորրորդ փուլերը կլինեն 2028 թ. մինչեւ մայիսի 31-ն անցկացվելիք երկու վարկանիշային մրցաշարերը:Որակավորման փուլերը եւ Լոս Անջելես-2028 Օլիմպիական խաղերի բռնցքամարտի մրցաշարը կանցկացնի World Boxing-ը,  որը ՄՕԿ-ի կողմից ճանաչված բռնցքամարտի միջազգային ֆեդերացիան է։Հետևեք NEWS.am SPORT-ին Facebook-ում, Twitter և Telegram-ում",Sport,https://sport.news.am/arm/news/166430/
ԱԱ-2026․ Բելգիայի հավաքականի հայտացուցակը,"Ֆուտբոլի Բելգիայի հավաքականի գլխավոր մարզիչ Ռուդի Գարսիան  հրապարակել է հայտացուցակը հունիս-հուլիսին ԱՄՆ-ում, Կանադայում եւ Մեքսիկայում անցկացվելիք աշխարհի առաջնության համար։Դարպասապահներ. Տիբո Կուրտուա («Ռեալ Մադրիդ»), Սենե Լամես («Մանչեսթեր Յունայթեդ»), Մայք Պենդերս («Ստրասբուրգ»):Պաշտպաններ. Տիմոտի Կաստան («Ֆուլհեմ»), Զենո Դեբաստ («Սպորտինգ»), Մաքսիմ Դե Կույպեր («Բրյուգե»), Կոնի դե Վինտեր («Միլան»), Բրանդոն Մեխելե («Բրյուգե»), Տոմա Մենիե («Լիլ»), Նատան Նգոյ («Լիլ»), Խոակին Սեյս («Բրյուգե»), Արթուր Տեատե («Այնտրախտ Ֆրանկֆուրտ»)։Կիսապաշտպաններ․ Կեւին Դե Բրույնե («Նապոլի»), Ամադու Օնանա («Աստոն Վիլա»), Նիկոլաս Ռասկին («Գլազգո Ռեյնջերս»), Յուրի Տիլեմանս («Աստոն Վիլա»), Հանս Վանակեն («Բրյուգե»), Ակսել Վիտսել («Ժիրոնա»):Հարձակվողներ․ Շառլ դե Կետելարե («Ատալանտա»), Ջերեմի Դոկու («Մանչեսթեր Սիթի»), Մատիաս Ֆերնանդես Պարդո («Լիլ»), Ռոմելու Լուկակու («Նապոլի»), Դոդի Լուկեբակիո («Բենֆիկա»), Դիեգու Մորեյրա («Ստրասբուրգ»), Ալեքսիս Սալեմակերս («Միլան»), Լեոնարդո Տրոսարդ («Արսենալ»):Խմբային փուլում Բելիգիայի մրցակիցները կլինեն Եգիպտոսը, Իրանը եւ Նոր Զելանդիան:   Հետևեք NEWS.am SPORT-ին Facebook-ում, Twitter և Telegram-ում",Sport,https://sport.news.am/arm/news/166431/
Հայաստանը երկու ներկայացուցիչ կունենա Silk Way Series Astana մրցաշարում,"Հեծանվային սպորտի Հայաստանի հավաքականի անդամներ Էդուարդ Գրիգորյանը եւ Դավիթ Մաթեւոսյանը կմասնակցեն Աստանայում անցկացվելիք Silk Way Series միջազգային մրցաշարերի շարքին:Հայ հեծանվորդները կմրցեն հեծանվահրապարակ մրցաձեւում եւ կունենան երկու մեկնարկ:Մայիսի 15-16-ը տեղի կունենա Silk Way Series Աստանա-1 մրցաշարը, մայիսի 17-ին՝ Silk Way Series  Աստանա-2 մրցաշարը:Հայաստանի թիմը գլխավոր մարզիչ Դավիթ Մկրտչյանի ղեկավարությամբ արդեն մրցավայրում է եւ պատրաստվում են մեկնարկին:Հետևեք NEWS.am SPORT-ին Facebook-ում, Twitter և Telegram-ում",Sport,https://sport.news.am/arm/news/166432/
"ԵԱ Մ-17. Սուրեն Իշխանյանն ադրբեջանցու նկատմամբ տպավորիչ հաղթանակով 
եզրափակիչում է՝ 15:4","Բուլղարիայի Սամոկով քաղաքում անցկացվող ազատ ոճի ըմբշամարտի Եվրոպայի մինչեւ 17 տարեկանների առաջնությունում Հայաստանի ներկայացուցիչ Սուրեն Իշխանյանը ադրբեջանցու նկատմամբ հաղթանակով դուրս եկավ եզրափակիչ:55 կգ քաշայինների կիսաեզրափակիչում Հայաստանի ներկայացուցիչը մրցեց Ադրբեջանի ներկայացուցիչ Աբաս Շաֆիեւի հետ եւ  հաղթեց բացարձակ առավելությամբ՝ 15:4 հաշվով: Հայ ըմբիշը մրցակցին բռնվածքից դուրս գալու ոչ մի հնարավորություն չտվեց:Երզափակիչում Իշխանյանը ոսկե մեդալը կվիճարկի Ռուսաստանը ներկայացնող Օսման Տեմիրսուլտանովի հետ: Հետևեք NEWS.am SPORT-ին Facebook-ում, Twitter և Telegram-ում",Sport,https://sport.news.am/arm/news/166433/
Արտերկրում հանդես եկող 11 ֆուտբոլիստ հրավիրվել է Հայաստանի հավաքական,"Ֆուտբոլի Հայաստանի հավաքականի գլխավոր մարզիչ Եղիշե Մելիքյանը արտերկրում խաղացող 11 ֆուտբոլիստ է հրավիրել է ազգային թիմ, հաղորդում է ՀՖՖ-ի մամուլի ծառայությունը:Վահան Բիչախչյանը, Ֆինն Գերագուսյանը, Ստյոպա Մկրտչյանը և Ուգոչուկվու Իվուն չեն միանա ազգային թիմին վնասվածքի պատճառով:Հավաքականը կպատրաստվի Ղազախստանի և Մոլդովայի դեմ ընկերական հանդիպումներին։Հետևեք NEWS.am SPORT-ին Facebook-ում, Twitter և Telegram-ում",Sport,https://sport.news.am/arm/news/166434/
Դե Լիգտը վիրահատվել է եւ բաց կթողնի ԱԱ-2026-ը,"Անգլիական «Մանչեսթեր Յունայթեդի» եւ Նիդերլանդների հավաքականի պաշտպան Մատեյս դե Լիգտը հաջողությամբ վիրահատվել է մեջքի վնասվածքից հետո։ Այդ մասին Դե Լիգտը հրապարակում է արել Ինստագրամում։Դե Լիգտը մեջքի վնասվածքի պատճառով խաղադաշտ դուրս չի եկել անցած տարվա նոյեմբերից։ Նա բաց կթողնի հունիս-հուլիսին ԱՄՆ-ում, Կանադայում եւ Մեքսիկայում անցկացվելիք աշխարհի առաջնությունը։ Սպասվում է, որ Դե Լիգտը խաղադաշտ կվերադառնա հաջորդ մրցաշրջանի սկզբում։Դե Լիգտը Նիդերլանդների հավաքականի կազմում մասնակցել է 2021թ․ եւ 2024թ․ Եվրոպայի առաջնություններին եւ 2022թ․ աշխարհի առաջնությանը։Հետևեք NEWS.am SPORT-ին Facebook-ում, Twitter և Telegram-ում",Sport,https://sport.news.am/arm/news/166435/
«Բավարիան» երկարաձգեց պայմանագիրը 40-ամյա Մանուել Նոյերի հետ,"Գերմանիայի չեմպիոն Մյունխենի «Բավարիան» երկարաձգեց պայմանագիրը թիմի գերմանացի դարպասապահ Մանուել Նոյերի հետ, հաղորդում է ակումբի կայքը։ 40-ամյա ֆուտբոլիստի նոր պայմանագիրը նախատեսված է մինչեւ հաջորդ մրցաշրջանի ավարտը։Ավելի վաղ հայտնի էր դարձել, որ Նոյերի աշխատավարձը կկրճատվի։ Այժմ նա ստանում է տարեկան 20 միլիոն եվրո մինչեւ հարկերի վճարումը։Նոյերը «Բավարիայում» է հանդես գալիս 2011 թվականից, նվաճել է 33 տիտղոս։ Նա մյունխենյան թիմի հետ դարձել է Գերմանիայի 13-ակի չեմպիոն, Չեմպիոնների լիգայի կրկնակի գավաթակիր։Հետևեք NEWS.am SPORT-ին Facebook-ում, Twitter և Telegram-ում",Sport,https://sport.news.am/arm/news/166436/
ԱԱ-2026․ Կոտ դ’Իվուարի հավաքականի հայտացուցակը,"Ֆուտբոլի Կոտ դ’Իվուարի հավաքականը հրապարակել է կազմը, որը կպատրաստվի հունիսի 11-ից հուլիսի 19-ը ԱՄՆ-ում, Մեքսիկայում եւ Կանադայում անցկացվելիք աշխարհի առաջնությանը։Դարպասապահներ․ Յահյա Ֆոֆանա («Ռիզեսպոր»), Մոհամեդ Կոնե («Շարլերուա»), Ալբան Լաֆոն («Պանատինաիկոս»)։Պաշտպաններ․ Էմանուել Ագբադու («Բեշիկթաշ»), Կլեման Ակպա («Օսեր»), Ուսման Դիոմանդե («Սպորտինգ»), Գելա Դուե («Ստրասբուրգ»), Գիսլեն Քոնան («Ժիլ Վիսենտե»), Օդիլոն Կոսունու («Ատալանտա»), Էվան Նդիկա («Ռոմա»), Ուիլֆրիդ Սինգո («Գալաթասարայ»)։Կիսապաշտպաններ․ Սեկո Ֆոֆանա («Պորտու»), Պարֆե Գիագոն («Շարլերուա»), Քրիսթ Ինաո Ուլայ («Տրաբզոնսպոր»), Ֆրանկ Կեսիե («Ալ Ահլի»), Իբրահիմ Սանգարե («Նոթինգեմ Ֆորեսթ»), Ժան-Միկել Սերի («Մարիբոր»), Սիմոն Ադենգրա («Մոնակո»), Ամադ Դիալո («Մանչեսթեր Յունայթեդ»), Նիկոլյա Պեպե («Վիլյառեալ»)։Հարձակվողներ․ Անժ-Յոան Բոնի («Ինտեր»), Օմար Դիակիտե («Սերկլ Բրյուգե»), Էվան Գեսան («Քրիսթալ Փելաս»), Բազումանա Տուրե («Հոֆենհայմ»), Էլիե Վաի («Նիցա»), Յան Դիոմանդե («ՌԲ Լայպցիգ»)։Խմբային փուլում Կոտ դ’Իվուարի մրցակիցները կլինեն Էկվադորը, Գերմանիան եւ Կյուրասաոն։Հետևեք NEWS.am SPORT-ին Facebook-ում, Twitter և Telegram-ում",Sport,https://sport.news.am/arm/news/166437/
Հայաստանի Պրեմիեր լիգա․ Մեկնարկում է նախավերջին տուրը,"Ֆուտբոլի Հայաստանի Պրեմիեր լիգայի առաջնությունում մայիսի 16-19-ին տեղի կունենան նախավերջին տուրի հանդիպումները։Հայաստանի առաջնություն, 26-րդ տուր«Վան» - «Ալաշկերտ»՝ 16:00Մայիսի 17ԲԿՄԱ - «Արարատ-Արմենիա»՝ 19:00Մայիսի 18«Շիրակ» - «Ուրարտու»՝ 17:00«Գանձասար» - «Փյունիկ»՝ 19:00Մայիսի 19«Նոա» - «Արարատ»՝ 19:00Հետևեք NEWS.am SPORT-ին Facebook-ում, Twitter և Telegram-ում",Sport,https://sport.news.am/arm/news/166438/
«Աստոն Վիլան» պարտության մատնեց «Լիվերպուլին» (տեսանյութ),"Անգլիայի Պրեմիեր լիգայի առաջնության նախավերջին տուրում «Աստոն Վիլան» ընդունեց անցած մրցաշրջանի չեմպիոն «Լիվերպուլին» եւ առավելության հասավ 4:2 հաշվով։42-րդ րոպեին հանդիպման հաշիվը բացեց «Աստոն Վիլայի» անգլիացի կիսապաշտպան Մորգան Ռոջերսը։52-րդ րոպեին պատասխան գոլը խփեց հյուրերի հոլանդացի պաշտպան Վիրջին վան Դեյքը։57-րդ րոպեին «Աստոն Վիլային» առաջ մղեց անգլիացի հարձակվող Օլի Ուոթքինսը, որը 73-րդ րոպեին նաեւ դուբլ ձեւակերպեց։89-րդ րոպեին դաշտի տերերի չորրորդ գոլը խփեց շոտլանդացի կիսապաշտպան Ջոն Մաքգինը։Ավելացված երկրորդ րոպեին իր երկրորդ գոլը խփեց Վիրջիլ վան Դեյքը։«Աստոն Վիլան» 62 միավորով բարձրացավ չորրորդ տեղ՝ ապահովելով Չեմպիոնների լիգայի ուղեգիր, «Լիվերպուլը» նահանջեց 5-րդ տեղ՝ 59 միավոր։Անգլիայի առաջնություն, 37-րդ տուր«Աստոն Վիլա» - «Լիվերպուլ»՝ 4:2 (տեսանյութ)Մորգան Ռոջերս, 42, Օլի Ուոթքինս, 57, 73, Ջոն Մաքգին, 89 - Վիրջիլ վան Դեյք, 52, 90+2Հետևեք NEWS.am SPORT-ին Facebook-ում, Twitter և Telegram-ում",Sport,https://sport.news.am/arm/news/166439/
Մոուրինյո․ Հաջորդ շաբաթը կարեւոր է իմ ապագայի համար,"«Բենֆիկայի» գլխավոր մարզիչ Ժոզե Մոուրինյոն հրաժարվել է պորտուգալական ակումբի հետ քննարկել պայմանագրի երկարաձգումը։Պորտուգալացի մասնագետի գործող պայմանագիրը նախատեսված է մինչեւ հաջորդ մրցաշրջանի ավարտը։«Պայմանագրի վերաբերյալ նոր առաջարկ ունեի «Բենֆիկայից», բայց ես ասացի, որի հիմա դրա ժամանակը չէ։ Հաջորդ շաբաթը կարեւոր է իմ ապագայի համար»,- Մոուրինյոյի խոսքը մեջբերում է x.com/FabrizioRomano-ն։Այժմ Մոուրինյոյի հետ բանակցում է Իսպանիայի փոխչեմպիոն Մադրիդի «Ռեալը»։Հետևեք NEWS.am SPORT-ին Facebook-ում, Twitter և Telegram-ում",Sport,https://sport.news.am/arm/news/166440/
NBA. «Սան Անտոնիոն» դուրս եկավ կիսաեզրափակիչ (տեսանյութ),"«Սան Անտոնիո Սփյորսը» դուրս եկավ Բասկետբոլի ազգային ասոցիացիայի փլեյ-օֆֆի կիսաեզրափակիչ (Արեւելյան կոնֆերենցիայի եզրափակիչ)։6-րդ խաղում «Սան Անտոնիոն» 139:109 հաշվով հաղթեց «Մինեսոտա Թիմբերվուլվզին»՝ շարքի ընդհանուր հաշիվը դարձնելով 4:2:«Սան Անտոնիոյի» կազմում ամենաարդյունավետն աներիկացի պաշտպան Էնթոնի Էդվարդսն էր, որը վաստակեց 24 միավոր։Փլեյ-օֆֆի կիսաեզրափակիչում «Սան Անտոնիոյի» մրցակիցը կլինի գործող չեմպիոն «Օկլահոմա Սիթի Թանդերը», որը 4:0 ընդհանուր հաշվով պայքարից դուրս էր թողել «Լոս Անջելես Լեյքերսին»։Հետևեք NEWS.am SPORT-ին Facebook-ում, Twitter և Telegram-ում",Sport,https://sport.news.am/arm/news/166441/
Անգլիայի գավաթի եզրափակիչ. «Չելսիի» եւ «Մանչեսթեր Սիթիի» մեկնարկային կազմերը,"Լոնդոնի «Չելսին» ու «Մանչեսթեր Սիթին» կվիճարկեն Անգլիայի գավաթը։ Հայտնի են թիմերի մեկնարկային կազմերը։«Չելսի». Սանչես, Ֆոֆանա, Գուստո, Քոլուիլ, Հաթո, Կայսեդո, Ջեյմս, Կուկուրելյա, Ֆերնանդես, Փալմեր, Պեդրո։«Մանչեսթեր Սիթի». Տրաֆորդ, Գեհի, Խուսանով, Նունես, Օ'Ռայլի, Գոնսալես, Սիլվա, Գոնսալես, Սեմենյո, Շերկի, Դոկու, Հոլանդ։Եզրափակիչը կմեկնարկի Երեւանի ժամանակով 18:00-ին։Հետևեք NEWS.am SPORT-ին Facebook-ում, Twitter և Telegram-ում",Sport,https://sport.news.am/arm/news/166442/
«Ալաշկերտն» ուժեղ էր «Վանից» (տեսանյութ),"Հայաստանի Պրեմիեր լիգայի առաջնության 26-րդ տուրում Երեւանի «Ալաշկերտը» հյուրընկալվեց Չարենցավանի «Վանին» եւ առավելության հասան 1։0 հաշվով։57-րդ րոպեին 11-մետրանոցն արդյունավետ իրացրեց կիսապաշտպան Կարեն Նալբանդյանը։Ավելացված չորրորդ րոպեին «Վանից» հայիթցի հարձակվող Ջոնել Դեզիրեն չկարողացավ արդյունավետ իրացնել 11-մետրանոցը։«Ալաշկերտը» 50 միավորով երկրորդն է, «Վանը» 6-րդն է՝ 31 միավոր։Հետևեք NEWS.am SPORT-ին Facebook-ում, Twitter և Telegram-ում",Sport,https://sport.news.am/arm/news/166443/
«Մանչեսթեր Սիթին» նվաճեց Անգլիայի գավաթը (տեսանյութ),"Լոնդոնի «Ուեմբլի» ստադիոնում անցկացված Անգլիայի գավաթի խաղարկության եզրափակիչում «Մանչեսթեր Սիթին» 1:0 հաշվով հաղթեց աշխարհի ակումբային չեմպիոն Լոնդոնի «Չելսիին»։Միակ գոլը 72-րդ րոպեին նորվեգացի հարձակվող Էրլինգ Հոլանդի փոխանցումից հետո խփեց գանացի հարձակվող Անտուան Սեմենյոն։«Մանչեսթեր Սիթին» 8-րդ անգամ նվաճեց Անգլիայի գավաթը։Հետևեք NEWS.am SPORT-ին Facebook-ում, Twitter և Telegram-ում",Sport,https://sport.news.am/arm/news/166445/
Հարի Քեյնի հեթ-տրիկը նպաստեց «Բավարիայի» հաղթանակին (տեսանյութ),"Finishing the season in  pic.twitter.com/KZpJBRnSk9Գերմանիայի Բունդեսլիգայի վերջին տուրում նորընծա չեմպիոն «Բավարիան» Մյունխենում 5:1 հաշվով պարտության մատնեց «Քյոլնին»։ Հեթ-տրիկի հեղինակ դարձավ անգլացի հարձակվող Հարի Քեյնը։ Դաշտի տերերից աչքի ընկան նաեւ գերմանացի կիսապաշտպան Թոմ Բիշոֆն ու սենեգալցի հարձակվող Նիկոլաս Ջեքսոնը։«Բավարիան» առաջնությունն ավարտեց 89 միավորով։Harry Kane is the Bundesliga’s top scorer once again! What a season @HKane pic.twitter.com/VnATk2hTSx

Երկրորդ տեղը գրավեց Դորտմունդի «Բորուսիան», որը 2:0 հաշվով հաղթեց «Վերդերին» եւ վաստակեց 73 միավոր։Լավագույն եռյակը եզրափակեց «ՌԲ Լայպցիգը», որը 4:1 հաշվով հաղթեց «Ֆրայբուրգին» եւ վաստակեց 65 միավոր։Գերմանիայի առաջնություն, 34-րդ տուր«Բավարիա» - «Քյոլն»՝ 5:1 (տեսանյութ)Հարի Քեյն, 10, 13, 69, Թոմ Բիշոֆ, 22, Նիկոլաս Ջեքսոն, 83 – Սաիդ Էլ-Մալա, 18«Վերդեր» - «Բորուսիա Դորտմունդ»՝ 0:2 (տեսանյութ)Սերու Գիրասի, 59, Յան Կոուտո, 90+5«Ֆրայբուրգ» - «ՌԲ Լայպցիգ»՝ 4:1 (տեսանյութ)Յան-Նիկլաս Բեստե, 24, Իգոր Մատանովիչ, 26, Մատիաս Գինտեև, 47, Դերի Շերհանթ, 75 – Ասան Ուեդրաոգո, 33Հետևեք NEWS.am SPORT-ին Facebook-ում, Twitter և Telegram-ում",Sport,https://sport.news.am/arm/news/166446/
